Date_x,이자보상율,"EPS(지배, Adj.)(원/주)",매입채무회전율,재고자산회전율(비율),당기순이익(천원),유동자산(천원),매출총이익(천원),유동비율(비율),인당매출s,Opex Margin,이익잉여금(천원),매출액(천원),부채총계(천원),매출액증가율(YoY)(연도),영업이익증가율(YoY)(연도),매출액이익률(비율),채무총계,EBITDA2증가율(YoY)(비율),순이익률(비율),순이익증가율(YoY)(비율),ROA(비율),유형자산감상비 누계,영업이익(천원),매출채권회전율,운전자본증감(천원),순부채(천원),ROE(지배)(비율),SG&A,인당순이익s,무형자산회전율s,매출원가(천원),부채비율(비율),EBIT(천원),EPS증가율(YoY)(비율),투자비 대비 매출 (Rev/GI)s,자산총계(천원),영업이익률(비율),Gross Investment (GI),비유동자산(천원),단기투자자산,ROGI(%),무형자산,총자산회전율(비율),비유동비율(천원),자본금(천원),"BPS(지배, Adj.)(원/주)",Free Cash Flow2(천원),인당영업이익s,무형자산감상비 누계,EBITDA2(천원),현금배당성향(%),자기자본비율,EBITDA2마진율(비율),CAPEX(천원),BPS증가율(YoY)(비율),close,close_weighted,EV_EBITDA,PBR
2006-12-01,95000.0,0.06,0.147741935483871,0.6690461538461538,249.0,1639,1041.4,2.17,0.06296473134708429,0.7137601177336278,1350,1087.2,840,0.5079056865464633,0.4278557114228458,100.0,13,0.4392124082845732,23.2,0.497294046903187,41.56,-205,285.0,-13.69269521410579,538.6,-155,59.28,731.5,0.01376527883880825,56.51714285714286,45.8,45.65217391304348,285.0,0.5,2.458150397619169,2680,26.22,1840,1041,226,0.6580332409972299,70,1.88,0.566068515497553,22,10.56254629380412,351.6,0.0151180926916221,-8,309.92,0.2165807219357398,68.65671641791045,28.5,49.45,-0.1694503979293157,4.96502278269967,5.25436393593285,24.91,7.11
2007-03-01,3725.925925925926,0.07,0.89375,0.6455995599559956,271.7,1828,887.7,2.22,0.06108032430437189,0.7083581835221948,1559,1173.7,1006,0.1975308641975309,0.4516594516594516,80.33,118,0.4490968443960828,23.41,0.3524141363862616,39.02,-234,301.8,-14.78211586901763,769.9,-157,56.74,554.8,0.01374259651364375,59.28285714285714,286.0,49.0014612761812,301.8,-0.2999999999999999,2.33428680225137,3059,25.71,2092,1231,324,0.5925631564007947,70,1.71,0.5996103263516804,23,11.39251035458606,493.0,0.01533571163843197,-11,332.93,0.3239898070622497,67.11343576332135,28.36,90.29,0.5752004975340488,5.975072490794295,5.02980825265946,23.31,6.59
2007-06-01,4878.787878787879,0.15,0.3734636871508379,0.6252113376429637,293.3,2021,1123.6,1.99,0.06117543198294442,0.6265012328004453,1930,1257.3,1192,0.3709519136408244,0.5480769230769231,90.64,108,0.3853013530135303,23.54,0.5056468172484598,37.46,-274,322.0,-15.83501259445844,242.5,-84,55.1,808.3,0.014069387997901,64.14285714285714,133.7,49.13437757625722,284.7,2.0,2.221823139791808,3618,22.64,2582,1597,239,0.5449902723735408,70,1.61,0.658285243198681,24,11.21850424991573,181.3,0.0157877699806184,-13,315.35,0.2419736397431565,67.05362078496407,25.07,60.73,-0.1224182604033517,6.952813026337513,5.88417082237982,20.76,5.53
2007-09-01,4144.000000000001,0.08,0.3579081632653062,0.5912295786758384,310.2,2336,1235.0,2.42,0.06177759029492558,0.5990401396160558,2213,1375.2,1151,0.4151059888866022,0.2481927710843375,91.12,109,0.2688691419932894,22.59,0.4087193460490464,35.175,-310,310.8,-17.31989924433249,385.8,-116,51.425,890.9,0.01418939830293166,69.90571428571428,140.3,42.3629002576371,310.8,0.3333333333333335,2.116525588673342,3868,22.6,2879,1532,272,0.5201495820501539,70,1.54,0.5638571954361428,25,10.37808527567715,261.6,0.01545642594143378,-15,344.13,0.2343850611719253,70.24301964839711,25.02,62.88,-0.1275189516866977,7.20346865267086,7.08559270620308,18.6,4.65
2008-03-01,790.6493506493506,0.08,0.3430084745762712,0.6106169871794871,313.6,2506,1362.2,2.24,0.04444044180278511,0.568860311003215,2520,1524.1,1316,0.2985430689273236,0.008614976805831454,90.55,114,0.1512630282641998,20.78,0.1542142068457859,32.89,-405,304.4,-19.19521410579345,971.3,-114,47.75,978.9,0.009866620393323209,59.38,161.9,42.8246013667426,343.0,0.1428571428571428,1.426322531606039,4389,22.51,3301,1883,306,0.3480437604301873,70,1.47,0.6125569290826285,24,3.321046178528781,654.3,0.01012640201567567,-15,383.29,0.3893274392169245,70.01594896331738,25.15,116.44,-0.7084886407681086,2.60718754001097,4.6694040950926,13.82,3.14
2008-06-01,904.6753246753248,0.08,0.2840148698884759,0.5797145003756574,310.7,2671,1390.4,1.91,0.04360118078259798,0.5994686365992743,2575,1543.2,1601,0.2273920305416368,0.08167701863354049,91.97,110,0.1911843982876169,20.27,0.059324923286737,29.77,-365,348.3,-19.43576826196474,270.0,-154,44.92,1015.1,0.00922837109814539,63.46428571428572,152.8,52.66447368421052,348.3,-0.4666666666666667,1.422227996318417,4641,22.57,3196,1970,340,0.3468674281758394,70,1.38,0.6480263157894737,23,6.965670011909781,167.0,0.009490303063168531,-21,375.64,0.2260230179028133,65.50312432665373,24.32,102.6,-0.379091021696399,5.409676281474998,6.06861775726467,13.95,3.13
2008-09-01,998.7012987012987,0.07,0.3272727272727273,0.6122354751827627,290.9,2607,1447.2,2.23,0.04181514626549498,0.6132478632478633,2415,1591.2,1372,0.1570680628272252,0.237129987129987,93.62,105,0.2116641966698631,18.47,-0.06221792392005165,29.06,-359,384.5,-20.04030226700252,451.0,-166,41.83,1030.7,0.008214923658297952,66.55000000000001,144.0,46.30442119473507,384.5,-0.1249999999999999,1.457191006097728,4335,24.17,3104,1728,344,0.35961892027411,70,1.42,0.5831927100911238,21,7.117678791119359,315.2,0.009310007450160224,-21,416.97,0.2284937096225773,68.35063437139561,26.18,31.09,-0.3141626222901753,5.387717723811225,5.37247839959477,10.0,2.28
2008-12-01,960.7792207792206,0.07,0.3046025104602511,0.5324449182658137,280.4,2824,1352.8,2.245,0.05526403188309532,0.6148968831342188,2520,1498.3,1477,0.08951425247236755,0.1901544401544399,92.59,105,0.1634266120361492,18.88,-0.09606705351386202,27.735,-415,369.9,-18.87027707808564,858.6,-351,39.795,952.6,0.01073182116025025,87.95428571428572,145.6,48.37864395676384,369.9,-0.1249999999999999,1.945873328341694,4530,24.69,3066,1706,529,0.4025191774242479,70,1.4,0.5587946282345234,20,5.608132888984084,666.8,0.01263026560270001,-22,400.37,0.2135030045952634,67.39514348785872,26.71,56.63,-0.4596177676312103,4.374011268666567,5.49641230914876,6.59,1.53
2009-03-01,880.2597402597402,0.07,0.2854066985645933,0.5466515323496027,268.5,2650,1325.5,2.26,0.05163357653598552,0.6260382059800664,2718,1444.8,1350,-0.05203070664654552,0.1133377135348226,92.74,112,-0.02864671658535323,18.86,-0.1438137755102041,26.41,-467,338.9,-18.19647355163728,1179.6,-348,37.76,953.4,0.009784600417957257,86.82142857142857,119.3,43.47826086956522,338.9,-0.1249999999999999,1.939650253290495,4455,23.45,3172,1805,534,0.4454194345743859,70,1.38,0.5813204508856683,19,3.117160179157488,929.3,0.0122553266072417,-22,372.31,0.3618348623853211,69.6969696969697,25.75,52.69,-0.0613921000826354,2.466560233507645,2.582258366692975,7.2,3.26
2009-06-01,964.6753246753245,0.08,0.2549056603773585,0.5037402244134648,315.3,2948,1346.5,2.19,0.04808696255576091,0.6467094161322984,3104,1481.5,1549,-0.0399818558838777,0.06632213608957782,92.58,112,0.07587051432222336,21.52,0.01480527840360479,25.1,-483,371.4,-18.65869017632242,261.8,-485,36.8,942.6,0.009188950662443521,85.94,135.1,43.48680516563729,371.4,0.0,1.879478569356047,5111,25.07,3505,2163,681,0.4371586330398448,70,1.29,0.607243121841662,41,2.713147010361118,225.3,0.01171240662592447,-29,404.14,0.2524302289118846,69.69281940911759,27.26,36.21,-0.6104973382715192,2.466560233507645,2.582258366692975,9.83,4.36
2009-09-01,1050.64935064935,0.09,0.229421768707483,0.5168399865816841,340.3,2987,1405.8,2.47,0.04452129051183451,0.6572337249302265,3354,1540.7,1421,-0.03173705379587732,0.05201560468140443,92.64,111,0.05264167685924637,22.36,0.1698178068064629,26.15,-514,404.5,-19.40428211586902,694.5,-435,36.62,966.9,0.00894492735705904,85.21857142857144,134.9,36.94747789911597,404.5,0.2857142857142856,1.765169248361154,5267,26.25,3868,2280,633,0.4259036144578313,70,1.28,0.592823712948518,41,3.341103885309189,611.9,0.01107479519666163,-30,438.92,0.2354136429608128,73.02069489272832,28.49,45.77,-0.5305908030750357,3.282721628576318,2.43631619067182,15.19,6.43
2009-12-01,1174.285714285714,0.1,0.2422258592471359,0.533961650958726,391.8,3082,1494.9,2.47,0.04250109556833911,0.6516737674984784,3744,1643.0,1342,0.0965761196022159,0.2222222222222223,93.2,10,0.2194470115143492,24.11,0.3972895863052783,26.69,-557,452.1,-20.69269521410579,1160.4,-621,36.74,1006.7,0.00915338652346603,87.28571428571429,148.0,31.45066791656902,452.1,0.4285714285714286,1.673155202312263,5609,27.52,4142,2527,724,0.4347669256381798,70,1.23,0.592219357862667,42,4.676704987370039,1019.5,0.01089933987660075,-32,488.23,0.2123201211815198,76.07416651809592,29.71,56.4,-0.1660852051925563,5.097971638337409,3.207519060856155,17.54,7.2
2010-03-01,1229.090909090909,0.11,0.2350375939849624,0.4794034090909091,436.3,3524,1531.2,1.88,0.04296975381536589,0.6516148148148148,3605,1687.5,1993,0.1679817275747508,0.3962820891118324,93.39,23,0.3701753914748462,26.28,0.624953445065177,28.35,-597,473.2,-21.25314861460957,1564.7,-927,41.1,1021.1,0.0100052864726392,90.75285714285715,156.3,48.35031538088307,473.2,0.5714285714285714,1.671054980936753,6115,28.04,3722,2591,1053,0.49353060632434,70,1.2,0.628578360019408,44,6.425820810245892,1344.0,0.01149154645843334,-33,510.13,1.346630606265495,67.4080130825838,30.23,81.13,1.06143426738586,6.772842738016153,5.23851594083809,17.11,8.03
2010-06-01,1281.818181818182,0.11,0.2220461095100864,0.5159610983981693,418.4,3501,1649.6,1.73,0.04390805852741526,0.6630446834460584,3790,1803.8,2149,0.2175497806277422,0.32875605815832,94.35,21,0.3093729895580739,23.58,0.3269901680938787,27.55,-598,493.5,-22.71788413098237,235.9,-695,40.06,1120.7,0.01042007027804521,95.35714285714286,154.1,50.13999066728885,493.5,0.375,1.686507661915417,6435,27.36,4117,2934,822,0.4784308580425086,70,1.14,0.6845543630424639,42,7.412379046987111,168.7,0.01198421910907198,-34,529.17,0.2019275975552421,66.60450660450661,29.32,66.18,1.732022635957543,8.116047566775688,6.996188260692509,15.7,7.17
2010-09-01,1457.402597402598,0.12,0.2905160390516039,0.5328274760383387,467.5,3762,1793.0,2.72,0.04566564284609379,0.666366861539999,4334,2001.3,1516,0.298955020445252,0.3871446229913473,93.04,21,0.3637792764057231,23.68,0.3737878342638847,29.89,-653,561.1,-25.20528967254408,597.3,-673,39.52,1194.5,0.01096700873874557,101.9371428571429,208.3,31.08468320688948,561.3,0.3333333333333333,1.706782553241324,6393,28.05,4781,2631,808,0.457879523644352,70,1.23,0.5395816242821985,44,6.585515001214233,458.6,0.01266801870990755,-38,598.59,0.1780966448617852,76.2865634287502,29.91,86.68333333333334,0.971059633964301,8.204975644012316,7.828979298036385,18.08,8.1
2010-12-01,1572.987012987013,0.14,0.2745833333333333,0.4813559322033898,529.3,4490,1960.7,3.14,0.04769087883113402,0.6676704966641956,4752,2158.4,1573,0.3136944613511869,0.3395266533952666,93.41,26,0.3267517358621961,24.8,0.3509443593670238,30.21,-693,605.6,-27.18387909319899,1134.3,-1302,38.96,1313.0,0.01154093087908046,109.3,197.7,29.72411186696901,605.6,0.4000000000000001,1.779127749449552,6865,28.06,4602,2375,1447,0.4880146386093321,70,1.23,0.4487906273620559,44,6.605100569090547,862.3,0.01329809448416434,-38,647.76,0.1632729310666916,77.08667152221413,30.01,107.18666666666667,0.4123406515759183,8.929642400272629,7.85674085620199,21.27,9.35
2011-03-01,1321.784232365145,0.15,0.3475778546712803,0.5879120879120879,580.2,3827,2046.2,2.35,0.04848560889492153,0.6710280373831776,4948,2247.0,1837,0.3315555555555556,0.3463651732882502,93.98,17,0.3542822417815068,26.07,0.3298189319275728,30.59,-733,637.1,-28.29974811083123,1454.2,-1061,42.34,1362.2,0.01174259198377663,117.2928571428571,200.9,33.37572674418605,636.9,0.3636363636363635,1.767369831207179,7341,28.56,5088,3514,1204,0.5215209988649263,70,1.25,0.6384447674418605,44,7.505964964784339,1052.6,0.01355623264201876,-38,690.86,0.5895166780122532,74.97616128592834,30.65,127.69,0.1680943472336125,10.55406477778791,10.3997039418632,20.13,9.17
2011-06-01,1041.845140032949,0.14,0.3239825581395349,0.495266393442623,540.5,4886,2194.0,2.63,0.04941083579754797,0.6853407257230336,5316,2416.9,2078,0.3398935580441291,0.2814589665653495,93.44,10,0.2830470359241832,22.6,0.2918260038240919,29.61,-771,632.4,-30.43954659949622,350.6,-1608,41.58,1482.5,0.01185594372129212,126.0514285714286,222.9,35.31011045029737,632.4,0.2727272727272729,1.816513493010716,7963,26.16,4960,3077,1749,0.5367852814806654,70,1.22,0.5228547153780798,44,8.04983363753459,255.4,0.01366417108232793,-43,678.95,0.2405271828665569,73.90430742182595,28.09,95.05,0.08599864989454153,12.10230711140687,11.3819566994192,19.03,8.54
2011-09-01,1789.61038961039,0.13,0.3476923076923077,0.5637915742793791,502.9,4514,2316.7,2.74,0.04973837790628786,0.690879773469147,5178,2542.7,1878,0.2705241592964573,0.2279451078239172,93.79,148,0.2370236722965635,20.01,0.0757219251336898,30.07,-745,689.0,-32.02392947103274,642.3,-1211,39.44,1543.7,0.01147392913545867,133.7857142857143,226.0,33.3037772654726,689.0,0.08333333333333348,1.896976956602185,7517,27.1,5095,3003,1480,0.5192183070068854,70,1.29,0.5325412307146657,40,8.735564140969172,451.5,0.01363571419737885,-43,740.47,0.2521619496855346,75.01662897432486,29.09,94.67,0.3264815491815771,12.58426481476731,11.841134752143,15.88,7.12
2011-12-01,1975.584415584415,0.14,0.3786764705882353,0.6079187105816398,552.4,4285,2345.0,2.81,0.0493877571570987,0.6910662824207493,5187,2602.5,1760,0.2057542624166049,0.2559445178335535,93.18,13,0.2468352476225761,21.48,0.04364254675987156,29.43,-726,760.6,-32.77707808564232,1012.6,-1114,38.1,1501.7,0.01095592455718127,140.13,257.5,31.40613847251963,760.6,0.0,1.934187954146363,7364,29.23,5141,3079,1245,0.5581237811762291,70,1.31,0.5494289793004996,37,7.712237054460123,711.3,0.01369037429385642,-43,807.65,0.2069767441860465,76.09994568169473,31.0,109.57,0.1676184145553465,11.04112417054837,12.31654639240145,16.26,7.41
2012-03-01,1904.415584415585,0.15,0.4045383411580595,0.5830022075055188,576.6,4533,2382.5,2.22,0.04914387825733792,0.6887921241953805,5252,2641.0,2310,0.1753449043168669,0.1508397425835819,93.92,25,0.1381756072141969,22.02,-0.006204756980351611,28.44,-791,733.2,-33.26196473551637,1458.3,-1138,38.56,1555.9,0.01045144934173184,190.56125,258.5,39.72484952708513,737.4,0.0,1.983270368974266,8125,27.92,5382,3592,1292,0.538567335243553,32,1.32,0.6177128116938951,38,7.580855169074607,1038.8,0.01355578908443613,-43,786.32,1.072570937231298,71.56923076923077,29.76,114.52,0.009977425240009774,11.2616678949951,10.86021877051335,15.42,7.49
2012-06-01,1962.077922077922,0.16,0.3924499229583975,0.5370175438596492,614.7,5134,2500.1,2.27,0.04852197323500192,0.6889905259719046,5289,2754.9,2533,0.1398485663453184,0.1944971537001898,94.66,38,0.1814566610206936,22.58,0.1372802960222017,27.89,-768,755.4,-34.69647355163728,443.3,-1553,38.61,1659.3,0.01030655218397027,242.1247321428571,254.7,43.41045415595544,755.4,0.1428571428571428,2.051415530264589,8368,27.42,4960,3234,1715,0.5932258064516128,32,1.29,0.5542416452442159,35,7.477184286161833,345.9,0.01353791724551875,-34,802.15,0.174891496543964,69.72992351816444,29.08,97.4,-0.07113803553686127,11.14586406850457,10.5967988480459,15.33,7.48
2012-09-01,1407.806691449814,0.16,0.3994572591587517,0.5543499511241446,623.4,5119,2541.0,3.13,0.04760450674991526,0.6799858931405396,6078,2835.5,1928,0.1151531836237072,0.09927431059506531,93.94,57,0.0881332126892378,22.21,0.2396102604891628,30.61,-854,757.4,-35.71158690176322,910.4,-1304,39.68,1692.3,0.01038743225508745,294.4098214285714,294.4,28.96199489259426,757.4,0.2307692307692308,2.016508882613502,8585,26.71,6109,3466,1497,0.5374509103891467,32,1.39,0.5206549496770317,37,6.358997900135481,711.7,0.01324345335765218,-38,805.73,0.1692600825658939,77.54222481071636,28.41,100.58,-0.2720564124402413,10.81439020570251,12.02066663371435,14.69,6.98
2012-12-01,2102.337662337663,0.17,0.4109643328929987,0.5643971091669836,655.5,5263,2656.6,3.18,0.04693963945461328,0.6871883003100149,6362,2967.6,1968,0.1402881844380404,0.06415987378385468,94.12,93,0.06595678821271589,22.34,0.1866401158580739,30.31,-868,809.4,-37.37531486146095,1553.0,-1137,38.93,1751.5,0.01035362955449466,349.96875,311.1,28.36143536532641,809.4,0.2142857142857142,1.961905170541534,8907,27.27,6571,3644,1368,0.5224726775956284,32,1.36,0.5251477158091944,36,6.352885546644883,1210.9,0.01280644471735203,-39,860.92,0.1634745890514251,77.9050185247558,29.0,143.54,-0.1762590410818743,11.2616678949951,10.86021877051335,13.79,6.23
2013-03-01,1092.749658002736,0.17,0.406861499364676,0.5246151184916105,667.4,5785,2712.6,2.69,0.04685072445342776,0.684054339224479,6524,3032.8,2491,0.1483528966300645,0.08947081287506808,93.63,43,0.08823379794485708,22.26,0.1574748525841136,30.11,-922,798.8,-38.19647355163728,2137.2,-1226,40.85,1790.8,0.01035326049534554,362.2125,320.2,34.98595505617978,798.8,0.1333333333333335,1.923244882988455,9611,26.34,6709,3826,1415,0.5162517575055827,32,1.35,0.5373595505617977,36,8.87857243907907,1651.8,0.01262544941445135,-39,855.7,0.6956457345971563,74.08178129226928,28.21,143.35,0.1711834932948435,16.14945732838825,14.2231279981935,16.73,7.72
2013-06-01,2043.764705882353,0.18,0.2044472681067344,0.5366377874041987,687.5,6006,3060.1,2.53,0.04696544556134357,0.7465925672948553,6439,3220.9,2668,0.1691531453047297,0.1498543817844851,93.35,54,0.1497226204575204,21.53,0.118431755327802,28.02,-877,868.6,-40.56549118387909,330.0,-1350,38.96,1902.6,0.01026597298955636,376.775,160.9,37.97324224309707,868.6,0.125,1.866799032684864,9694,26.95,6455,3688,1541,0.5666579062636882,32,1.27,0.524907486478793,33,7.066322435675612,189.8,0.01260412381605794,-39,922.25,0.2021629416005768,72.47782133278317,28.6,139.12,-0.05494873935989664,12.67338390122702,11.5421751189061,15.33,6.88
2013-09-01,2642.597402597402,0.19,0.1845671267252196,0.6132342277012328,747.1,5520,3235.5,2.95,0.04732779255171321,0.7569621001596405,6427,3382.6,2188,0.1929465702697937,0.3432796408766834,94.09,35,0.329254216673079,22.27,0.1984279756175811,30.62,-882,1017.4,-42.60201511335012,931.1,-857,39.5,1902.1,0.01035800897424753,393.871875,147.1,31.05307976156685,1017.4,0.1875,1.886221761849384,9234,30.06,6995,3714,1009,0.5333028083028083,32,1.39,0.5271075787680953,31,7.034392296904414,678.4,0.01311316323645654,-41,1071.02,0.167640031855588,76.30495993069093,31.62,113.69,0.1062108224244804,12.6520301529007,12.8382729496185,17.67,8.28
2013-12-01,959.3808630393997,0.22,0.1393285371702638,0.5493844924060751,860.7,6259,3320.2,3.41,0.0473312430303118,0.7523280176929343,7244,3436.4,2176,0.157972772610864,0.2635285396590068,94.98,26,0.2535311062584213,25.25,0.3130434782608695,31.64,-943,1022.7,-43.27959697732997,1775.0,-1796,40.16,1978.1,0.01072680270532521,408.521875,116.2,27.61421319796954,1022.7,0.2941176470588234,1.929189374728044,10056,29.76,6948,3797,1945,0.5484873141504549,32,1.38,0.4818527918781726,32,7.061649412335797,1398.8,0.01342343842778317,-44,1079.19,0.145655681032496,78.36117740652347,31.4,123.48,0.1115656594923593,14.20441541013557,12.9629151239065,17.95,8.45
2014-03-01,926.4492753623188,0.22,0.1451787648970748,0.4884970612930311,867.8,7149,3356.8,2.74,0.04796866583532611,0.7440414804629312,7583,3490.8,2990,0.1510155631759431,0.2804206309464197,94.42,49,0.2663900899848077,25.1,0.3002697033263411,32.41,-1021,1022.8,-43.9647355163728,2442.5,-2428,43.61,1987.5,0.01119860234210451,422.834375,134.0,36.46786193438224,1022.8,0.2941176470588234,1.996681487414805,11189,29.3,6719,4040,2596,0.5855674709562109,32,1.37,0.4928031227128568,33,7.716245771918645,1924.9,0.01393535774846035,-46,1083.65,0.7241812164783751,73.27732594512467,31.04,140.48,-0.1309136885615124,16.14945732838825,14.2231279981935,16.03,8.2
2014-06-01,840.234375,0.24,0.1632762312633833,0.4389389983384762,931.3,8430,3546.0,1.89,0.0486163147150358,0.7492496958226308,6787,3698.5,4845,0.1482815362165855,0.2381994013354825,93.99,34,0.1523339658444023,25.35,0.3546181818181817,32.12,-1006,1075.5,-46.58060453400503,755.0,-3330,48.45,2202.1,0.01180896736675423,437.759375,152.5,65.5615696887686,993.5,0.3333333333333333,2.23799618440865,12235,26.84,4996,3805,3482,0.7084796087677931,32,1.31,0.5148849797023004,33,9.099472773617205,619.8,0.014369953374054,-48,1062.74,1.572693333333333,60.40049039640376,28.73,135.02,0.2877239690729176,17.16531047786372,15.66871282899265,17.26,10.34
2014-09-01,1091.987513007284,0.22,0.1615606936416185,0.5668588727115468,865.9,6941,3764.6,3.13,0.0494566396124496,0.7497139078910561,7249,3932.3,2669,0.1625081298409508,0.03145272262630239,93.85,43,0.04863587981550288,22.31,0.1590148574488019,35.36,-1039,1049.4,-49.52518891687657,1575.2,-1803,46.44,2311.7,0.01198588025637535,454.9375,167.7,34.10426782519806,1049.7,0.1578947368421053,2.321444553389894,10495,26.67,6935,3554,2020,0.587035175879397,32,1.45,0.4541272680807564,32,10.23702670825551,1323.1,0.01417893550611684,-47,1123.11,0.1843575418994413,74.56884230585993,28.56,116.47,0.4552823152556424,20.45053503989984,17.5519399863296,19.78,10.84
2014-12-01,1107.284079084287,0.22,0.1887016848364718,0.5288770053475936,860.2,7484,3765.5,3.31,0.0501810533042228,0.7523255813953488,7808,3956.0,2684,0.1512047491560935,0.0404810794954531,93.3,53,0.05459650293275509,21.99,-0.0005809225049377975,32.93,-1089,1064.1,-49.82367758186398,2386.1,-2242,42.33,2296.7,0.01173252036849672,471.175,190.4,32.02863961813843,1064.1,0.0,2.384274810224841,11064,26.88,7097,3580,2473,0.58812388750445,32,1.39,0.4272076372315036,31,9.560259071456759,2011.1,0.01401765269716172,-48,1138.11,0.1817241379310345,75.7411424439624,28.77,122.89,0.3538280525164859,20.45053503989984,17.5519399863296,18.11,9.3
2015-03-01,346.3841807909604,0.15,0.147672778561354,0.495872085616002,596.6,7852,3682.7,3.33,0.05073892411937486,0.7458184527632897,8968,3892.1,2716,0.1149593216454681,-0.4005670707860773,92.68,57,-0.3651271166889679,15.5,-0.3125144042406084,28.64,-1245,613.1,-49.01889168765742,3168.7,-3077,37.72,2672.5,0.01071070214381627,483.715625,209.4,30.18113123680409,613.1,-0.3181818181818182,2.406054491327628,11715,15.73,7190,3863,3170,0.5349629736142065,32,1.35,0.4292222222222222,32,7.209822127435192,2686.2,0.01253158367221439,-59,687.98,1.252113376429637,76.8160478019633,17.67,107.53,-0.06563083388640312,16.56188623478986,19.39475387941275,19.65,8.75
2015-06-01,929.2938099389713,0.23,0.108455114822547,0.4805361167121338,907.1,8434,3947.6,2.63,0.05110387898079684,0.9067482845436146,8131,4051.4,3635,0.09541706097066371,-0.008926080892608046,95.67,62,0.06958428213862278,22.49,-0.02598518200365074,26.68,-1209,1065.9,-51.02518891687657,458.1,-3434,40.31,2371.9,0.01044890083314615,494.74375,103.9,42.00855194730151,1065.9,-0.04166666666666663,2.309045839630151,12288,26.29,6298,3854,3676,0.6716486630069063,32,1.3,0.4454461396208969,31,9.21356672398048,376.6,0.01228664202077034,-50,1136.69,0.1865671641791045,70.41829427083334,28.05,81.14,0.01253852318719795,20.2301486621338,20.7069046189715,18.86,8.9
2015-09-01,1122.376237623762,0.24,0.08834355828220859,0.5113569682151589,935.1,8183,4096.5,3.68,0.0511020837495627,0.9119032250352627,9176,4182.9,2536,0.0637286066678533,0.08023632551934412,96.21,14,0.07282456749561494,22.43,0.07991684952072986,29.61,-1209,1133.6,-52.68136020151132,1299.1,-3170,38.36,2379.8,0.01049235703355813,502.575,86.4,27.54725179230936,1133.6,0.09090909090909083,2.320971586119425,11742,27.07,7225,3559,3254,0.5475564971751412,32,1.43,0.3865956984575277,30,8.409888582256125,1144.6,0.01234035619156187,-50,1204.9,0.1789597100831379,78.40231647078862,28.79,73.01,-0.1784832821160774,19.64562264666697,20.3920400848082,18.45,8.24
2015-12-01,1068.955512572534,0.24,0.08680981595092026,0.5429934640522875,927.5,7650,4069.0,3.35,0.0509306879895888,0.9130937191554925,9176,4153.9,2591,0.05002527805864498,0.03871816558594121,96.24,19,0.0334150477546109,22.38,0.07823761915833516,28.59,-1209,1105.3,-52.316120906801,2193.6,-2541,36.67,2403.0,0.01053100833395901,508.759375,84.9,26.29389080576416,1105.3,0.09090909090909083,2.252189589514892,12445,26.59,8501,4795,2631,0.5023592768303629,32,1.37,0.4866044245991475,30,7.73765699002022,1967.6,0.01225661335936131,-50,1176.14,0.1769197676919768,79.18039373242266,28.31,71.35,-0.1906435869377353,19.34757846676121,19.47915709997505,17.13,7.17
2016-03-01,856.5420560747663,0.24,0.1033391915641476,0.4421637488206311,940.0,9541,4100.3,4.06,0.05067476220385506,0.9044762672483285,10181,4217.8,2721,0.08368233087536292,0.7938346109933125,95.47,37,0.7041774470188087,22.31,0.5755950385517934,30.04,-1409,1099.8,-53.12090680100756,2921.6,-4261,38.18,2423.8,0.01132117239103229,518.9375,117.6,25.36589913302881,1099.8,0.6000000000000001,2.245172845049897,13448,26.05,7894,3907,4351,0.5840095465393795,32,1.34,0.3641871737509321,30,6.263268701042437,2617.3,0.01344677214799204,-72,1172.44,0.8382571732199787,79.76650803093396,27.79,75.62,-0.1312866544641762,17.04841111321835,17.793976429513,15.27,6.85
2016-06-01,781.3788201847905,0.24,0.1020120724346077,0.4492362890825218,944.6,9758,4280.9,4.11,0.05038538364176132,0.9084499007370557,9977,4382.3,2742,0.0816754702078295,0.03142883947837505,96.01,16,0.03117824560786153,21.56,0.04134053577334362,29.65,-1449,1099.4,-55.19269521410579,-384.0,-3948,39.37,2598.9,0.01115297985551457,529.278125,101.4,26.00284495021337,1099.4,0.04347826086956519,2.145127145692463,13287,25.07,8067,3529,4015,0.6179046293073442,32,1.34,0.3346927162367223,29,6.371368739315525,750.7,0.01321927772979535,-72,1172.13,0.202688399661304,79.3632874237977,26.75,90.92,-0.3084796658895913,17.04841111321835,17.793976429513,15.21,6.93
2016-09-01,731.3423249839435,0.25,0.07601668404588113,0.4149279210925645,983.9,10546,4302.1,4.92,0.04966399472779015,0.9183085714285715,10868,4375.0,2532,0.04592507590427708,0.004498941425546965,96.64,15,0.006008797410573585,22.55,0.05218693187894341,29.85,-1530,1138.7,-33.42245989304813,-890.7,-4781,37.09,2567.3,0.01100825936360008,535.28125,72.9,22.05767052879171,1138.7,0.04166666666666674,2.096482079109681,14011,26.01,8250,3465,4849,0.5742423263327948,32,1.34,0.3018555623312135,30,6.356138240824002,1455.7,0.01289105934449037,-75,1212.14,0.1939178915357324,81.92848476197273,27.7,63.65,-0.2442066052771845,18.51407314735688,16.3922294652384,14.15,6.15
2016-12-01,662.3773802654357,0.26,0.1554809843400447,0.3952163396936307,1005.7,11167,4272.8,5.32,0.04913732926749999,0.9054127566979464,11414,4411.8,2466,0.06208623221550846,0.03854157242377654,95.18,38,0.03816722499022207,22.92,0.08431266846361196,28.84,-1549,1147.9,-90.40573770491804,-1062.6,-5626,35.41,2544.7,0.01094892367518928,543.340625,139.0,20.49875311720698,1147.9,0.08333333333333348,2.160910510178494,14496,26.01,7977,3329,5715,0.5444592790387183,32,1.29,0.2767018535450087,29,6.010299537976497,2508.2,0.01267737386354965,-75,1221.03,0.1879327398615233,82.98841059602648,27.67,60.54,-0.2232403755131059,18.34705357706546,18.55745232076855,13.34,5.59
2017-03-01,792.4895688456188,0.25,0.1392857142857143,0.3575882400452306,987.0,12385,4322.0,5.53,0.04865081686382805,0.912858853025546,13264,4427.3,2627,0.04967044430745893,0.03618839789052553,95.92,42,0.03619801439732528,22.34,0.05000000000000004,27.41,-1549,1139.6,-90.72336065573771,3762.3,-7189,33.43,2624.3,0.01084129709820228,1044.005803571429,105.3,19.76079434331277,1139.6,0.04166666666666674,2.20360323821901,15921,25.73,7673,3536,7287,0.5814350870431041,7,1.23,0.2659846547314578,30,5.874709218710303,3465.4,0.01251222272675214,-75,1214.88,0.8032554847841472,83.49978016456254,27.43,76.34,-0.06203781138552511,19.8173981459907,19.111484697064,13.39,5.45
2017-06-01,764.6011396011396,0.24,0.1108374384236453,0.4573079605459799,922.4,10041,4477.5,4.29,0.04811958033464286,0.9070370370370371,10577,4590.0,2725,0.04739520343198778,-0.02355830452974361,95.86,13,-0.01879484357537153,20.11,-0.02350201143341102,29.28,-1738,1073.5,-327.8571428571428,-320.2,-4870,36.66,2825.0,0.01055384147214599,1562.773214285714,112.5,25.07361059992639,1073.5,0.0,2.252088959973162,13593,23.37,7757,3552,4936,0.5687184024266936,7,1.33,0.3268310636731689,30,6.261441087371495,755.3,0.01217749936477526,-74,1150.1,0.8606868161629292,79.95291694254396,25.06,90.45,-0.01725338093614071,17.39858399916993,15.9981647014588,13.2,6.31
2017-09-01,965.748987854251,0.26,0.1298795180722891,0.4384352800073807,1003.0,10844,4644.3,4.34,0.04802785450097682,0.9135137410041665,11213,4752.2,2895,0.08621714285714277,0.04742249934135412,96.08,12,0.04805550513967027,21.15,0.01941254192499242,27.61,-1794,1192.7,-21.19625334522748,-843.8,-5069,34.04,2881.7,0.01036346843157493,2104.940178571429,107.8,25.18924562777343,1192.7,0.04000000000000004,2.298509230641005,14388,25.08,8240,3544,5136,0.5522983626440268,7,1.28,0.3083616114156443,30,6.157148989786151,1437.0,0.01203954274960667,-77,1270.39,0.7903899721448467,79.87906588824019,26.73,75.47,-0.03130662731024147,18.48302599895843,17.6561520131714,13.56,6.09
2017-12-01,921.5160796324656,0.26,0.1385167464114833,0.4152495218222917,1009.4,11507,4660.5,4.54,0.04789410752976967,0.9112474351995311,12236,4776.2,2943,0.08259667255995273,0.048436274936841,95.94,12,0.04910608256963389,21.18,0.00367902953166932,26.0,-1899,1203.5,-20.28971962616822,-1054.1,-5685,31.67,2851.8,0.01012801409007213,2649.385714285714,115.8,23.63475746867973,1203.5,0.0,2.295317528016568,15395,25.18,8686,3888,5755,0.5532377122967052,7,1.23,0.3122389977513653,31,5.798880374157578,2477.6,0.01190347680793754,-78,1280.99,0.7854671280276817,80.88340370250081,26.82,58.27,-0.03517614429747673,18.86006854176727,18.68516191740385,15.03,6.38
