Date_x,순부채(천원),SG&A,ROGI(%),총자산회전율(비율),무형자산회전율,Free Cash Flow2(천원),비유동자산(천원),운전자본증감(천원),투자비 대비 매출 (Rev/GI),EPS증가율(YoY)(비율),Opex Margin,매출액증가율(YoY)(연도),"BPS(지배, Adj.)(원/주)",EBITDA2마진율(비율),매출총이익(천원),영업이익(천원),무형자산감상비 누계,자기자본비율,ROA(비율),매출원가(천원),ROE(지배)(비율),Gross Investment (GI),ROIC(비율),이자발생부채(천원),비유동비율(천원),매출액(천원),무형자산,CAPEX(천원),"EPS(지배, Adj.)(원/주)",유동비율(비율),부채총계(천원),이익잉여금(천원),단기투자자산,재고자산회전율(비율),유동자산(천원),영업이익률(비율),채무총계,순이익률(비율),이자보상율,자본금(천원),당기순이익(천원),유형자산감상비 누계,EBITDA2(천원),매출액이익률(비율),순이익증가율(YoY)(비율),인당영업이익,매입채무회전율,영업이익증가율(YoY)(연도),EBIT(천원),매출채권회전율,자산총계(천원),인당매출,부채비율(비율),인당순이익,EBITDA2증가율(YoY)(비율),BPS증가율(YoY)(비율),close,close_weighted,EV_EBITDA,PBR
2005-04-01,-123,43.9,0.1904761904761905,1.06,4.585714285714286,8.8,114,8.2,3.057142857142857,0.0,0.6838006230529594,-0.0483038348082595,10.31656252731227,7.96,52.2,4.3,-4,51.86440677966102,6.24,12.0,12.36,21,12.83,0.0,0.7450980392156863,64.2,14,9.16,0.01,1.31,142,-60,126,0.3546961325966851,181,6.21,1,7.17,307.1428571428572,0,4.4,-11,5.11,81.36,0.01673640167364021,0.00560625814863103,3.0,-0.06119162640901765,4.0,32.1,295,0.08370273794002608,92.81045751633987,0.005736636245110822,-0.0113065326633166,0.02605412909966853,3.750140334233254,3.935,99.32,9.68
2005-07-01,-132,46.0,0.168,0.86,5.135714285714286,19.5,124,11.3,2.876,0.0,0.6397774687065368,-0.0483038348082595,10.58535157926366,7.87,55.7,4.2,-4,51.23456790123457,5.82,16.2,9.76,25,9.92,0.0,0.7515151515151515,71.9,14,3.37,0.01,1.29,158,-55,134,0.3595,200,5.83,1,7.29,247.0588235294118,0,5.0,-12,5.66,77.43,0.01673640167364021,0.005475880052151239,4.05,-0.06119162640901765,4.2,35.95,324,0.09374185136897002,95.18072289156626,0.00651890482398957,-0.0113065326633166,0.02605412909966853,4.119972713148342,4.545,132.16,14.96
2005-10-01,-170,50.1,6.4,0.9,5.907142857142857,38.7,114,13.8,82.7,2.0,0.6058041112454655,-0.01446467777347282,8.980151659651144,9.53,63.1,6.4,-4,50.69637883008357,8.98,19.6,15.86,1,15.97,0.0,0.6263736263736264,82.7,14,5.29,0.03,1.41,177,-42,173,0.3375510204081633,245,7.73,1,16.25,320.0,0,13.1,-13,7.88,76.31,1.229080932784636,0.008344198174706649,3.266666666666667,0.32590051457976,6.4,41.35,359,0.1078226857887875,97.25274725274726,0.01707953063885267,0.2109275730622617,-0.1516435148698367,3.791202973919063,3.75625,109.37,14.62
2006-01-01,-204,57.5,-0.2523809523809524,0.87,6.507142857142857,72.5,132,38.9,-4.338095238095238,-0.6666666666666666,0.6311745334796927,0.003407155025553443,11.02828236612074,7.91,69.7,5.3,-4,45.28735632183908,8.25,21.3,16.27,-21,16.27,0.0,0.673469387755102,91.1,14,5.61,0.01,1.29,238,-36,208,0.3006600660066007,303,5.77,1,6.83,212.0,0,6.0,-15,7.2,76.57,-0.5796923076923077,0.00406441717791411,2.13,-0.2535575679172057,5.3,45.55,435,0.06986196319018405,120.8121827411168,0.004601226993865031,-0.1699895068205666,0.2280730642525877,4.962475162461823,3.7375,164.08,22.81
2006-04-01,-230,71.4,0.002941176470588235,0.93,7.478571428571429,9.8,128,-2.9,-3.079411764705883,-1.0,0.681948424068768,-0.000391798354446693,11.81330406392614,2.02,80.1,-0.1,-4,46.17067833698031,6.69,24.6,12.9,-34,12.8,0.0,0.6037735849056604,104.7,14,2.6,0.0,1.38,246,-36,233,0.3182370820668693,329,-0.11,1,0.24,-3.333333333333333,0,-0.2,-17,2.12,76.54,-0.9648609077598829,-7.668711656441718e-05,3.075,-1.019064124783362,-0.1,52.35,457,0.0802914110429448,116.5876777251185,-0.0001533742331288344,-0.7446270543615676,0.0711825896131395,5.616510043912607,5.63,153.16,18.45
2006-07-01,-263,79.3,0.025,0.96,8.435714285714285,37.0,131,13.8,-2.271153846153846,0.0,0.6714648602878917,-0.01567807682257649,16.45235807069259,1.4,89.0,-1.3,-4,45.90818363273453,4.9,29.1,9.35,-52,9.27,0.0,0.5695652173913044,118.1,14,2.82,0.0,1.39,271,-36,267,0.3191891891891891,370,-1.08,0,0.27,-40.625,0,-0.1,-19,1.65,75.34,0.1250000000000002,-0.0009969325153374234,4.850000000000001,8.818181818181818,-1.3,59.05,501,0.09056748466257668,117.8260869565217,-7.668711656441718e-05,-0.306930693069307,0.3926974182381853,8.45785059512583,5.8375,136.63,12.54
2006-10-01,-241,87.4,0.02,0.97,9.292857142857143,58.6,200,29.0,-26.02,0.0,0.6717909300538049,0.007300238916909896,15.74653679740751,2.96,98.7,-0.1,-4,46.22302158273381,1.68,31.4,2.68,-5,2.67,0.0,0.78125,130.1,14,9.09,0.0,1.21,299,-36,245,0.3654494382022472,356,-0.09,0,0.69,-2.439024390243903,0,0.3,-21,3.85,75.89,1.555555555555555,-7.668711656441718e-05,5.233333333333333,-0.9166666666666666,-0.1,65.05,556,0.09976993865030674,116.3424124513619,0.0002300613496932515,1.114285714285714,-0.04290091853412781,8.963144976597409,9.92125,281.4,17.27
2007-01-01,-248,99.1,-0.21,0.9,10.3,89.1,246,50.0,14.42,0.0,0.687239944521498,0.008565028330478341,17.87707203107139,1.15,110.4,-2.1,-4,42.40601503759399,0.49,33.8,0.2,10,0.2,0.0,0.8723404255319149,144.2,14,7.63,0.0,1.12,383,-36,252,0.3441527446300716,419,-1.44,0,0.85,-46.66666666666666,0,0.5,-24,1.66,76.54,0.2318840579710146,-0.001014492753623188,3.755555555555555,15.0,-2.1,-2.746666666666667,665,0.06966183574879227,135.8156028368794,0.0002415458937198068,-0.6114864864864865,0.1353018292895138,11.06526407542171,10.66625,530.91,17.82
2007-04-01,-245,109.0,0.002702702702702703,0.96,7.381818181818182,20.9,298,15.8,4.38918918918919,0.0,0.6711822660098522,-0.00862294225241722,12.84145995111693,4.01,123.2,0.1,-5,44.26934097421204,0.67,39.2,0.55,37,0.55,0.0,0.9644012944983819,162.4,22,15.96,0.0,1.06,389,-35,250,0.406,400,0.07,0,0.89,2.0,0,0.7,-27,6.51,75.88,0.04705882352941182,4.830917874396136e-05,3.266666666666667,-1.048611111111111,0.1,-3.093333333333333,698,0.07845410628019324,125.8899676375405,0.0003381642512077294,2.486956521739131,-0.2816799121915642,8.627986790378632,5.949999999999999,289.63,15.68
2007-07-01,-302,116.7,0.165,0.96,7.358333333333333,45.4,299,25.6,8.83,0.0,0.6608154020385051,0.008829731154454512,13.44675204793934,6.37,135.2,3.3,-7,45.2319587628866,1.28,41.4,1.83,20,1.79,0.0,0.8518518518518519,176.6,24,10.1,0.01,1.16,425,-31,308,0.370230607966457,477,1.9,0,2.6,58.92857142857143,0,3.7,-30,11.25,76.55,1.921348314606742,0.001594202898550725,5.914285714285714,26.14285714285714,3.3,-3.363809523809524,776,0.08531400966183575,121.0826210826211,0.00178743961352657,0.5885286783042396,0.04713576954073329,10.14576519524228,10.0475,165.7,12.93
2007-10-01,-367,125.5,3.05,0.95,8.033333333333333,88.3,310,48.6,96.4,0.0,0.6509336099585061,0.006270411495754358,13.1083288737124,8.86,148.5,6.1,-9,46.35838150289018,2.1,44.3,3.5,2,3.41,0.0,0.773067331670823,192.8,24,9.12,0.01,1.23,464,-25,374,0.3473873873873874,555,3.17,0,3.96,92.42424242424242,0,6.5,-34,17.08,77.03,0.523076923076923,0.002946859903381643,3.407692307692308,0.668421052631579,6.1,-3.672380952380953,865,0.0931400966183575,115.71072319202,0.003140096618357488,0.3908948194662478,-0.02516765186272607,11.19821022232355,10.41875,160.91,16.59
2008-04-01,-485,161.1,-0.8105263157894737,0.92,10.76521739130435,59.7,407,44.5,-13.03157894736842,1.0,0.6506462035541195,0.02920939893547958,11.12142796814457,10.67,196.3,15.4,-14,44.91071428571428,3.57,51.3,6.69,-19,6.53,0.0,0.8091451292246521,247.6,23,24.18,0.02,1.23,617,-8,495,0.3472650771388499,713,6.23,0,4.47,229.8507462686567,0,9.6,-41,26.42,79.28,0.1287878787878787,0.005909439754412893,2.7,0.965299684542587,15.4,-2.708971553610503,1120,0.09501151189562548,122.6640159045726,0.003683806600153492,0.2042889390519187,-0.1515754544084091,11.67622264240601,10.8625,104.31,15.93
2008-07-01,-566,168.9,-0.4025,0.93,10.524,99.7,402,56.4,-6.577500000000001,3.0,0.6419612314709235,0.002018163471241063,11.86566244194011,10.34,209.0,16.1,-18,47.00996677740864,3.97,54.1,7.29,-40,7.12,0.0,0.7102473498233216,263.1,25,13.04,0.08,1.34,638,2,578,0.3280548628428928,802,6.12,0,4.34,240.2985074626866,0,10.0,-46,27.2,79.44,-0.029082774049217,0.006178050652340753,3.864285714285714,-0.01765650080256831,16.1,-2.87855579868709,1204,0.1009593246354566,112.7208480565371,0.003837298541826554,-0.03092783505154639,0.06691896723399804,13.89031011817601,13.4375,81.15,13.64
2008-10-01,-586,177.7,-2.0125,0.94,7.089743589743589,105.2,427,35.5,-34.5625,0.0,0.6426763110307414,0.002265861027190397,11.45611107958765,11.08,220.1,16.1,-22,48.51097178683386,4.05,56.3,7.27,-8,7.06,0.0,0.6909385113268608,276.5,39,11.61,0.08,1.38,657,12,601,0.3256772673733804,849,5.83,2,4.23,423.6842105263158,0,10.1,-50,30.63,79.62,-0.0253456221198155,0.006178050652340753,2.680952380952381,-0.04738562091503273,16.1,4.313572542901716,1276,0.1061013046815042,106.1389337641357,0.00387567152724482,0.07156673114119916,-0.03451567616695927,14.71230862710531,13.5875,31.43,6.11
2009-01-01,-687,185.3,-0.2981481481481482,0.84,7.24,168.5,411,62.3,-5.362962962962963,-0.625,0.6398480662983426,0.001255965837729134,8.77743993325347,9.37,230.8,16.1,-28,45.40540540540541,3.74,58.7,7.73,-54,7.55,0.0,0.6116071428571429,289.6,40,12.23,0.03,1.39,808,26,698,0.2709073900841908,1069,5.56,0,4.79,298.1481481481482,0,13.8,-56,27.12,79.72,0.1323877068557919,0.004514862591138531,3.66875,-0.04631217838765012,16.1,-6.464285714285715,1480,0.0812114413909142,120.2380952380952,0.003869882220975884,-0.154332129963899,-0.2338202840147914,12.04500640217752,16.26875,25.75,4.87
2009-04-01,-506,181.4,0.1653846153846154,0.88,8.023684210526316,84.5,705,39.7,1.675274725274725,0.3333333333333335,0.5949491636602166,0.0001254390366283165,8.153542795320167,16.37,243.1,30.1,-33,49.59128065395095,4.33,61.8,8.5,182,8.29,0.0,0.9684065934065934,304.9,38,13.43,0.04,1.11,740,44,517,0.3996068152031454,763,9.88,0,6.23,700.0000000000001,0,18.4,-62,49.92,79.73,0.3006263048016702,0.008440830061693775,3.8625,0.7769784172661873,30.1,-6.805803571428571,1468,0.08550196298373527,101.6483516483516,0.005159842961301177,0.7470651013874068,-0.07107962488807917,12.04500640217752,16.26875,35.41,7.26
2009-07-01,-409,193.0,0.08702064896755163,0.86,8.543243243243245,111.1,856,31.0,0.932448377581121,3.25,0.6105662764947801,0.006271165182490934,4.473275312816358,14.74,253.6,29.5,-37,50.86705202312138,4.81,62.5,9.36,339,9.15,0.0,1.082174462705436,316.1,37,19.33,0.17,0.98,765,65,420,0.4509272467902996,701,9.33,0,6.91,393.3333333333333,0,21.2,-70,46.59,80.23,0.1091492776886034,0.008272574312955692,4.807692307692307,-0.05566801619433204,29.5,3.228804902962207,1557,0.08864273696017948,96.5909090909091,0.005945036455412226,-0.09957238851557737,-0.4513703521144388,7.114124593876617,7.955,32.86,6.79
2009-10-01,-434,202.1,0.07941952506596306,0.85,8.2625,132.5,880,2.8,0.8720316622691293,-0.05882352941176472,0.6114977307110439,-0.0008724915866883398,4.63216360114031,14.87,265.0,30.1,-43,52.28241022519781,5.22,65.6,10.03,379,9.85,0.0,1.024447031431898,330.5,40,14.09,0.16,1.05,784,86,445,0.4331585845347313,763,9.12,0,6.49,418.0555555555555,0,20.7,-78,49.14,80.16,-0.06078147612156293,0.008440830061693775,4.1,-0.02250803858520911,30.1,4.383289124668435,1643,0.09268087492989344,91.26891734575088,0.005804823331463825,0.008819538670284954,0.03551945212688401,7.986809581251559,6.998749999999999,38.9,8.25
2010-01-01,-779,203.4,0.1197183098591549,0.65,7.819047619047619,217.0,754,31.1,1.541784037558685,-0.8125,0.6193666260657735,0.003368263473054078,4.814238722492854,7.76,264.1,25.5,-48,42.4390243902439,4.17,64.3,9.15,213,7.3,0.0,0.7222222222222222,328.4,42,7.06,0.03,1.88,1416,107,1242,0.1924970691676436,1706,7.76,450,6.08,392.3076923076923,0,18.1,-87,25.5,80.43,-0.06317411402157169,0.006424792139077854,4.286666666666666,-0.1491228070175438,25.5,-6.025688073394495,2460,0.08274124464600655,135.632183908046,0.004560342655580751,-0.4781439139206456,0.03930671216097004,9.921170995425465,9.48,37.29,7.74
2010-04-01,-482,232.1,0.05544388609715243,0.68,9.190243902439025,131.5,1224,66.7,0.6311557788944724,0.0,0.6159766454352441,0.007086907870197612,6.128048786617854,14.27,305.2,33.1,-54,45.57877813504823,4.2,71.6,8.35,597,7.11,0.0,1.0784140969163,376.8,41,11.69,0.03,1.51,1354,124,952,0.2981012658227848,1264,8.77,456,5.27,4137.5,0,17.7,-95,53.75,81.0,-0.1332236842105264,0.00833963214915596,5.507692307692308,0.1301546391752577,33.1,2.710791366906475,2488,0.09493575207860923,119.4003527336861,0.004459561602418745,0.8389175257731958,0.2729008966644466,13.5700201601731,10.115,53.76,9.71
2010-07-01,-266,244.0,0.03173076923076923,0.67,5.056410256410256,179.8,1586,81.1,0.4213675213675214,2.666666666666667,0.6186612576064909,-0.009012345679012435,6.983985105232831,14.07,316.6,29.7,-62,45.95997034840622,3.66,77.8,7.02,936,6.41,0.0,1.278001611603546,394.4,78,27.83,0.11,1.2,1458,139,742,0.3546762589928057,1112,7.53,461,4.2,1856.25,0,14.7,-85,55.48,80.27,-0.2030360531309297,0.007482993197278911,3.704761904761904,-0.1413911060433295,29.7,4.045128205128205,2698,0.09937011841773746,117.5806451612903,0.003703703703703703,-0.01401541695865449,0.13967518021138,16.72487742465954,15.2625,59.91,10.36
2010-10-01,-301,264.5,0.03977401129943503,0.7,4.664130434782609,233.0,1548,75.3,0.4848587570621469,-0.6363636363636364,0.6164064320671172,0.007350193098293323,8.013577753604096,15.04,347.0,35.2,-72,44.18095585552718,3.59,82.1,6.93,885,6.62,0.0,1.279338842975207,429.1,92,20.79,0.04,1.2,1530,160,770,0.3596814752724225,1193,8.19,467,5.21,818.6046511627908,0,21.1,-95,64.56,80.86,0.2404761904761905,0.008868732678256488,3.569565217391304,0.08764940239043817,35.2,6.375928677563151,2741,0.1081128747795415,126.3418662262593,0.005316200554295793,0.06894100923951663,0.1474219421802363,18.53407689002017,17.1375,66.18,12.6
2011-01-01,-24,307.4,-0.00032599837000815,0.6,2.752409638554217,368.2,2016,129.4,0.3723716381418093,-0.5,0.6727949223024732,-0.01323274795943596,9.263858954198023,6.81,364.6,-0.4,-83,41.28113879003558,2.51,92.3,5.56,1227,4.92,0.0,1.579937304075235,456.9,166,30.58,0.02,0.84,1815,171,497,0.4250232558139534,1075,-0.09,473,2.38,-6.557377049180328,0,10.9,-108,31.11,79.79,-0.5431861804222649,-7.538635506973238e-05,5.127777777777777,-1.010989010989011,-0.4,-4.457560975609756,3091,0.0861100640784018,142.2413793103448,0.002054278175650208,-0.5472074468085106,0.1560203493416676,22.32845490282712,20.9325,83.77,13.45
2011-04-01,-285,337.6,-0.002947368421052631,0.64,3.132919254658385,112.2,1940,36.9,0.5309473684210526,-1.0,0.6693100713719271,-0.002757237749091535,11.70136917073469,10.04,401.3,-2.8,-98,40.153452685422,1.79,103.1,3.95,950,3.65,0.0,1.544585987261146,504.4,161,27.31,0.0,0.71,1872,172,764,0.4245791245791246,1188,-0.56,478,0.11,-63.63636363636363,0,0.5,-118,50.63,79.57,-0.953781512605042,-0.0005277044854881266,6.064705882352941,5.222222222222223,-2.8,3.23126201153107,3128,0.09506219374293252,149.0445859872611,9.423294383716548e-05,0.474302496328928,0.2631203938432252,27.53263334290516,23.28,91.61,14.78
2011-07-01,-93,365.1,-0.01196646341463415,0.63,2.108108108108108,150.1,2306,4.4,0.4161585365853658,0.0,0.6686813186813187,-0.0214905114993087,12.79113047138419,7.84,425.1,-15.7,-122,41.44986845951476,0.96,120.9,2.12,1312,-1.53,0.0,1.6262341325811,546.0,259,45.05,-0.01,0.61,2003,167,577,0.4896860986547085,1115,-2.88,484,-0.78,-1207.692307692308,0,-4.3,-135,42.83,77.86,-8.09090909090909,-0.002958914436486996,5.495454545454546,4.142857142857142,-15.7,6.059933407325195,3421,0.1029023746701847,141.2552891396333,-0.0008104033169996231,-0.2191235059760955,0.09313109301559397,33.56369912735526,26.84,103.19,13.83
2011-10-01,-156,388.9,-0.007634730538922155,0.67,2.255984555984556,244.1,2363,16.2,0.4373502994011976,0.0,0.6655827485880541,0.001798099152324761,12.00151562314124,9.35,455.7,-10.2,-146,42.66590714896041,0.11,128.6,0.25,1336,-1.53,0.0,1.577436582109479,584.3,259,34.68,-0.01,0.63,2013,164,646,0.50897212543554,1148,-1.74,490,-0.64,-784.6153846153845,0,-3.8,-152,54.64,78.0,-0.1794871794871795,-0.001922352054278175,4.592857142857143,-0.3958333333333333,-10.2,4.861064891846921,3511,0.1101206181681116,134.3791722296395,-0.0007161703731624576,0.1926020408163265,-0.06173143570143769,33.08478175094879,34.68,101.51,12.09
2012-01-01,-282,421.3,-0.004859529233105543,0.62,2.5276,439.9,2492,105.0,0.4798025816249051,0.0,0.6667194176293718,0.005384615384615321,12.44905255479551,10.1,495.6,-6.4,-171,38.11239193083573,-0.32,136.3,-0.81,1317,-1.53,0.0,1.570258349086326,631.9,250,44.6,-0.01,0.72,2577,159,778,0.3779306220095693,1672,-1.01,496,-0.65,-914.2857142857144,0,-4.1,-159,63.82,78.42,0.015625,-0.0008220937700706487,4.130303030303031,-0.4195402298850575,-6.4,-2.580236831359739,4164,0.0811689145793192,162.3818525519849,-0.0005266538214515092,0.0802139037433156,0.0372900345012539,36.12478772071764,33.5625,74.41,10.08
2012-04-01,-208,468.0,-0.01368680641183724,0.67,2.850409836065574,168.5,2833,72.1,0.4287916152897657,3.0,0.6728971962616822,-0.002677888293802666,9.553411529313859,6.91,543.9,-22.2,-199,43.55149181905679,-0.87,151.6,-2.06,1622,-1.53,0.0,1.565193370165746,695.5,244,44.72,-0.04,0.79,2346,140,710,0.5256991685563114,1323,-3.2,502,-2.8,-1168.421052631579,0,-19.5,-179,48.07,78.21,3.307692307692307,-0.002851637764932562,7.58,2.168316831683168,-22.2,2.224176527022705,4156,0.08933847141939627,129.6132596685083,-0.002504816955684008,-0.3158415841584158,-0.2325993092836788,31.2914854651793,38.0225,104.58,11.87
2012-07-01,-599,480.8,-0.01022727272727273,0.67,3.167099567099567,275.4,2601,55.3,0.5542424242424243,-0.5,0.6571897211591033,-0.005242296381536837,8.296298926849202,8.64,569.2,-13.5,-226,42.50112258643915,-0.94,162.4,-2.24,1320,-1.53,0.0,1.374735729386892,731.6,231,29.3,-0.02,0.8,2561,130,1108,0.3948192120885051,1853,-1.84,509,-1.34,-1500.0,0,-9.8,-200,63.23,77.8,-0.5214285714285714,-0.001734104046242775,2.353623188405797,-0.425,-13.5,3.085617882749895,4454,0.09397559409120103,135.2879027997887,-0.001258831085420681,0.2503617945007237,-0.1315878206028611,28.16011093513634,31.8975,74.6,9.13
2012-10-01,-91,539.3,-0.02676543209876543,0.7,2.709278350515464,330.2,3385,24.9,0.3893333333333333,18.5,0.6840436326737697,-0.01825192802056552,9.849691148355909,5.1,602.2,-54.2,-259,44.8728996122361,-6.22,186.2,-14.16,2025,-1.53,0.0,1.624280230326296,788.4,291,51.05,-0.39,0.54,2559,-90,606,0.6272076372315035,1257,-6.87,515,-27.94,-1260.46511627907,0,-220.3,-226,40.21,76.38,19.85074626865672,-0.006962106615285807,3.210344827586207,2.733695652173913,-54.2,2.911373707533234,4642,0.101271676300578,122.8516562650024,-0.02829800899165061,-0.4097222222222223,0.1872391816162124,36.07051100918664,26.69,98.62,9.95
2013-01-01,-346,548.8,-0.01037924151696607,0.63,4.032367149758454,561.3,3513,247.2,0.4165169660678643,-0.8974358974358975,0.5669102671618546,0.02160251374705435,10.2187318885894,4.38,651.3,-20.8,-259,41.92439862542955,-5.58,183.4,-13.85,2004,-1.53,0.0,1.515530629853322,834.7,207,50.52,-0.04,0.69,3211,-111,868,0.4140376984126984,2016,-2.49,521,-2.5,-483.7209302325582,1,-20.8,-226,36.59,78.03,-0.9105225483178239,-0.002122448979591837,3.162068965517241,-0.6375545851528384,-20.8,-4.556222707423581,5529,0.08517346938775511,138.5245901639344,-0.002122448979591837,-0.1411764705882352,0.03746723980224442,40.80451424246381,41.34375,235.47,10.87
2013-04-01,-405,593.8,-0.02121067683508103,0.61,3.473151750972763,229.2,3638,120.4,0.4254528122020972,2.0,0.5760699081335425,-0.01845444059976931,8.79658239136982,1.99,683.6,-44.5,-320,37.81086889775867,-5.97,209.0,-14.92,2098,-1.53,0.0,1.477060495330897,892.6,257,54.01,-0.12,1.05,4051,-179,2100,0.3103616133518776,2876,-4.99,1694,-7.59,-684.6153846153845,1,-67.7,-279,17.76,76.59,2.036,-0.004540816326530612,6.53125,1.004016064257028,-44.5,2.41308461746418,6514,0.09108163265306123,164.4742184328055,-0.006908163265306123,-0.545662100456621,-0.1391708396623663,36.82186001010174,32.6375,314.74,9.85
2013-07-01,1816,626.7,-0.008492975734355044,0.56,0.9580580580580581,309.8,6272,-22.1,0.2037249893571733,-2.0,0.5769512067704524,0.008617312965139012,8.494386471050431,3.98,739.4,-39.9,-357,35.37013801756587,-3.74,217.7,-9.86,4698,-1.53,0.0,2.224902447676481,957.1,999,102.55,0.12,0.55,5151,-102,623,0.5636631330977621,1698,-4.16,2440,8.0,-225.4237288135593,1,76.6,-295,38.11,77.25,-2.054018445322793,-0.004071428571428571,3.249253731343283,-0.1663326653306614,-39.9,2.843434343434343,7970,0.09766326530612245,182.7243703440936,0.007816326530612244,1.0,-0.0343537872862838,40.31258495267873,37.9075,545.41,9.25
2013-10-01,1754,719.9,-0.0206714527027027,0.59,1.133825079030558,375.0,6297,-75.5,0.2271959459459459,-2.75,0.5747211895910781,-0.02809061488673137,8.904176561696369,1.53,807.8,-97.9,-416,35.9718448999753,-2.14,268.2,-5.46,4736,-1.53,0.0,2.162431318681319,1076.0,949,72.7,-0.21,0.58,5185,-227,704,0.5974458634092171,1801,-9.1,2458,-11.56,-565.8959537572255,1,-124.4,-347,16.42,75.08,-2.445,-0.009989795918367347,5.96,1.1875,-97.9,3.23998795543511,8098,0.1097959183673469,177.9951939581188,-0.01269387755102041,-0.6155778894472361,0.04824245895127754,43.19378238837889,42.9575,1263.42,11.05
2014-04-01,1414,786.5,-0.01009708737864078,0.58,1.411737629459148,413.0,6602,257.0,0.2646817691477886,-0.238095238095238,0.5661069448972937,0.01451784762919561,9.616375697596009,4.58,934.5,-55.3,-529,36.24580488369401,-3.45,292.3,-9.34,4635,-1.53,0.0,2.107918263090677,1226.8,869,60.1,-0.16,0.61,5509,-440,879,0.601667484060814,2039,-4.51,2293,-7.9,-297.3118279569892,1,-96.9,-440,56.16,76.17,-0.3166089965397924,-0.004157894736842105,7.9,-0.5043956043956044,-46.8,1.812915619920201,8641,0.0922406015037594,175.8939974457216,-0.007285714285714286,1.993464052287582,0.0799848398069003,49.17304275080931,41.995,267.31,10.13
2014-07-01,1503,826.4,-0.006780008193363376,0.56,1.558628841607565,587.3,6705,235.5,0.2700942236788201,-0.375,0.5536933110875171,0.006301693580149648,10.33083469151927,5.66,1010.7,-33.4,-576,36.63706992230855,-4.7,307.8,-13.04,4882,-1.53,0.0,2.031202665858831,1318.6,846,71.58,-0.1,0.66,5709,-501,845,0.572060737527115,2305,-2.54,2347,-4.63,-179.5698924731182,1,-61.1,-497,74.67,76.65,-0.4139240506329114,-0.002511278195488722,3.664285714285715,-0.4368070953436807,-33.1,2.504463437796771,9010,0.09914285714285713,172.9475916388973,-0.004593984962406015,0.2358078602620088,0.07429607748185907,55.27080278234215,52.83,218.88,10.17
2014-10-01,1425,861.9,-0.003919712175724294,0.58,1.710383189122373,636.4,6974,86.2,0.2620147699299375,-0.4,0.5517814555178145,-0.009523809523809601,9.697189646529475,6.55,1050.4,-22.0,-624,40.27408902581536,-3.58,333.2,-9.36,5281,-1.53,0.0,1.839620152993933,1383.7,809,-118.81,-0.06,0.74,5622,-540,926,0.5673226732267322,2439,-1.59,2351,-2.81,-121.5469613259668,1,-38.9,-559,90.66,75.92,-0.3930885529157667,-0.001654135338345865,3.743820224719101,-0.3740157480314961,-20.7,2.443404555889105,9413,0.1040375939849624,148.2986019519916,-0.002924812030075188,0.157243816254417,-0.061335319353233,58.39880214454844,57.96,178.09,10.65
2015-01-01,1202,897.5,-0.006629728696981277,0.54,1.854428754813864,891.0,7150,139.1,0.2760030569354222,0.6666666666666667,0.5500484563200887,-0.00737618545837726,11.65568732851816,5.76,1088.7,-34.8,-676,37.27144866385373,-2.65,355.9,-7.49,5234,-1.53,0.0,1.79874213836478,1444.6,779,85.35,-0.1,0.8,6690,-606,995,0.410981507823613,3515,-2.41,2198,-4.55,-287.603305785124,1,-65.8,-620,83.18,75.36,0.6192170818505338,-0.002175,3.707291666666666,0.5157232704402517,-34.7,-2.652589056188027,10665,0.09028749999999999,168.3018867924528,-0.0041125,-0.1206106870229008,0.2019654924135272,72.699446306072,67.71,120.86,9.24
2015-04-01,1020,892.7,0.005723460521344919,0.6,2.004244031830239,238.6,7761,414.1,0.2854552323384964,-1.1,0.5272631021704605,-0.009023354564755781,8.848142587127986,10.47,1129.4,30.3,-731,40.86436426779857,-1.7,381.8,-4.39,5294,-1.53,0.0,1.83258559622196,1511.2,754,378.6,0.01,0.66,6130,-602,1019,0.5801151631477928,2605,2.0,2039,0.27,4328.571428571429,1,4.1,-693,158.22,74.68,-1.059340659340659,0.00189375,6.363333333333333,-1.829875518672199,30.3,1.543300653594771,10366,0.09445,144.7119924457035,0.00025625,0.8177083333333335,-0.2408733747104649,57.32751911758054,54.275,119.96,11.28
2015-07-01,851,956.4,0.003420857988165681,0.6,2.254758620689655,478.0,7877,355.8,0.3022744082840237,-1.0,0.525295161191656,0.005891805034815123,8.543852281758767,9.32,1229.3,18.5,-788,42.02334630350195,-1.02,405.4,-2.59,5408,-1.53,0.0,1.736552028218695,1634.7,725,61.45,0.0,0.71,6258,-603,1170,0.5604045251971204,2917,1.13,2021,-0.05,349.0566037735849,1,-0.9,-767,152.32,75.12,-1.185185185185185,0.00115625,4.094949494949494,-0.4350000000000001,18.5,1.951181666268799,10794,0.10216875,137.962962962963,-5.625e-05,-0.1098376313276027,-0.03439030309162194,58.7729965878947,57.13,102.61,10.67
2015-10-01,706,986.7,0.007823378526932942,0.62,2.491994177583697,511.8,7973,193.6,0.3136680102601686,0.0,0.5206775700934579,0.00119808306709257,9.360067999753692,10.33,1288.3,42.7,-845,43.53005865102639,-0.86,423.7,-2.05,5458,-1.53,0.0,1.678526315789474,1712.0,687,-47.02,-0.04,0.74,6162,-628,1358,0.5825110581830555,2939,2.49,2064,-1.47,242.6136363636364,1,-25.2,-843,176.87,75.21,28.4,0.00266875,4.760674157303371,1.20353982300885,42.7,2.007033997655334,10912,0.107,129.7263157894737,-0.001575,0.1083690987124464,0.09553251754335168,66.9482352037796,57.76,92.03,10.86
2016-01-01,-677,1075.1,0.004622927854307728,0.57,2.770903522205207,962.2,7032,312.0,0.4224608918982022,0.0,0.5357024427987177,0.003058103975535298,10.72871362181635,8.44,1365.7,19.8,-876,39.1992478257463,-0.4,443.7,-1.06,4283,-1.53,0.0,1.4055566660004,1809.4,653,68.47,-0.04,1.02,7760,-653,2725,0.3157215145698831,5731,1.09,2049,-1.41,38.82352941176471,1,-25.5,-920,152.7,75.44,-0.04081632653061229,0.001042105263157895,6.249295774647887,-0.5622489959839357,19.8,-3.106799450549451,12763,0.09523157894736843,155.1069358384969,-0.001342105263157895,-0.1829622458857697,0.1462217605789478,80.2208253623482,75.8,69.6,9.13
2016-04-01,34,1091.3,0.009193548387096774,0.61,2.797956204379562,967.8,9042,607.8,0.3434767025089606,-2.5,0.5030783679432329,-0.01869034994697771,8.706604238924633,9.6,1419.6,51.3,-959,43.56713739564641,-0.11,497.0,-0.26,5580,-0.68,0.0,1.619269340974212,1916.6,685,83.3,0.06,0.74,7233,-606,2031,0.5077086092715232,3775,2.68,2065,2.02,2052.0,1,38.8,-997,184.08,74.03,-2.432624113475177,0.0027,9.036363636363637,1.458715596330275,51.3,1.466075116652643,12817,0.1008736842105263,129.5308022922636,0.002042105263157895,0.1374407582938388,-0.1884764058553904,71.76041043565337,72.315,77.33,9.2
2016-07-01,1341,1163.8,0.004296874999999999,0.59,1.415288394718554,1122.4,11103,201.5,0.2743265086206896,4.500000000000001,0.5124226652263576,0.001756044846683791,8.427686676172456,8.9,1511.0,31.9,-1028,42.63959390862944,1.73,525.6,4.08,7424,4.56,0.0,1.810370128811349,2036.6,1439,96.03,0.33,0.61,8249,-376,1174,0.621293471629042,3278,1.57,2515,11.27,74.88262910798122,1,229.6,-1077,181.27,74.16,4.579207920792079,0.001678947368421053,5.203960396039604,-0.414179104477612,31.9,1.650271452880642,14381,0.1071894736842105,134.5238095238095,0.01208421052631579,-0.07291666666666663,-0.03203517181879245,75.87516473100793,77.0,81.68,9.14
2016-10-01,1315,1216.7,0.0003082614056720099,0.63,1.686163522012579,1136.1,11386,-80.6,0.2644636251541307,-1.151515151515152,0.5077862737784408,-0.02009169363538288,6.800195255831826,8.01,1559.3,2.5,-1114,47.30330831248262,1.63,585.5,3.56,8110,5.89,0.0,1.672935645019101,2144.8,1272,140.65,-0.05,0.6,7582,-413,1201,0.7144570286475683,3002,0.11,2516,-1.74,4.385964912280701,1,-37.3,-1125,171.86,72.67,-1.154392191659272,0.000131578947368421,4.152482269503546,-0.9299363057324841,2.5,1.679824561403509,14388,0.1128842105263158,111.4017043784896,-0.001963157894736842,-0.1000000000000001,-0.1931124735500699,67.02697887210921,71.55,77.82,7.69
2017-01-01,583,1207.2,0.01621084037792143,0.56,1.80757341576507,1698.0,11588,-83.0,0.2907757334659373,-3.6,0.4519452757588713,0.007843676895555207,8.296365143142305,13.29,1713.1,130.4,-1159,42.64998578333807,2.13,625.9,5.17,8044,5.58,0.0,1.545066666666667,2339.0,1294,144.02,0.13,0.82,10085,-465,2209,0.3900283475070869,5997,5.58,2792,3.93,3951.515151515152,1,91.9,-1198,310.95,73.24,-3.258620689655173,0.005216,5.588392857142857,49.72727272727273,130.4,-1.76395173453997,17585,0.09356,134.4666666666667,0.003676,0.6591760299625467,0.2200186657915988,88.53548459528642,84.17,66.53,7.46
2017-04-01,-684,1335.0,0.0005517241379310345,0.6,1.967980295566502,1073.0,11655,646.0,0.3306206896551724,-1.0,0.4918648310387985,-0.005461496450027137,6.587594061756329,7.88,1746.0,4.0,-1282,46.5150360513512,1.91,651.0,4.22,7250,1.16,0.0,1.468994202167885,2397.0,1218,157.0,0.0,0.71,9124,-474,3220,0.443560325684678,5404,0.17,2535,0.04,400.0,1,1.0,-1282,189.0,72.84,-0.989821882951654,0.00016,5.0859375,-0.9695340501792115,4.0,1.474169741697417,17059,0.09588,114.9842470069313,4e-05,-0.4070729872084273,-0.2059662336340667,74.04045167143975,81.595,70.61,7.73
2017-07-01,-902,1405.0,0.01117169836414417,0.59,2.266490765171504,1276.0,11608,320.0,0.3427317462428515,0.0,0.4842840512223516,0.01592531576057099,6.185639466399826,10.71,1907.0,84.0,-1333,48.52172914633447,0.64,670.0,1.39,7519,1.16,0.0,1.373565258549284,2577.0,1137,128.0,0.06,0.77,8967,-456,3501,0.4434692823954569,5811,3.26,2599,1.79,466.6666666666667,1,46.0,-1364,276.0,74.0,43.75,0.00336,4.527027027027027,18.17647058823529,84.0,1.965675057208238,17419,0.10308,106.0932323710364,0.00184,0.3591370558375635,-0.06101690413652139,73.4284055758586,72.82,67.77,7.72
2017-10-01,-1030,1408.0,0.01993569131832797,0.63,2.540921919096895,1290.0,11544,-270.0,0.347395498392283,1.333333333333333,0.4650129581636431,-0.005810810810810918,6.707310055725944,12.7,1987.0,155.0,-1431,50.4802744425386,1.54,714.0,3.15,7775,1.46,0.0,1.307509344206592,2701.0,1063,111.0,0.14,0.82,8661,-405,3629,0.4542549613185335,5946,5.74,2599,3.96,1291.666666666667,1,107.0,-1455,343.0,73.57,1.212290502793296,0.0062,5.95,0.7607361963190187,155.0,2.403024911032028,17490,0.10804,98.0971797485559,0.00428,0.1858076563958915,0.0843357573877066,82.59252507950399,75.705,65.03,8.37
2018-01-01,-2801,1490.0,0.02929334999305845,0.53,2.944501541623844,2204.0,12400,24.0,0.3977509371095377,2.142857142857143,0.4705061082024433,0.009106972950931214,9.441443802126368,13.93,2127.0,211.0,-1084,47.19796215429403,2.46,738.0,5.44,7203,4.12,0.0,1.195065535851966,2865.0,973,138.0,0.44,0.95,11608,635,4521,0.2989357262103506,9584,7.36,1720,11.59,1318.75,1,206.0,-1456,399.0,74.24,1.926767676767677,0.007275862068965517,9.710526315789474,0.2822299651567943,211.0,-1.528,21984,0.09879310344827587,111.8735543562066,0.007103448275862069,0.09685039370078741,0.4076349123097911,135.3099736061646,127.825,65.85,8.01
2018-04-01,-3171,1589.0,0.024980881978078,0.56,3.051776649746193,1344.0,12812,696.0,0.3831251593168494,0.04545454545454541,0.4780439121756487,0.003232758620689724,6.243663576276728,12.54,2239.0,191.0,-1498,48.16443844445412,4.14,767.0,8.73,7846,7.55,0.0,1.158408679927667,3006.0,985,122.0,0.46,1.29,11903,969,7159,0.2961284602502217,10151,6.52,3988,11.44,89.67136150234741,1,344.0,-1541,377.0,74.48,-0.01294219154443488,0.006586206896551724,5.723880597014926,-0.1141304347826088,196.0,1.470645792563601,22963,0.1036551724137931,107.622061482821,0.01186206896551724,-0.09978463747307975,-0.3386961033575656,94.72554067712018,89.62,61.38,8.03
2018-07-01,971,1768.0,0.009247118901387068,0.55,1.523212627669452,1632.0,19021,211.0,0.2264163963839625,-0.1521739130434783,0.4696738799146601,-0.004833512352309333,5.862541945141729,11.76,2432.0,115.0,-1627,52.38740657553343,5.0,849.0,9.85,14491,7.55,0.0,1.406046717918392,3281.0,2154,170.0,0.39,0.8,12295,1269,3427,0.482358129961776,6802,4.08,4398,9.11,108.4905660377359,1,299.0,-1635,386.0,74.12,-0.2036713286713286,0.003965517241379311,4.223880597014926,-0.3742331288343558,134.0,1.875929102344197,25823,0.1131379310344828,90.88557066824364,0.01031034482758621,-0.06220095693779903,-0.06104134639526382,106.1693004469576,96.84,69.6,7.67
2018-10-01,941,1863.0,0.005866972769593776,0.57,1.521076233183857,1639.0,19718,-486.0,0.2163127351571966,-0.6666666666666667,0.4820165094339622,-0.004452239611440922,6.105425234469875,10.26,2503.0,92.0,-1773,55.26177222807281,4.9,889.0,9.18,15681,7.33,0.0,1.341999591642279,3392.0,2230,136.0,0.13,0.86,11895,1373,3450,0.493740902474527,6870,2.71,4391,3.1,184.0,1,105.0,-1726,348.0,73.79,-0.6597145993413831,0.003172413793103448,5.55625,-0.3357843137254902,92.0,2.238943894389439,26588,0.1169655172413793,80.95691826039611,0.003620689655172414,-0.1275510204081632,0.04142968896443011,118.0355433816656,110.24,70.15,7.15
2019-04-01,-2669,1991.0,0.01409774436090225,0.5,2.083054626532888,1806.0,23119,865.0,0.2508727175080558,2.769230769230769,0.4741771474444742,0.02371595067082266,6.923213245502811,17.31,2823.0,210.0,-1625,49.60487422332147,4.28,914.0,8.73,14896,7.59,0.0,1.405752158579594,3737.0,1794,159.0,0.49,0.96,16708,2127,6379,0.3723966118584953,10035,5.62,3710,10.49,77.20588235294117,1,392.0,-506,647.0,75.54,2.383870967741935,0.006,5.539393939393939,1.07380073800738,210.0,1.410188679245283,33154,0.1067714285714286,101.5930925452998,0.0112,0.6871345029239766,0.1339444804623742,147.6772568554335,145.71,69.92,7.8
2019-07-01,-2657,2134.0,0.01409780351186355,0.5,2.317101449275362,2064.0,23433,91.0,0.2515576814148153,-0.7755102040816326,0.4728546409807355,0.00357426528991267,6.176922474938481,17.04,3030.0,58.0,-1752,51.49388048956084,3.36,967.0,6.47,15889,5.75,0.0,1.365082139112199,3997.0,1725,178.0,0.11,0.97,16170,2218,6042,0.4036150661415733,9903,5.6,3385,2.28,54.71698113207547,1,91.0,-372,681.0,75.81,-0.782650142993327,0.001657142857142857,5.86060606060606,-0.003558718861210064,224.0,1.714714714714715,33336,0.1142,94.1978329255505,0.0026,-0.01559792027729634,-0.1077954331464667,136.640529903085,142.84,56.33,7.02
2019-10-01,-3306,2431.0,0.002056766762649116,0.41,0.9049528774814518,2192.0,38916,-868.0,0.1428028984590071,-2.090909090909091,0.4677598050077554,-0.0123994196016356,4.215875117298388,14.91,3379.0,65.0,-2018,66.63529694445558,2.04,1134.0,3.25,31603,3.08,0.0,1.169386099341927,4513.0,4987,170.0,-0.12,1.05,16663,2109,6529,0.4093052784327952,11026,1.44,3223,-2.42,928.5714285714287,1,-109.0,-388,673.0,74.87,-2.06140350877193,0.001857142857142857,6.872727272727273,-0.7428571428571429,65.0,2.195038910505837,49942,0.1289428571428571,50.07061510261727,-0.003114285714285714,-0.125,-0.3174796778811156,159.6133197139625,159.63,55.48,4.17
2020-01-01,-4889,2726.0,-0.001169210782721663,0.4,1.02688399661304,3688.0,39163,-330.0,0.1575511529717441,1.25,0.502576788291074,-0.000267129691465362,4.061416093467721,12.31,3631.0,-36.0,-2198,61.46827268439575,0.31,1220.0,0.53,30790,0.53,0.0,1.155762136638631,4851.0,4724,136.0,-0.27,1.08,21241,1861,7947,0.3038902461943244,15963,-0.74,3058,-4.99,-120.0,1,-248.0,-404,597.0,74.85,1.061983471074381,-0.0007346938775510204,7.393939393939394,-1.513888888888889,-36.0,-2.277464788732394,55126,0.099,62.68555407997639,-0.005061224489795919,-0.1743796109993293,-0.0366374760952709,154.8043693218827,160.24,60.36,4.8
2020-04-01,-7129,2780.0,-0.00213552082980238,0.42,1.084001782531194,1536.0,38910,543.0,0.1649096640791838,-1.407407407407407,0.5126413155190134,-0.008416833667334589,3.86511315408263,10.65,3611.0,-140.0,-2469,64.45928053260728,-0.37,1254.0,-0.63,29501,-0.41,0.0,1.125705193114422,4865.0,4488,323.0,0.11,1.15,19058,1960,9802,0.3306599605790797,14713,-2.88,2673,2.03,-71.7948717948718,1,99.0,-404,518.0,74.22,-1.406813627254509,-0.002857142857142857,7.6,2.891891891891892,-63.0,1.585206907787553,53623,0.09928571428571428,55.13669897294952,0.002020408163265306,-0.1348497156783103,-0.04833361932573699,149.1045046549845,156.855,56.08,4.21
2020-07-01,-6610,2646.0,0.005617484420258053,0.43,1.10158254918734,1851.0,42934,-445.0,0.1507065742122356,24.90909090909091,0.4494272956707435,0.004446240905416232,3.934585787510875,16.06,3840.0,178.0,-2753,66.5282104534441,5.21,1311.0,8.54,34179,8.09,0.0,1.11690946930281,5151.0,4676,114.0,2.85,1.15,19340,4585,9283,0.3469621446854372,14846,3.46,2673,50.96,26.33136094674556,1,2625.0,-404,827.0,74.55,24.10344827586207,0.00363265306122449,7.945454545454545,-2.201388888888889,192.0,2.274172185430464,57780,0.1051224489795918,50.31217481789803,0.05357142857142857,0.5079812206572769,0.01797428190552797,167.306944327343,147.69,64.61,4.6
2020-10-01,-6820,2785.0,0.006422678699961243,0.37,1.232150977717144,2066.0,44190,-1658.0,0.1500193787719395,-0.5964912280701755,0.454880974349511,-0.003621730382293742,3.561837754176692,16.5,4025.0,224.0,-3036,68.164908008658,6.53,1394.0,9.68,36122,9.21,0.0,1.096254031257752,5419.0,4398,124.0,1.15,1.22,18826,5666,9492,0.3625719255988225,14946,4.13,2672,19.95,21.74757281553398,1,1081.0,-404,894.0,74.28,-0.6085164835164836,0.004571428571428572,8.44848484848485,0.1936416184971097,232.0,2.852105263157895,59136,0.1105918367346939,46.70305135202183,0.02206122448979592,0.02739726027397271,-0.0947362831730233,157.604478453197,188.34,72.13,5.27
2021-01-01,-9293,3091.0,0.006340107694980024,0.35,1.413952357802625,4091.0,44412,-1192.0,0.1684036824735105,-0.7304347826086957,0.4782533952209043,0.00390414647280557,4.000906171370075,18.26,4338.0,193.0,-2746,62.5827664741105,6.74,1479.0,10.87,34542,10.54,0.0,1.07034921553033,5817.0,4114,149.0,0.31,1.23,24808,5933,11966,0.2657499200511673,21889,3.32,2673,4.99,83.1896551724138,1,267.0,-404,1062.0,74.57,-0.749874686716792,0.003409532558386037,8.963636363636363,-0.1961259079903148,219.0,-1.817244611059044,66301,0.1027629579903191,59.7883980430434,0.004716814471964103,0.1066666666666667,0.1232701901366846,181.0355504565524,154.14,59.9,5.0
2021-04-01,-12351,2983.0,0.0107775680448152,0.38,1.519235668789809,3057.0,44441,1484.0,0.1815441758509408,0.6129032258064517,0.4484319973167868,-0.008716642081265769,5.359221428810818,17.42,4408.0,340.0,-3034,65.603760499345,7.54,1555.0,11.58,32846,11.18,0.0,1.044024713980313,5963.0,3925,171.0,0.5,1.33,22318,6402,15023,0.2916748190178047,20444,5.94,2672,7.87,126.3940520446097,1,469.0,-404,1039.0,73.92,0.5771543086172344,0.006006430413737059,9.424242424242424,0.7891566265060244,354.0,1.399436751936165,64885,0.105342189873865,52.43028637207227,0.008285340776596121,-0.04600219058050381,0.3395019026341224,247.6937877960804,191.505,52.34,5.0
2021-07-01,2278,3240.0,0.005465290467018947,0.32,0.6505232916068131,3230.0,72402,168.0,0.1043672938581329,0.1200000000000001,0.4561514195583596,0.008658008658008587,3.879422244336353,16.58,4727.0,312.0,-3353,62.62266236549438,3.24,1613.0,5.06,60747,4.5,0.1264519784682217,1.30407060518732,6340.0,9746,213.0,0.56,0.93,33138,6937,9650,0.390009842519685,16256,5.24,11928,8.44,61.6600790513834,1,535.0,-404,1051.0,74.56,0.07242693773824649,0.005511783203194008,9.775757575757575,-0.1178451178451179,332.0,2.123241795043536,88658,0.1120022612443911,59.68659942363112,0.009451294915733315,-0.04822043628013795,-0.2761220457358158,230.8526505954494,253.84,55.93,4.26
2021-10-01,1200,3542.0,0.0006157735249793392,0.34,0.7245565878378378,3468.0,71479,-1652.0,0.111211939524558,-0.1607142857142858,0.4530088882412939,-0.0191791845493563,3.835996500660832,14.59,5019.0,27.0,-3861,65.2522988242829,2.4,1844.0,3.62,61711,3.46,0.0,1.252830651663337,6863.0,9472,166.0,0.47,1.06,30382,7405,9391,0.4300933759478598,15957,0.55,10591,6.82,8.940397350993377,1,468.0,-404,1001.0,73.13,-0.1919431279620852,0.000476981238737943,11.17575757575758,-0.8950381679389313,38.0,2.568488023952096,87436,0.1212415644984631,53.25130578048866,0.00826767480479101,-0.1200241254523522,-0.01119386881356355,223.325453417044,221.52,70.94,5.17
2022-01-01,55,3961.0,-0.002848956731469641,0.33,0.8159946535976832,5283.0,72359,-1658.0,0.1185878239474238,-1.063829787234043,0.4881244881244881,-0.008478052782715628,3.990622578798493,10.31,5312.0,-182.0,-3995,61.05620266991566,1.79,2014.0,2.9,61777,2.89,0.0,1.244757530405463,7326.0,8978,167.0,-0.03,1.05,37078,7377,10537,0.3206126914660832,22850,-2.4,10592,-0.38,-587.0967741935484,1,-28.0,-404,755.0,72.51,-1.055718475073314,-0.002474809969948736,12.20606060606061,-5.363636363636363,-176.0,-1.783783783783784,95209,0.0996179002189255,63.78352342123824,-0.0003807399953767286,-0.2933516106922549,0.04030923336635572,235.5115544448073,217.855,59.59,3.96
2022-04-01,-2906,3791.0,0.0003329282706040983,0.35,0.8658721813295945,3497.0,72611,1579.0,0.1233665706723486,-2.0,0.4595871002563757,-0.001379120121362654,4.506134166679492,12.49,5366.0,9.0,-4507,63.29255444948507,1.27,2045.0,1.98,60073,2.89,0.0,1.233286908077994,7411.0,8559,179.0,0.03,1.03,34146,7405,13503,0.3630885306942335,20411,0.27,10597,0.38,16.07142857142857,1,28.0,-404,926.0,72.41,-2.0,0.0001223807127996628,12.39393939393939,-1.1125,20.0,1.370884202737699,93022,0.1007737180620334,57.99646715130103,0.0003807399953767286,0.2114451988360815,0.1291807425287035,267.7125683122318,244.02,45.39,2.97
