"계정항목코드별","통화계약구분코드별",1971.01,1971.02,1971.03,1971.04,1971.05,1971.06,1971.07,1971.08,1971.09,1971.10,1971.11,1971.12,1972.01,1972.02,1972.03,1972.04,1972.05,1972.06,1972.07,1972.08,1972.09,1972.10,1972.11,1972.12,1973.01,1973.02,1973.03,1973.04,1973.05,1973.06,1973.07,1973.08,1973.09,1973.10,1973.11,1973.12,1974.01,1974.02,1974.03,1974.04,1974.05,1974.06,1974.07,1974.08,1974.09,1974.10,1974.11,1974.12,1975.01,1975.02,1975.03,1975.04,1975.05,1975.06,1975.07,1975.08,1975.09,1975.10,1975.11,1975.12,1976.01,1976.02,1976.03,1976.04,1976.05,1976.06,1976.07,1976.08,1976.09,1976.10,1976.11,1976.12,1977.01,1977.02,1977.03,1977.04,1977.05,1977.06,1977.07,1977.08,1977.09,1977.10,1977.11,1977.12,1978.01,1978.02,1978.03,1978.04,1978.05,1978.06,1978.07,1978.08,1978.09,1978.10,1978.11,1978.12,1979.01,1979.02,1979.03,1979.04,1979.05,1979.06,1979.07,1979.08,1979.09,1979.10,1979.11,1979.12,1980.01,1980.02,1980.03,1980.04,1980.05,1980.06,1980.07,1980.08,1980.09,1980.10,1980.11,1980.12,1981.01,1981.02,1981.03,1981.04,1981.05,1981.06,1981.07,1981.08,1981.09,1981.10,1981.11,1981.12,1982.01,1982.02,1982.03,1982.04,1982.05,1982.06,1982.07,1982.08,1982.09,1982.10,1982.11,1982.12,1983.01,1983.02,1983.03,1983.04,1983.05,1983.06,1983.07,1983.08,1983.09,1983.10,1983.11,1983.12,1984.01,1984.02,1984.03,1984.04,1984.05,1984.06,1984.07,1984.08,1984.09,1984.10,1984.11,1984.12,1985.01,1985.02,1985.03,1985.04,1985.05,1985.06,1985.07,1985.08,1985.09,1985.10,1985.11,1985.12,1986.01,1986.02,1986.03,1986.04,1986.05,1986.06,1986.07,1986.08,1986.09,1986.10,1986.11,1986.12,1987.01,1987.02,1987.03,1987.04,1987.05,1987.06,1987.07,1987.08,1987.09,1987.10,1987.11,1987.12,1988.01,1988.02,1988.03,1988.04,1988.05,1988.06,1988.07,1988.08,1988.09,1988.10,1988.11,1988.12,1989.01,1989.02,1989.03,1989.04,1989.05,1989.06,1989.07,1989.08,1989.09,1989.10,1989.11,1989.12,1990.01,1990.02,1990.03,1990.04,1990.05,1990.06,1990.07,1990.08,1990.09,1990.10,1990.11,1990.12,1991.01,1991.02,1991.03,1991.04,1991.05,1991.06,1991.07,1991.08,1991.09,1991.10,1991.11,1991.12,1992.01,1992.02,1992.03,1992.04,1992.05,1992.06,1992.07,1992.08,1992.09,1992.10,1992.11,1992.12,1993.01,1993.02,1993.03,1993.04,1993.05,1993.06,1993.07,1993.08,1993.09,1993.10,1993.11,1993.12,1994.01,1994.02,1994.03,1994.04,1994.05,1994.06,1994.07,1994.08,1994.09,1994.10,1994.11,1994.12,1995.01,1995.02,1995.03,1995.04,1995.05,1995.06,1995.07,1995.08,1995.09,1995.10,1995.11,1995.12,1996.01,1996.02,1996.03,1996.04,1996.05,1996.06,1996.07,1996.08,1996.09,1996.10,1996.11,1996.12,1997.01,1997.02,1997.03,1997.04,1997.05,1997.06,1997.07,1997.08,1997.09,1997.10,1997.11,1997.12,1998.01,1998.02,1998.03,1998.04,1998.05,1998.06,1998.07,1998.08,1998.09,1998.10,1998.11,1998.12,1999.01,1999.02,1999.03,1999.04,1999.05,1999.06,1999.07,1999.08,1999.09,1999.10,1999.11,1999.12,2000.01,2000.02,2000.03,2000.04,2000.05,2000.06,2000.07,2000.08,2000.09,2000.10,2000.11,2000.12,2001.01,2001.02,2001.03,2001.04,2001.05,2001.06,2001.07,2001.08,2001.09,2001.10,2001.11,2001.12,2002.01,2002.02,2002.03,2002.04,2002.05,2002.06,2002.07,2002.08,2002.09,2002.10,2002.11,2002.12,2003.01,2003.02,2003.03,2003.04,2003.05,2003.06,2003.07,2003.08,2003.09,2003.10,2003.11,2003.12,2004.01,2004.02,2004.03,2004.04,2004.05,2004.06,2004.07,2004.08,2004.09,2004.10,2004.11,2004.12,2005.01,2005.02,2005.03,2005.04,2005.05,2005.06,2005.07,2005.08,2005.09,2005.10,2005.11,2005.12,2006.01,2006.02,2006.03,2006.04,2006.05,2006.06,2006.07,2006.08,2006.09,2006.10,2006.11,2006.12,2007.01,2007.02,2007.03,2007.04,2007.05,2007.06,2007.07,2007.08,2007.09,2007.10,2007.11,2007.12,2008.01,2008.02,2008.03,2008.04,2008.05,2008.06,2008.07,2008.08,2008.09,2008.10,2008.11,2008.12,2009.01,2009.02,2009.03,2009.04,2009.05,2009.06,2009.07,2009.08,2009.09,2009.10,2009.11,2009.12,2010.01,2010.02,2010.03,2010.04,2010.05,2010.06,2010.07,2010.08,2010.09,2010.10,2010.11,2010.12,2011.01,2011.02,2011.03,2011.04,2011.05,2011.06,2011.07,2011.08,2011.09,2011.10,2011.11,2011.12,2012.01,2012.02,2012.03,2012.04,2012.05,2012.06,2012.07,2012.08,2012.09,2012.10,2012.11,2012.12,2013.01,2013.02,2013.03,2013.04,2013.05,2013.06,2013.07,2013.08,2013.09,2013.10,2013.11,2013.12,2014.01,2014.02,2014.03,2014.04,2014.05,2014.06,2014.07,2014.08,2014.09,2014.10,2014.11,2014.12,2015.01,2015.02,2015.03,2015.04,2015.05,2015.06,2015.07,2015.08,2015.09,2015.10,2015.11,2015.12,2016.01,2016.02,2016.03,2016.04,2016.05,2016.06,2016.07,2016.08,2016.09,2016.10,2016.11,2016.12,2017.01,2017.02,2017.03,2017.04,2017.05,2017.06,2017.07,2017.08,2017.09,2017.10,2017.11,2017.12,2018.01,2018.02,2018.03,2018.04,2018.05,2018.06,2018.07,2018.08,2018.09,2018.10,2018.11,2018.12,2019.01,2019.02,2019.03,2019.04,2019.05,2019.06,2019.07,2019.08,2019.09,2019.10,2019.11,2019.12,2020.01,2020.02,2020.03,2020.04,2020.05,2020.06,2020.07,2020.08,2020.09,2020.10,2020.11,2020.12,2021.01,2021.02,2021.03,2021.04,2021.05,2021.06,2021.07,2021.08,2021.09,2021.10,2021.11,2021.12,2022.01,2022.02,2022.03
"합금철 (2015=100)","원화기준",0,0,0,0,0,0,0,0,0,0,0,0,0,0,0,0,0,0,0,0,0,0,0,0,0,0,0,0,0,0,0,0,0,0,0,0,0,0,0,0,0,0,0,0,0,0,0,0,0,0,0,0,0,0,0,0,0,0,0,0,0,0,0,0,0,0,0,0,0,0,0,0,0,0,0,0,0,0,0,0,0,0,0,0,0,0,0,0,0,0,0,0,0,0,0,0,0,0,0,0,0,0,0,0,0,0,0,0,0,0,0,0,0,0,0,0,0,0,0,0,0,0,0,0,0,0,0,0,0,0,0,0,0,0,0,0,0,0,0,0,0,0,0,0,0,0,0,0,0,0,0,0,0,0,0,0,0,0,0,0,0,0,0,0,0,0,0,0,0,0,0,0,0,0,0,0,0,0,0,0,0,0,0,0,0,0,0,0,0,0,0,0,0,0,0,0,0,0,0,0,0,0,0,0,0,0,0,0,0,0,0,0,0,0,0,0,0,0,0,0,0,0,0,0,0,0,0,0,0,0,0,0,0,0,0,0,0,0,0,0,0,0,0,0,0,0,0,0,0,0,0,0,0,0,0,0,0,0,0,0,0,0,0,0,0,0,0,0,0,0,0,0,0,0,0,0,0,0,0,0,0,0,0,0,0,0,0,0,0,0,0,0,0,0,0,0,0,0,0,0,0,0,0,0,0,0,0,0,0,0,0,0,0,0,0,0,0,0,0,0,0,0,0,0,0,0,0,0,0,0,0,0,0,0,0,0,0,0,0,0,0,0,0,0,0,0,0,0,0,0,0,0,0,0,0,0,0,0,0,0,0,0,0,0,0,0,0,0,0,0,0,0,0,0,0,0,0,0,0,0,0,0,0,0,0,0,0,0,0,0,0,0,0,0,0,0,0,0,0,0,0,0,0,0,0,0,0,0,0,0,0,0,0,0,0,0,0,0,0,0,0,0,0,0,0,0,0,0,0,0,0,0,0,0,0,0,0,0,0,0,0,0,0,0,0,0,0,0,0,0,0,0,0,0,0,0,0,0,0,0,0,0,0,0,0,0,0,0,0,0,0,0,0,0,0,0,0,0,0,0,0,0,0,0,0,0,0,0,0,0,0,0,0,0,0,0,0,0,0,0,0,0,0,0,0,0,0,0,0,0,0,0,0,0,0,0,89.12,89.88,89.85,90.22,93.05,90.96,93.22,93.71,94.43,93.32,96.39,97.65,96.28,97.12,98.38,96.26,96.49,98.34,101.08,104.26,104.76,101.52,101.86,103.65,106.25,98.13,95.78,98.86,100.94,101.16,91.88,93.09,88.71,90.45,106.32,107.9,115.09,114.97,117.63,127.37,120.87,114.47,125.42,163.82,174.21,147.74,152.34,167.64,207.79,226,248.21,243.41,235.65,249.53,278.7,282.99,282.86,322.54,338.16,267.75,248.9,250.94,231.44,182.36,162.68,157.25,141.77,148.2,139.71,116.07,104.93,107.31,116.37,136.02,117.94,116.4,118.58,109.21,103.56,109.61,111.86,108.17,107.42,108.5,117.72,138.25,144.34,140.97,155.83,186.98,189.6,197.2,181.06,171.97,173.7,173.12,188.03,204.99,235.51
"합금철 (2015=100)","계약통화기준",0,0,0,0,0,0,0,0,0,0,0,0,0,0,0,0,0,0,0,0,0,0,0,0,0,0,0,0,0,0,0,0,0,0,0,0,0,0,0,0,0,0,0,0,0,0,0,0,0,0,0,0,0,0,0,0,0,0,0,0,0,0,0,0,0,0,0,0,0,0,0,0,0,0,0,0,0,0,0,0,0,0,0,0,0,0,0,0,0,0,0,0,0,0,0,0,0,0,0,0,0,0,0,0,0,0,0,0,0,0,0,0,0,0,0,0,0,0,0,0,0,0,0,0,0,0,0,0,0,0,0,0,0,0,0,0,0,0,0,0,0,0,0,0,0,0,0,0,0,0,0,0,0,0,0,0,0,0,0,0,0,0,0,0,0,0,0,0,0,0,0,0,0,0,0,0,0,0,0,0,0,0,0,0,0,0,0,0,0,0,0,0,0,0,0,0,0,0,0,0,0,0,0,0,0,0,0,0,0,0,0,0,0,0,0,0,0,0,0,0,0,0,0,0,0,0,0,0,0,0,0,0,0,0,0,0,0,0,0,0,0,0,0,0,0,0,0,0,0,0,0,0,0,0,0,0,0,0,0,0,0,0,0,0,0,0,0,0,0,0,0,0,0,0,0,0,0,0,0,0,0,0,0,0,0,0,0,0,0,0,0,0,0,0,0,0,0,0,0,0,0,0,0,0,0,0,0,0,0,0,0,0,0,0,0,0,0,0,0,0,0,0,0,0,0,0,0,0,0,0,0,0,0,0,0,0,0,0,0,0,0,0,0,0,0,0,0,0,0,0,0,0,0,0,0,0,0,0,0,0,0,0,0,0,0,0,0,0,0,0,0,0,0,0,0,0,0,0,0,0,0,0,0,0,0,0,0,0,0,0,0,0,0,0,0,0,0,0,0,0,0,0,0,0,0,0,0,0,0,0,0,0,0,0,0,0,0,0,0,0,0,0,0,0,0,0,0,0,0,0,0,0,0,0,0,0,0,0,0,0,0,0,0,0,0,0,0,0,0,0,0,0,0,0,0,0,0,0,0,0,0,0,0,0,0,0,0,0,0,0,0,0,0,0,0,0,0,0,0,0,0,0,0,0,0,0,0,0,0,0,0,0,0,0,0,0,0,0,0,0,0,0,0,0,0,0,0,0,0,0,0,0,0,0,0,0,94.66,94.88,94.88,97.67,102.66,100.92,103.36,103.36,103.36,99.55,99.55,100,100,100,100,100,100,100,100,100,100,100,100,100,100,91.16,91.17,97.44,97.44,97.75,90.82,94.7,90.58,90.9,103.5,103.21,109.83,113.55,117.23,127.15,121.48,114.55,125.04,163.83,174.1,147.64,155.9,174.6,220.29,236.72,261.85,257.78,247.58,258.23,280.7,285.45,285.45,322.54,338.85,269.65,250.88,252.82,231.49,180.75,155.48,151.25,136.42,138.63,131.91,110.85,101.66,103.2,113.01,128.83,109.31,107.43,109.12,102.05,97.68,104.43,107.31,106.85,108.77,112.04,121.31,140.62,144.32,142.41,156.87,188.56,187.43,192.18,175.07,164.42,166.04,165.38,178.08,193.43,218.1
"합금철 (2015=100)","달러기준",0,0,0,0,0,0,0,0,0,0,0,0,0,0,0,0,0,0,0,0,0,0,0,0,0,0,0,0,0,0,0,0,0,0,0,0,0,0,0,0,0,0,0,0,0,0,0,0,0,0,0,0,0,0,0,0,0,0,0,0,0,0,0,0,0,0,0,0,0,0,0,0,0,0,0,0,0,0,0,0,0,0,0,0,0,0,0,0,0,0,0,0,0,0,0,0,0,0,0,0,0,0,0,0,0,0,0,0,0,0,0,0,0,0,0,0,0,0,0,0,0,0,0,0,0,0,0,0,0,0,0,0,0,0,0,0,0,0,0,0,0,0,0,0,0,0,0,0,0,0,0,0,0,0,0,0,0,0,0,0,0,0,0,0,0,0,0,0,0,0,0,0,0,0,0,0,0,0,0,0,0,0,0,0,0,0,0,0,0,0,0,0,0,0,0,0,0,0,0,0,0,0,0,0,0,0,0,0,0,0,0,0,0,0,0,0,0,0,0,0,0,0,0,0,0,0,0,0,0,0,0,0,0,0,0,0,0,0,0,0,0,0,0,0,0,0,0,0,0,0,0,0,0,0,0,0,0,0,0,0,0,0,0,0,0,0,0,0,0,0,0,0,0,0,0,0,0,0,0,0,0,0,0,0,0,0,0,0,0,0,0,0,0,0,0,0,0,0,0,0,0,0,0,0,0,0,0,0,0,0,0,0,0,0,0,0,0,0,0,0,0,0,0,0,0,0,0,0,0,0,0,0,0,0,0,0,0,0,0,0,0,0,0,0,0,0,0,0,0,0,0,0,0,0,0,0,0,0,0,0,0,0,0,0,0,0,0,0,0,0,0,0,0,0,0,0,0,0,0,0,0,0,0,0,0,0,0,0,0,0,0,0,0,0,0,0,0,0,0,0,0,0,0,0,0,0,0,0,0,0,0,0,0,0,0,0,0,0,0,0,0,0,0,0,0,0,0,0,0,0,0,0,0,0,0,0,0,0,0,0,0,0,0,0,0,0,0,0,0,0,0,0,0,0,0,0,0,0,0,0,0,0,0,0,0,0,0,0,0,0,0,0,0,0,0,0,0,0,0,0,0,0,0,0,0,0,0,0,0,0,0,0,0,0,0,0,0,0,0,0,0,0,0,0,0,0,0,0,0,0,0,0,0,0,0,0,94.66,94.88,94.88,97.67,102.66,100.92,103.36,103.36,103.36,99.55,99.55,100,100,100,100,100,100,100,100,100,100,100,100,100,100,91.16,91.17,97.44,97.44,97.75,90.82,94.7,90.58,90.9,103.5,103.21,109.83,113.55,117.23,127.15,121.48,114.55,125.04,163.83,174.1,147.64,155.9,174.6,220.29,236.72,261.85,257.78,247.58,258.23,280.7,285.45,285.45,322.54,338.85,269.65,250.88,252.82,231.49,180.75,155.48,151.25,136.42,138.63,131.91,110.85,101.66,103.2,113.01,128.83,109.31,107.43,109.12,102.05,97.68,104.43,107.31,106.85,108.77,112.04,121.31,140.62,144.32,142.41,156.87,188.56,187.43,192.18,175.07,164.42,166.04,165.38,178.08,193.43,218.1
"조강 (2015=100)","원화기준",0,0,0,0,0,0,0,0,0,0,0,0,0,0,0,0,0,0,0,0,0,0,0,0,0,0,0,0,0,0,0,0,0,0,0,0,0,0,0,0,0,0,0,0,0,0,0,0,0,0,0,0,0,0,0,0,0,0,0,0,0,0,0,0,0,0,0,0,0,0,0,0,0,0,0,0,0,0,0,0,0,0,0,0,0,0,0,0,0,0,0,0,0,0,0,0,0,0,0,0,0,0,0,0,0,0,0,0,0,0,0,0,0,0,0,0,0,0,0,0,0,0,0,0,0,0,0,0,0,0,0,0,0,0,0,0,0,0,0,0,0,0,0,0,0,0,0,0,0,0,0,0,0,0,0,0,0,0,0,0,0,0,0,0,0,0,0,0,0,0,0,0,0,0,0,0,0,0,0,0,0,0,0,0,0,0,0,0,0,0,0,0,0,0,0,0,0,0,0,0,0,0,0,0,0,0,0,0,0,0,0,0,0,0,0,0,0,0,0,0,0,0,0,0,0,0,0,0,0,0,0,0,0,0,0,0,0,0,0,0,0,0,0,0,0,0,0,0,0,0,0,0,0,0,0,0,0,0,0,0,0,0,0,0,0,0,0,0,0,0,0,0,0,0,0,0,0,0,0,0,0,0,0,0,0,0,0,0,0,0,0,0,0,0,0,0,0,0,0,0,0,0,0,0,0,0,0,0,0,0,0,0,0,0,0,0,0,0,0,0,0,0,0,0,0,0,0,0,0,0,0,0,0,0,0,0,0,0,0,0,0,0,0,0,0,0,0,0,0,0,0,0,0,0,0,0,0,0,0,0,0,0,0,0,0,0,0,0,0,0,0,0,0,0,0,0,0,0,0,0,0,0,0,0,0,0,0,0,0,0,0,0,0,0,0,0,0,0,0,0,0,0,0,0,0,0,0,0,0,0,0,0,0,0,0,0,0,0,0,0,0,0,0,0,0,0,0,0,0,0,0,0,0,0,0,0,0,0,0,0,0,0,0,0,0,0,0,0,0,0,0,0,0,0,0,0,0,0,0,0,0,0,0,0,0,0,0,0,0,0,0,0,0,0,0,0,0,0,0,0,0,0,0,0,0,0,0,0,0,0,0,0,0,0,0,0,0,0,0,0,0,0,0,0,107.35,110.99,111.85,113.55,107.35,108,104.98,104.24,102.76,100.92,100.83,100.25,102.17,102.79,100.73,98.06,96.31,95.79,95.84,96.35,95.76,93.75,96.83,97.65,96.28,97.12,98.38,96.26,96.49,98.34,101.08,104.26,104.76,101.52,101.86,103.65,106.25,99.63,97.25,93.91,95.88,88.49,92.66,89.86,92.88,92.09,97.03,89.38,88.59,98.34,99.96,103.98,111.84,111.37,111.98,112.58,114.58,109.61,110.58,109.38,107.82,113.31,112.5,112.07,112.98,114.7,117.85,117.67,117.62,118.69,118.45,117.86,117.77,117.81,117.87,114.82,119.07,118.31,118.27,115.41,107.03,109.46,111.63,118.76,112.37,112.54,101.33,101.75,108.93,104.56,115.71,114.54,119.06,115.61,132.84,140.1,142.86,152.2,158.65,170.84,176.47,168.61,184.86,175.78,183.74,176.54,167.27,162.05,175.52,194.98,227.45
"조강 (2015=100)","계약통화기준",0,0,0,0,0,0,0,0,0,0,0,0,0,0,0,0,0,0,0,0,0,0,0,0,0,0,0,0,0,0,0,0,0,0,0,0,0,0,0,0,0,0,0,0,0,0,0,0,0,0,0,0,0,0,0,0,0,0,0,0,0,0,0,0,0,0,0,0,0,0,0,0,0,0,0,0,0,0,0,0,0,0,0,0,0,0,0,0,0,0,0,0,0,0,0,0,0,0,0,0,0,0,0,0,0,0,0,0,0,0,0,0,0,0,0,0,0,0,0,0,0,0,0,0,0,0,0,0,0,0,0,0,0,0,0,0,0,0,0,0,0,0,0,0,0,0,0,0,0,0,0,0,0,0,0,0,0,0,0,0,0,0,0,0,0,0,0,0,0,0,0,0,0,0,0,0,0,0,0,0,0,0,0,0,0,0,0,0,0,0,0,0,0,0,0,0,0,0,0,0,0,0,0,0,0,0,0,0,0,0,0,0,0,0,0,0,0,0,0,0,0,0,0,0,0,0,0,0,0,0,0,0,0,0,0,0,0,0,0,0,0,0,0,0,0,0,0,0,0,0,0,0,0,0,0,0,0,0,0,0,0,0,0,0,0,0,0,0,0,0,0,0,0,0,0,0,0,0,0,0,0,0,0,0,0,0,0,0,0,0,0,0,0,0,0,0,0,0,0,0,0,0,0,0,0,0,0,0,0,0,0,0,0,0,0,0,0,0,0,0,0,0,0,0,0,0,0,0,0,0,0,0,0,0,0,0,0,0,0,0,0,0,0,0,0,0,0,0,0,0,0,0,0,0,0,0,0,0,0,0,0,0,0,0,0,0,0,0,0,0,0,0,0,0,0,0,0,0,0,0,0,0,0,0,0,0,0,0,0,0,0,0,0,0,0,0,0,0,0,0,0,0,0,0,0,0,0,0,0,0,0,0,0,0,0,0,0,0,0,0,0,0,0,0,0,0,0,0,0,0,0,0,0,0,0,0,0,0,0,0,0,0,0,0,0,0,0,0,0,0,0,0,0,0,0,0,0,0,0,0,0,0,0,0,0,0,0,0,0,0,0,0,0,0,0,0,0,0,0,0,0,0,0,0,0,0,0,0,0,0,0,0,0,0,0,0,0,0,0,0,0,0,0,0,113.96,115.51,114.78,114.46,109.31,107.6,105.34,105.54,106.89,106.99,107.3,107.3,108.52,108.52,106.37,106.16,106.28,106.28,106.28,106.28,104.82,100,100,100,100,100,100,100,100,100,100,100,100,100,100,100,100,92.56,92.56,92.56,92.56,85.5,91.6,91.41,94.85,92.56,94.47,85.5,84.54,97.15,99.62,103.82,112.41,111.46,111.65,112.6,114.51,109.55,113.18,113.94,114.33,118.71,118.71,118.71,118.71,118.71,118.71,118.71,118.71,118.71,118.71,118.71,118.71,118.71,117.9,113.82,113.82,113.82,113.82,107.97,101.08,104.55,108.13,114.22,109.15,106.6,93.91,93.91,100.26,97.73,109.15,109.15,114.22,114.22,134.53,144.68,147.21,154.84,158.64,172.6,177.68,170.06,182.76,171.33,177.68,168.8,159.91,154.84,166.27,184.03,210.69
"조강 (2015=100)","달러기준",0,0,0,0,0,0,0,0,0,0,0,0,0,0,0,0,0,0,0,0,0,0,0,0,0,0,0,0,0,0,0,0,0,0,0,0,0,0,0,0,0,0,0,0,0,0,0,0,0,0,0,0,0,0,0,0,0,0,0,0,0,0,0,0,0,0,0,0,0,0,0,0,0,0,0,0,0,0,0,0,0,0,0,0,0,0,0,0,0,0,0,0,0,0,0,0,0,0,0,0,0,0,0,0,0,0,0,0,0,0,0,0,0,0,0,0,0,0,0,0,0,0,0,0,0,0,0,0,0,0,0,0,0,0,0,0,0,0,0,0,0,0,0,0,0,0,0,0,0,0,0,0,0,0,0,0,0,0,0,0,0,0,0,0,0,0,0,0,0,0,0,0,0,0,0,0,0,0,0,0,0,0,0,0,0,0,0,0,0,0,0,0,0,0,0,0,0,0,0,0,0,0,0,0,0,0,0,0,0,0,0,0,0,0,0,0,0,0,0,0,0,0,0,0,0,0,0,0,0,0,0,0,0,0,0,0,0,0,0,0,0,0,0,0,0,0,0,0,0,0,0,0,0,0,0,0,0,0,0,0,0,0,0,0,0,0,0,0,0,0,0,0,0,0,0,0,0,0,0,0,0,0,0,0,0,0,0,0,0,0,0,0,0,0,0,0,0,0,0,0,0,0,0,0,0,0,0,0,0,0,0,0,0,0,0,0,0,0,0,0,0,0,0,0,0,0,0,0,0,0,0,0,0,0,0,0,0,0,0,0,0,0,0,0,0,0,0,0,0,0,0,0,0,0,0,0,0,0,0,0,0,0,0,0,0,0,0,0,0,0,0,0,0,0,0,0,0,0,0,0,0,0,0,0,0,0,0,0,0,0,0,0,0,0,0,0,0,0,0,0,0,0,0,0,0,0,0,0,0,0,0,0,0,0,0,0,0,0,0,0,0,0,0,0,0,0,0,0,0,0,0,0,0,0,0,0,0,0,0,0,0,0,0,0,0,0,0,0,0,0,0,0,0,0,0,0,0,0,0,0,0,0,0,0,0,0,0,0,0,0,0,0,0,0,0,0,0,0,0,0,0,0,0,0,0,0,0,0,0,0,0,0,0,0,0,0,0,0,0,0,0,0,0,0,113.96,115.51,114.78,114.46,109.31,107.6,105.34,105.54,106.89,106.99,107.3,107.3,108.52,108.52,106.37,106.16,106.28,106.28,106.28,106.28,104.82,100,100,100,100,100,100,100,100,100,100,100,100,100,100,100,100,92.56,92.56,92.56,92.56,85.5,91.6,91.41,94.85,92.56,94.47,85.5,84.54,97.15,99.62,103.82,112.41,111.46,111.65,112.6,114.51,109.55,113.18,113.94,114.33,118.71,118.71,118.71,118.71,118.71,118.71,118.71,118.71,118.71,118.71,118.71,118.71,118.71,117.9,113.82,113.82,113.82,113.82,107.97,101.08,104.55,108.13,114.22,109.15,106.6,93.91,93.91,100.26,97.73,109.15,109.15,114.22,114.22,134.53,144.68,147.21,154.84,158.64,172.6,177.68,170.06,182.76,171.33,177.68,168.8,159.91,154.84,166.27,184.03,210.69
"철근및봉강 (2015=100)","원화기준",0,0,0,0,0,0,0,0,0,0,0,0,0,0,0,0,0,0,0,0,0,0,0,0,0,0,0,0,0,0,0,0,0,0,0,0,0,0,0,0,0,0,0,0,0,0,0,0,0,0,0,0,0,0,0,0,0,0,0,0,0,0,0,0,0,0,0,0,0,0,0,0,0,0,0,0,0,0,0,0,0,0,0,0,0,0,0,0,0,0,0,0,0,0,0,0,0,0,0,0,0,0,0,0,0,0,0,0,0,0,0,0,0,0,0,0,0,0,0,0,0,0,0,0,0,0,0,0,0,0,0,0,0,0,0,0,0,0,0,0,0,0,0,0,0,0,0,0,0,0,0,0,0,0,0,0,0,0,0,0,0,0,0,0,0,0,0,0,35.2,35.2,35.33,35.85,36.2,36.14,35.98,35.39,35.33,35.39,35.33,35.49,35.2,35.95,36.27,36.14,35.92,35.95,35.33,34.09,33.38,33.28,32.86,32.5,31.84,31.67,32.52,33.07,33.53,33.66,33.66,33.66,33.66,33.66,33.66,33.66,43.71,43.71,43.71,44.4,44.4,44.4,47.26,47.26,47.26,47.26,47.26,47.26,48.31,48.03,48.22,52.55,52.42,52.23,55.14,55.14,53.25,53.14,53.05,52.96,54.25,53.36,51.67,51.67,52.03,52.03,52.03,52.03,52.03,52.03,53.52,53.52,53.52,53.52,53.14,53.14,53.14,53.14,53.14,52.78,52.78,52.78,51.67,51.67,51.67,51.16,49.64,49.24,49.24,49.24,49.24,49.24,46.36,48.45,48.45,47.72,50.67,52.07,51.93,51.93,53.39,53.39,53.28,52.1,52.1,52.1,50.48,50.48,47.68,47.68,47.68,47.09,46.79,46.5,45.83,45.83,45.83,45.35,44.95,48.61,50.66,54.26,54.04,59.85,60.3,60.25,58.76,58.87,57.01,56.53,55.21,55.35,53.66,53.66,51.6,52.31,51.86,52.21,52.96,53.09,53.36,52.98,53.18,53.51,54.26,55.46,55.81,57.64,57.64,57.56,57.46,57.5,57.31,57.75,59.76,68.49,81.5,89.48,87.37,81.73,80.82,80.5,78.19,76.43,78.11,70.19,64.49,60.43,58.45,57.86,61.71,61.46,60.1,58.65,58.34,60.3,59.83,60.55,59.79,60.6,60.74,62.08,62.6,63.13,63.71,63.64,62.65,62.63,62.74,60.78,62.06,65.47,68.46,65.9,67.8,68.4,66.4,65.78,66.01,63.35,61.24,61.51,59.58,59.85,61.89,62.01,62.19,62.25,61.41,59.34,57.95,58.47,59.62,60.24,57.89,58.06,56.97,60.4,63.53,63.63,61.02,61.95,61.81,61.71,61.31,62.36,65.81,68.93,70.58,69.74,76.72,84.58,86.18,84.82,84.11,88.58,89.24,89.24,85.36,82.34,84.34,83.5,82.37,84.28,84.13,84.47,85.64,83.92,83.98,84.42,83.02,81.04,76.29,75.2,77.42,76.44,78.15,81.75,82.6,86,94.69,96.58,96.93,100.83,102.36,107.53,118.41,122.49,126.29,128.92,123.12,116.85,105.84,103.15,108.55,113.42,109.97,116.38,131.51,146.04,166.05,169.97,168.64,174.58,181.35,182.39,166.01,137.09,115.85,114.31,117.19,104.97,102.71,103.3,107.88,110.77,114.13,110.53,107.34,107.94,112.73,116.87,119.35,127.24,141.92,142.35,139.03,136.06,137.71,133.22,133.1,139.48,140.36,142.7,149.89,144.81,144.48,144.89,139.57,140.11,140.75,145.61,137.79,135.4,134.07,131.94,132.88,134.53,137.33,135.92,131.28,125.21,122.4,119.87,117.71,115.66,114.41,117.42,119.11,121.32,118.87,114.26,113.96,112.56,109.83,107.29,109.12,109.08,110.16,110.25,110.8,109.11,109.03,109.31,109.61,110.04,109.86,111.19,110.23,109.19,103.65,103.06,102.07,97.79,96.88,97.57,100.93,103.91,102.81,98.81,96.08,96.44,98.11,96.44,92.19,91.38,94.48,94.61,92.95,90.38,90.67,91.91,96.67,99.65,102.47,99.45,100.07,100.07,97.94,98.25,98.16,100.55,105.63,105.74,103.64,108.82,107.12,108.42,111.14,110.41,111.55,114.97,117.95,117.79,118.58,118.08,117.04,114.26,112.19,111.7,112.76,113.48,117.7,116.67,113.73,116.39,115.3,112.35,109.54,110.22,100.86,103.64,105.93,104.76,105.15,104.01,104.35,104.06,105.75,104.12,104.01,107.74,113.47,117.87,123.05,129.3,130.94,133.51,142.21,144.48,148.25,149.42,146.88,147.72,148.78,156.44,161.59
"철근및봉강 (2015=100)","계약통화기준",38.38,38.38,38.38,37.57,37.57,37.57,37.55,37.69,37.81,38.6,39.63,38.46,40,39.5,39.3,38.75,39.44,37.92,36.89,37.05,37.35,38.99,37.05,39.4,42.94,40.44,41.35,46.7,46.7,45.84,51.68,46.12,48.08,50.92,48.45,48.97,44.97,45.41,50.94,50.01,46.58,49.57,49.33,63.42,63.94,62.49,64.11,64.21,55.77,55.77,55.77,56.56,56.56,56.56,56.56,56.56,56.56,57.35,57.35,57.35,57.35,57.35,57.35,57.52,57.52,57.52,57.18,57.18,57.18,57.86,57.86,57.86,58.2,57.35,57.64,57.64,57.64,57.64,57.64,57.64,57.64,57.64,57.64,57.64,57.64,57.64,57.64,57.64,57.64,57.64,57.64,57.64,57.64,57.64,57.64,57.64,57.64,57.64,57.64,57.64,57.64,57.64,57.64,57.64,57.64,57.64,57.64,57.64,57.62,57.62,61.01,61.01,61.01,61.01,61.01,61.01,61.01,61.01,61.01,61.01,61.01,61.01,57.38,57.38,57.38,57.38,55.63,55.63,55.2,55.2,55.2,55.2,55.2,55.2,55.2,55.2,55.2,55.2,55.2,53.81,53.81,53.81,53.81,53.81,53.81,53.81,53.81,53.81,53.81,53.81,53.81,53.81,53.81,56.05,56.05,56.05,56.05,56.05,51.45,51.45,51.45,51.45,51.45,51.45,51.45,51.45,51.45,51.45,51.08,51.08,51.27,52.02,52.54,52.45,52.21,51.36,51.27,51.36,51.27,51.5,51.08,52.17,52.64,52.45,52.12,52.17,51.27,49.48,48.44,48.3,47.68,47.16,46.2,45.96,47.19,48,48.66,48.85,48.85,48.85,48.85,48.85,48.85,48.85,63.44,63.44,63.44,64.43,64.43,64.43,68.58,68.58,68.58,68.58,68.58,68.58,70.11,69.7,69.97,76.25,76.07,75.79,80.03,80.03,77.28,77.12,76.98,76.85,78.73,77.44,74.99,74.99,75.51,75.51,75.51,75.51,75.51,75.51,77.67,77.67,77.67,77.67,77.12,77.12,77.12,77.12,77.12,76.6,76.6,76.6,74.99,74.99,74.99,74.24,72.04,71.46,71.46,71.46,71.46,71.46,67.27,70.31,70.31,69.24,73.53,75.56,75.35,75.35,77.47,77.47,77.32,75.6,75.6,75.6,73.26,73.26,69.19,69.19,69.19,68.33,67.91,67.48,66.51,66.51,66.51,65.82,65.23,70.55,71.71,76.79,76.79,86.94,88.58,88.58,86.75,86.75,82.32,82.32,80.49,80.49,76.77,76.77,74,74.94,74.47,74.47,74.47,74.47,73.52,72.58,72.58,72.58,72.58,72.58,72.58,73.05,73.05,73.05,73.05,72.84,71.95,71.95,71.48,69.23,67.82,67.4,66.93,66.45,65.98,65.51,64.7,64.7,64.7,61.24,58.87,59.05,59.05,59.05,60.28,60.28,60.28,59.67,59.81,60.09,60.09,60.09,60.23,63.05,63.54,65.07,66.3,67.3,67.3,67.3,66.49,66.49,66.49,63.79,63.79,63.79,63.64,62.26,62.26,61.05,60.51,60.16,59.96,58.31,56.01,55.87,54.91,54.91,55.57,55.64,55.64,55.84,57.39,57.39,57.86,57.83,58.38,57.43,56.52,56.83,57.16,59.99,60.93,61.24,60.16,61.39,61.9,61.96,62.22,63.28,65.7,68.38,70.49,70.71,77.83,86.96,86.63,86.63,85.97,90.44,91.99,91.99,92.65,92.65,95.49,96.3,96.5,98.73,99.36,99.24,98.6,97.93,97.26,96.79,96.08,95.42,92.8,93.43,95.65,96.46,99.08,102.67,104.47,107.66,119.79,122.52,125.02,131.63,132.92,139.57,151.71,159.44,165.89,170.34,163.88,150.8,136.02,135.18,140.23,144.96,137.13,144.59,156.22,172.85,187.42,193.87,194.32,197.45,188.44,160.17,138.5,114.3,98.39,91.95,92.78,90.74,94.41,94.77,98.54,103.32,107.66,107.87,105.56,106.05,113.18,115.41,119.91,130.45,139.62,134.21,131.32,131.27,134.22,134.58,134.18,138.14,142.29,144.91,151.4,151.4,151.12,151.69,148.89,147.16,141.77,141.98,137.3,133.14,131.97,132.55,133.42,133.86,134.43,131.76,129.73,125.01,122.95,122.35,122.3,121.34,121.34,122.1,122.1,122.19,120.93,113.72,114.23,113.85,114.12,113.63,116,116.64,116.9,116.28,116.91,118.03,120.19,121.16,121.43,121.26,120.14,118.49,113.73,111.72,107.56,106.01,103.66,101.49,100.3,99.14,99.76,99.58,98.05,97.23,94.25,92.96,92.25,89.52,87.68,89.98,91.12,91.33,91.8,91.86,92.5,92.29,94.02,95.23,97.69,98.15,99.64,99.82,98.35,98.24,97.78,100.48,105.47,105.59,105.98,113.25,113.48,113.48,117.17,116.84,117.1,118.88,118.71,118.71,119.57,118,117.18,114.98,112.99,112.45,112.69,112.39,112.39,112.15,109.36,108.78,108.79,107.32,106.21,106.14,98.12,98.4,98.13,96.68,96.68,97.15,98.29,98.91,101.16,102.52,104.89,110.7,116.32,119.51,123.11,130.78,131.99,134.97,140.93,141.1,143.7,143.7,141.39,142.05,141.98,148.81,151.43
"철근및봉강 (2015=100)","달러기준",36.64,36.64,36.64,35.87,35.87,35.87,35.85,35.99,36.1,36.86,37.84,36.48,38.2,37.72,37.52,37,37.66,36.21,35.22,35.38,35.67,37.23,35.38,37.4,41,38.61,39.48,44.59,44.59,43.77,49.35,44.04,45.91,48.63,46.27,46.49,42.94,43.36,48.64,47.76,44.48,47.33,47.1,60.56,61.05,59.67,61.21,61.12,53.24,53.24,53.24,53.99,53.99,53.99,53.99,53.99,53.99,54.75,54.75,54.75,54.75,54.75,54.75,54.91,54.91,54.91,54.59,54.59,54.59,55.24,55.24,55.24,55.56,54.75,55.02,55.02,55.02,55.02,55.02,55.02,55.02,55.02,55.02,55.02,55.02,55.02,55.02,55.02,55.02,55.02,55.02,55.02,55.02,55.02,55.02,55.02,55.02,55.02,55.02,55.02,55.02,55.02,55.02,55.02,55.02,55.02,55.02,55.02,55.01,55.01,58.24,58.24,58.24,58.24,58.24,58.24,58.24,58.24,58.24,58.24,58.24,58.24,54.78,54.78,54.78,54.78,53.1,53.1,52.7,52.7,52.7,52.7,52.7,52.7,52.7,52.7,52.7,52.7,52.7,51.37,51.37,51.37,51.37,51.37,51.37,51.37,51.37,51.37,51.37,51.37,51.37,51.37,51.37,53.51,53.51,53.51,53.51,53.51,49.12,49.12,49.12,49.12,49.12,49.12,49.12,49.12,49.12,49.12,48.76,48.76,48.94,49.66,50.16,50.07,49.84,49.03,48.94,49.03,48.94,49.16,48.76,49.8,50.25,50.07,49.75,49.8,48.94,47.23,46.24,46.1,45.52,45.02,44.1,43.88,45.05,45.82,46.45,46.63,46.63,46.63,46.63,46.63,46.63,46.63,60.56,60.56,60.56,61.51,61.51,61.51,65.47,65.47,65.47,65.47,65.47,65.47,66.93,66.54,66.8,72.79,72.61,72.35,76.39,76.39,73.77,73.62,73.49,73.36,75.16,73.92,71.58,71.58,72.08,72.08,72.08,72.08,72.08,72.08,74.14,74.14,74.14,74.14,73.62,73.62,73.62,73.62,73.62,73.12,73.12,73.12,71.58,71.58,71.58,70.87,68.77,68.21,68.21,68.21,68.21,68.21,64.22,67.12,67.12,66.1,70.19,72.13,71.93,71.93,73.96,73.96,73.81,72.17,72.17,72.17,69.93,69.93,66.05,66.05,66.05,65.23,64.82,64.41,63.5,63.5,63.5,62.83,62.27,67.34,68.46,73.31,73.31,82.99,84.56,84.56,82.81,82.81,78.59,78.59,76.84,76.84,73.29,73.29,70.64,71.54,71.09,71.09,71.09,71.09,70.19,69.29,69.29,69.29,69.29,69.29,69.29,69.74,69.74,69.74,69.74,69.54,68.68,68.68,68.23,66.09,64.74,64.34,63.89,63.44,62.99,62.54,61.77,61.77,61.77,58.46,56.2,56.37,56.37,56.37,57.54,57.54,57.54,56.96,57.09,57.36,57.36,57.36,57.5,60.19,60.66,62.12,63.29,64.25,64.25,64.25,63.47,63.47,63.47,60.9,60.9,60.9,60.75,59.44,59.44,58.28,57.76,57.43,57.24,55.67,53.46,53.34,52.42,52.42,53.05,53.12,53.12,53.31,54.79,54.79,55.23,55.2,55.73,54.82,53.95,54.25,54.56,57.27,58.16,58.46,57.43,58.6,59.09,59.15,59.39,60.4,62.72,65.27,67.29,67.5,74.3,83.02,82.7,82.7,82.07,86.33,87.82,87.82,88.45,88.45,91.75,92.22,92.36,94.16,94.82,94.4,93.3,92.84,92.16,91.17,90.04,89.39,87.31,87.55,89.68,90.46,93.75,96.67,98.2,101.11,112.14,114.32,116.93,123.02,123.47,129.62,141.79,148.52,153.72,156.85,151.33,141.31,128.21,127.2,133.67,137.71,131.79,139.14,151.57,167.18,180.91,186.51,186.91,189.33,181.19,155.2,134.86,112.72,97.2,90.32,90.54,88.35,92.17,92.5,96.4,101.03,105.74,106.22,104.13,104.51,111.82,114.1,118.51,128.67,137.86,132.63,130.09,130.26,133.31,133.95,133.5,137.31,141.59,144.18,150.85,150.51,150.64,151.35,148.77,147.5,142.17,142.4,137.53,133.32,132.2,132.71,133.35,133.86,134.43,131.76,129.73,125.01,122.95,122.35,122.3,121.34,121.34,122.1,122.1,122.19,120.93,113.72,114.23,113.85,114.12,113.63,116,116.64,116.9,116.28,116.91,118.03,120.19,121.16,121.43,121.26,120.14,118.49,113.73,111.72,107.56,106.01,103.66,101.49,100.3,99.14,99.76,99.58,98.05,97.23,94.25,92.96,92.25,89.52,87.68,89.98,91.12,91.33,91.8,91.86,92.5,92.29,94.02,95.23,97.69,98.15,99.64,99.82,98.35,98.24,97.78,100.48,105.47,105.59,105.98,113.25,113.48,113.48,117.17,116.84,117.1,118.88,118.71,118.71,119.57,118,117.18,114.98,112.99,112.45,112.69,112.39,112.39,112.15,109.36,108.78,108.79,107.21,106.03,105.92,97.89,98.1,98.11,96.62,96.69,97.13,98.35,99.07,101.37,102.78,105.24,111.17,116.84,119.8,122.93,130.52,131.73,134.55,140.46,140.7,143.23,142.75,140.31,141.02,140.81,147.51,149.54
"형강 (2015=100)","원화기준",0,0,0,0,0,0,0,0,0,0,0,0,0,0,0,0,0,0,0,0,0,0,0,0,0,0,0,0,0,0,0,0,0,0,0,0,0,0,0,0,0,0,0,0,0,0,0,0,0,0,0,0,0,0,0,0,0,0,0,0,0,0,0,0,0,0,0,0,0,0,0,0,0,0,0,0,0,0,0,0,0,0,0,0,0,0,0,0,0,0,0,0,0,0,0,0,0,0,0,0,0,0,0,0,0,0,0,0,0,0,0,0,0,0,0,0,0,0,0,0,0,0,0,0,0,0,0,0,0,0,0,0,0,0,0,0,0,0,0,0,0,0,0,0,0,0,0,0,0,0,0,0,0,0,0,0,0,0,0,0,0,0,0,0,0,0,0,0,37.19,36.54,36.22,36.22,36.22,36.22,35.28,35.57,35.57,35.57,35.57,35.57,37.19,35.57,35.57,35.57,35.57,35.57,35.57,35.57,35.57,35.57,35.57,35.57,35.57,35.39,35.39,36.51,36.51,37.73,39.13,39.13,41.07,41.07,41.07,44.64,47.69,49.85,49.85,49.17,49.17,49.17,50.25,50.25,50.25,50.79,50.79,50.79,52.08,52.08,52.08,54.17,54.17,54.17,56.58,56.58,56.58,55.71,55.71,55.71,55.09,55.09,56.21,56.21,56.72,56.72,56.72,56.72,56.72,56.72,56.16,56.16,56.16,56.16,57.06,58.13,58.13,58.13,58.13,57,55.03,49.52,49.52,47.61,47.61,47.61,45.07,45.07,45.07,44,44,43.67,43.67,43.67,44.68,44.68,45.13,45.13,46.2,47.1,50.93,50.93,51.43,50.93,50.93,49.97,49.97,49.01,49.46,47.61,47.61,45.47,45.47,44.74,44.74,44.74,44.74,44.74,44.74,44.51,45.63,45.77,48.27,48.97,49.96,48.27,47.94,47.37,47.37,46.81,44.03,44.17,44.64,43.94,42.67,42.24,42.1,42.29,43.04,42.71,42.9,42.95,42.95,43.23,43.61,44.03,44.31,45.26,45.4,46.01,45.96,45.96,46.29,46.67,49.16,66.47,77.81,72.45,69.95,61.67,59.23,57.44,53.25,47.14,49.77,49.91,48.08,44.88,42.81,41.77,43.56,42.76,42.29,41.73,41.82,43.61,43.94,46.76,46.29,47,46.86,48.29,48.43,48.15,47.31,46.21,46.05,46.04,44.24,44.66,45.6,48.11,49,48.21,49.89,51.33,50.28,49.51,49.84,49.18,49.5,49.78,49.07,48.82,49.87,51.19,51.34,51.2,51.47,50.41,46.22,48.97,49.56,50.27,49.91,49.84,50.61,52.45,56.59,63.42,62.72,61.45,62.83,59.84,63.42,64.5,66.41,68.17,70.99,80.94,89.31,91.54,113.51,105.56,93.34,92.89,96.21,97.28,94.21,91.64,92.52,84.23,83.65,84.35,84.08,84.34,80.83,79.24,80.12,78.18,78.46,76.65,75.68,74.44,75.48,76.24,76.64,77.54,85.63,86.78,87.38,88.78,87.43,86.45,88.66,93.29,98.39,98.67,99.2,100.84,99.27,99.44,100.08,97.72,98.61,104.7,108.3,116.44,133.02,145.89,166.12,187.26,190.42,202.12,206.91,204.46,153.53,137.24,131.09,126.67,124.17,100.04,95.15,96.51,99.27,101.97,101.24,95.06,92.55,95.12,94.64,98.57,104.42,108.45,114.21,119.04,111.75,111.45,109.78,107.84,106.05,111.94,111.18,112.33,125.17,124.15,126.7,127.28,126.18,128.1,134.45,135.85,131.47,127.5,127.31,126.5,127.02,129.86,131.3,131.63,129.12,122.73,118.89,114.73,111.81,110.73,108.88,111.18,113.37,114.25,111.26,112.98,111.57,110.7,107.76,105.73,105.21,103.3,105.38,106.83,105.52,102.65,97.7,96.42,97.23,97.74,98.21,100.25,102.8,103.67,101.43,101.79,101.39,99.32,97.72,100.11,101.97,103.53,102.67,98.17,96.92,94.98,95.96,96.72,97.79,99.33,102.39,99.44,96.14,93.77,92.54,93.85,98.52,101.95,102.37,100.23,102.03,98.72,96.91,94.54,95.12,98.08,102.67,103.1,102.41,102.19,99.34,101.6,103,102.77,103.99,106.21,108.86,108.05,107.99,110.33,109.82,107.15,107.06,108.55,109.29,109.31,111.81,109.75,108.61,112.63,108.05,102.8,100.67,101.04,98.73,98.74,98.4,98.4,96.27,95.08,95.73,95.4,96.77,95.51,94.48,104.66,117.24,125.72,131.43,137.25,157.15,164.64,169.73,177.44,181.75,187.06,180.16,180.96,182.81,187.57,193.63
"형강 (2015=100)","계약통화기준",43.68,43.1,42.05,42.05,41.86,42.14,42.14,42.53,42.81,42.81,43.39,43.29,43.29,43.29,43.29,49.9,49.9,49.9,49.9,47.89,47.89,46.55,46.55,48.27,48.27,54.12,58.04,58.04,58.04,58.04,58.04,58.04,58.04,58.04,58.04,58.04,58.04,58.04,58.04,58.04,106.99,106.99,118.48,128.25,124.7,121.06,105.36,105.36,105.36,113.9,75.45,62.34,62.34,62.34,62.34,62.34,65.6,65.6,65.6,65.6,65.6,68.93,75.45,75.45,79.87,82.04,82.04,82.04,75.45,75.45,73.28,72.19,70.02,68.93,68.93,68.93,68.93,68.93,68.93,68.93,68.93,68.93,68.93,68.93,68.93,68.93,68.93,68.93,68.93,68.93,68.93,68.93,68.93,68.93,68.93,68.93,68.93,68.93,68.93,68.93,68.93,68.93,68.93,68.93,68.93,68.93,68.93,68.93,68.95,68.95,72.04,72.04,72.04,72.11,72.11,72.11,68.95,68.95,68.95,63.7,63.7,60.61,61.88,61.88,61.88,61.88,61.88,61.88,61.88,61.88,61.88,61.88,53.05,57.46,57.46,57.46,57.46,57.46,57.46,57.46,57.46,57.46,57.46,57.46,57.46,57.46,57.46,57.46,57.46,57.46,57.46,57.46,57.46,57.46,57.46,57.46,57.46,57.46,57.46,57.46,57.46,57.46,57.46,57.46,57.46,57.46,57.46,50.8,50.84,49.96,49.51,49.51,49.51,49.51,48.23,48.63,48.63,48.63,48.63,48.63,50.84,48.63,48.63,48.63,48.63,48.63,48.63,48.63,48.63,48.63,48.63,48.63,48.63,48.38,48.38,49.91,49.91,51.58,53.5,53.5,56.15,56.15,56.15,61.02,65.2,68.15,68.15,67.21,67.21,67.21,68.69,68.69,68.69,69.43,69.43,69.43,71.2,71.2,71.2,74.05,74.05,74.05,77.34,77.34,77.34,76.16,76.16,76.16,75.31,75.31,76.85,76.85,77.54,77.54,77.54,77.54,77.54,77.54,76.77,76.77,76.77,76.77,78,79.46,79.46,79.46,79.46,77.92,75.23,67.69,67.69,65.08,65.08,65.08,61.62,61.62,61.62,60.15,60.15,59.69,59.69,59.69,61.08,61.08,61.69,61.69,63.15,64.39,69.62,69.62,70.31,69.62,69.62,68.31,68.31,67,67.62,65.08,65.08,62.15,62.15,61.15,61.15,61.15,61.15,61.15,61.15,61.15,61.45,61.45,64.18,64.88,66.54,64.69,64.69,64.69,64.69,64.69,61.13,61.13,61.13,60.49,58.83,58.39,58.26,58.07,57.69,56.73,56.73,56.73,56.73,56.73,56.73,56.73,56.73,56.73,56.73,56.73,56.73,56.73,56.73,56.73,56.73,56.73,52.21,49.41,49.41,49.41,48.39,46.86,45.02,41.9,41.9,41.39,41.39,41.32,40.82,40.24,40.24,39.67,40.11,40.11,40.5,41.13,41.77,44,44.25,46.61,46.81,48.33,48.98,49.01,47.72,46.67,46.67,46.67,44.76,44.76,44.76,44.76,43.5,43.49,43.75,43.75,43.75,43.23,43.23,43.23,43.23,43.18,43.18,42.77,42.77,43.86,43.86,43.86,45.94,46.55,44.06,46.25,46.34,45.76,46.54,46.59,48.48,49.75,51.83,58.29,59.05,58.14,60.08,57.38,61.46,62.5,63.31,64.57,67.7,78.37,86.52,89.87,108.96,102.95,91.11,90.56,94.71,96.05,97.65,98.47,100.67,93.05,93.83,94.26,94.79,94.29,88.09,87.7,87.96,84.45,85.12,84.57,86.62,86.7,87.47,90.25,91.99,91.72,101.82,102.06,103.54,105.13,105.52,105.52,106.99,112.48,117.86,119.69,120.8,122.74,122.07,120.32,121.28,120.56,121.5,127.17,129.85,139.27,153.38,167.06,181.05,205.57,211.12,219.26,206.81,174.1,124.8,112.87,110.03,100.13,95.97,84.24,85.42,86.45,88.74,93.04,93.83,91.41,89.83,92.14,93.93,96.27,103.71,109.69,110.94,110.94,104.61,106.72,106.27,108.46,106.4,110.22,112.17,113.52,126,129.07,132.13,133.03,134.57,134.88,135.79,132.83,131.21,125.54,125.52,127.23,127.47,129.2,128.51,127.6,127.6,122.52,119.44,117.1,116.16,116.16,115.46,115.59,116.19,115.06,113.17,112.43,111.83,111.97,111.97,111.97,111.83,110.46,111.83,112.68,111.33,111.04,107.71,106.88,107.71,107.71,107.39,106.83,106.07,106.07,105.25,104.7,102.96,103.08,101.18,101.69,100.79,99.21,97.91,96.6,95.07,91.55,90.23,89.77,92.99,97.79,98.75,95.98,94.95,95.3,94.42,94.23,95.82,97.42,97.58,98.91,101.59,98.46,97.31,94.51,94.73,97.99,102.51,102.94,104.7,106.33,105.21,106.32,108.55,108.73,109.15,109.8,109.54,108.87,108.87,110.23,109.95,107.81,107.81,109.27,109.21,108.25,106.75,105.48,104.4,105.25,101.95,98.07,97.42,97.08,95.8,93.44,91.12,90.73,88.52,88.77,90.2,90.81,92.75,94.26,95.58,107.96,120.67,127.75,131.28,138.5,158.04,165.87,167.6,172.76,175.55,178.65,172.05,172.7,172.96,176.81,179.14
"형강 (2015=100)","달러기준",47.21,46.59,45.45,45.45,45.25,45.56,45.56,45.97,46.28,46.28,46.9,46.59,46.8,46.8,46.8,53.95,53.95,53.95,53.95,51.77,51.77,50.32,50.32,51.77,52.18,58.5,62.75,62.75,62.75,62.75,62.75,62.75,62.75,62.75,62.75,62.12,62.75,62.75,62.75,62.75,115.66,115.66,128.08,138.64,134.81,130.88,113.9,113.9,113.83,123.06,81.52,67.36,67.36,67.36,67.36,67.36,70.88,70.88,70.88,70.88,70.88,74.48,81.52,81.52,86.29,88.64,88.64,88.64,81.52,81.52,79.17,78,75.65,74.48,74.48,74.48,74.48,74.48,74.48,74.48,74.48,74.48,74.48,74.48,74.48,74.48,74.48,74.48,74.48,74.48,74.48,74.48,74.48,74.48,74.48,74.48,74.48,74.48,74.48,74.48,74.48,74.48,74.48,74.48,74.48,74.48,74.48,74.48,74.5,74.5,77.83,77.83,77.83,77.91,77.91,77.91,74.5,74.5,74.5,68.82,68.82,65.49,66.85,66.85,66.85,66.85,66.85,66.85,66.85,66.85,66.85,66.85,57.31,62.08,62.08,62.08,62.08,62.08,62.08,62.08,62.08,62.08,62.08,62.08,62.08,62.08,62.08,62.08,62.08,62.08,62.08,62.08,62.08,62.08,62.08,62.08,62.08,62.08,62.08,62.08,62.08,62.08,62.08,62.08,62.08,62.08,62.08,54.89,54.93,53.97,53.5,53.5,53.5,53.5,52.11,52.54,52.54,52.54,52.54,52.54,54.93,52.54,52.54,52.54,52.54,52.54,52.54,52.54,52.54,52.54,52.54,52.54,52.54,52.27,52.27,53.92,53.92,55.73,57.8,57.8,60.67,60.67,60.67,65.93,70.44,73.63,73.63,72.62,72.62,72.62,74.21,74.21,74.21,75.01,75.01,75.01,76.92,76.92,76.92,80,80,80,83.56,83.56,83.56,82.29,82.29,82.29,81.37,81.37,83.03,83.03,83.78,83.78,83.78,83.78,83.78,83.78,82.95,82.95,82.95,82.95,84.28,85.86,85.86,85.86,85.86,84.19,81.28,73.14,73.14,70.31,70.31,70.31,66.57,66.57,66.57,64.99,64.99,64.5,64.5,64.5,65.99,65.99,66.66,66.66,68.24,69.57,75.22,75.22,75.96,75.22,75.22,73.8,73.8,72.39,73.06,70.31,70.31,67.15,67.15,66.07,66.07,66.07,66.07,66.07,66.07,65.74,65.8,65.94,69.97,72.4,74.69,72.26,72.05,71.01,69.62,69.41,65.38,65.38,64.97,63.99,62.39,61.56,61.63,61.07,60.45,59.75,59.55,59.27,59.13,59.06,58.71,58.09,58.09,57.81,58.02,58.85,58.92,58.92,58.3,58.16,57.95,57.46,52.74,50.44,50.3,50.03,48.85,46.69,44.68,41.9,42.25,41.62,41.62,41.62,41.06,40.44,40.44,39.88,40.3,40.3,40.72,41.27,41.97,44.12,44.33,46.62,46.81,48.33,48.98,49.01,47.72,46.67,46.67,46.67,44.76,44.76,44.76,44.76,43.5,43.49,43.75,43.75,43.75,43.23,43.23,43.23,43.23,43.18,43.18,42.77,42.77,43.86,43.86,43.86,45.94,46.55,44.06,46.25,46.34,45.76,46.54,46.59,48.48,49.75,51.83,58.29,59.05,58.14,60.08,57.38,61.46,62.5,63.31,64.57,67.7,78.37,86.52,89.87,108.96,102.95,91.11,90.56,94.71,96.05,97.65,98.47,100.67,93.05,93.83,94.26,94.79,94.29,88.09,87.7,87.96,84.45,85.12,84.57,86.62,86.7,87.47,90.25,91.99,91.72,101.82,102.06,103.54,105.13,105.52,105.52,106.99,112.48,117.86,119.69,120.8,122.74,122.07,120.32,121.28,120.56,121.5,127.17,129.85,139.27,153.38,167.06,181.05,205.57,211.12,219.26,206.81,174.1,124.8,112.87,110.03,100.13,95.97,84.24,85.42,86.45,88.74,93.04,93.83,91.41,89.83,92.14,93.93,96.27,103.71,109.69,110.94,110.94,104.61,106.72,106.27,108.46,106.4,110.22,112.17,113.52,126,129.07,132.13,133.03,134.57,134.88,135.79,132.83,131.21,125.54,125.52,127.23,127.47,129.2,128.51,127.6,127.6,122.52,119.44,117.1,116.16,116.16,115.46,115.59,116.19,115.06,113.17,112.43,111.83,111.97,111.97,111.97,111.83,110.46,111.83,112.68,111.33,111.04,107.71,106.88,107.71,107.71,107.39,106.83,106.07,106.07,105.25,104.7,102.96,103.08,101.18,101.69,100.79,99.21,97.91,96.6,95.07,91.55,90.23,89.77,92.99,97.79,98.75,95.98,94.95,95.3,94.42,94.23,95.82,97.42,97.58,98.91,101.59,98.46,97.31,94.51,94.73,97.99,102.51,102.94,104.7,106.33,105.21,106.32,108.55,108.73,109.15,109.8,109.54,108.87,108.87,110.23,109.95,107.81,107.81,109.27,109.21,108.25,106.75,105.48,104.4,105.25,101.95,98.07,97.42,97.08,95.8,93.44,91.12,90.73,88.52,88.77,90.2,90.81,92.75,94.26,95.58,107.96,120.67,127.75,131.28,138.5,158.04,165.87,167.6,172.76,175.55,178.65,172.05,172.7,172.96,176.81,179.14
"중후판(두께3mm이상) (2015=100)","원화기준",0,0,0,0,0,0,0,0,0,0,0,0,0,0,0,0,0,0,0,0,0,0,0,0,0,0,0,0,0,0,0,0,0,0,0,0,0,0,0,0,0,0,0,0,0,0,0,0,0,0,0,0,0,0,0,0,0,0,0,0,0,0,0,0,0,0,0,0,0,0,0,0,0,0,0,0,0,0,0,0,0,0,0,0,0,0,0,0,0,0,0,0,0,0,0,0,0,0,0,0,0,0,0,0,0,0,0,0,0,0,0,0,0,0,0,0,0,0,0,0,0,0,0,0,0,0,0,0,0,0,0,0,0,0,0,0,0,0,0,0,0,0,0,0,0,0,0,0,0,0,0,0,0,0,0,0,0,0,0,0,0,0,0,0,0,0,0,0,24.43,23.18,23.18,23.18,23.18,22.97,22.8,23.29,23.34,22.8,23.48,23.67,24.43,23.71,23.71,23.53,23.53,23.83,23.97,23.97,23.97,24.34,24.34,24.34,24.34,24.53,24.53,24.53,26.65,26.65,26.65,26.65,29.44,29.44,29.44,33.31,33.31,33.31,40.04,40.04,40.04,40.04,40.04,39.6,39.6,39.48,39.48,39.48,39.48,39.48,39.48,39.76,39.92,39.92,40.23,40.23,40.23,40.23,38.11,38.11,36.78,36.42,36.42,36.42,36.42,36.42,36.42,35.48,35.48,35.48,35.48,35.48,35.48,35.92,36.35,36.35,35.88,35.88,35.88,35.27,35.27,35.52,35.52,35.12,35.12,35.12,35.12,33.14,33.14,33.14,32.42,32.42,32.42,31.84,31.84,31.84,31.48,30.98,31.73,32.35,33.43,33.79,33.43,33.75,33.68,33.57,33.39,33.28,32.99,33.36,33.21,33.28,32.71,32.6,33.1,33.07,33.1,33.14,34.51,34.65,35.51,35.97,38.82,39.2,39.09,38.93,38.63,38.52,38.29,37.79,37.64,37.76,38.1,37.87,37.87,37.72,37.72,37.95,38.93,39.58,39.73,39.73,40.19,40.42,40.68,40.99,41.22,42.09,42.24,43.57,43.54,43.42,43.69,44.03,46.31,62.47,79.31,78.02,75.21,64.83,62.81,62.85,57.22,54.18,57.41,58.17,57.53,53.69,53.04,52.28,53.46,51.75,50.42,46.77,46.31,48.74,49.58,50.87,50.3,49.01,48.14,47.11,47.26,47.21,47.05,47.4,46.88,46.82,47.17,47.29,48.18,50.09,51.45,47.02,46.44,47.32,44.89,43.18,42.37,42.28,43.06,43.62,42.83,42.19,42.72,42.63,43.12,45.6,44.48,43.51,45.39,45.62,45.8,46.45,45.78,45.6,46.44,46.74,48.56,52.1,51.43,50.94,51.86,51.69,51.97,53.23,54.17,54.86,57.29,56.4,55.81,55.42,69.5,69.24,82.49,82.21,81.56,89.67,87.23,84.53,91.78,89.63,88.16,96.03,95.38,95.32,90.81,89.89,90.51,88.43,86.78,85.29,81.53,78.04,75.13,74.22,74.85,75.02,75.96,77.35,76.58,76,73.9,73.38,73.7,73.98,76.15,75.76,75.45,75.73,75.59,79.03,79.44,78.14,78.77,81.57,90.39,92.27,100.69,119.72,128.97,131.58,143.92,149.18,162.82,176.47,190.19,183.32,166.15,145.85,142.92,124.46,119.87,117.31,130.38,131.67,132.47,129.39,129.84,123.67,116.77,118.96,121.95,123.58,130.77,140.87,153.76,149.24,146.04,141.59,139.84,142.64,139.79,140.17,143.63,150.23,159.5,159.43,153.33,154.87,149.85,152.44,149.97,147.11,138.41,133.74,133.9,134.07,137.02,137.37,135.79,134.56,130.32,127.91,123.66,121.45,113.74,114.7,112.91,114.1,111.2,113.48,114.65,116.29,110.28,108.57,111.03,109.43,110.27,111.47,111.41,108.6,105.69,104.13,104.46,106.21,105.92,108.54,109.03,105.75,100.35,99.85,97.95,96,96.01,97.24,100.05,103.23,104.33,101.13,100.96,102.9,106.29,98.55,96.98,94.97,100.92,104.24,102.01,102.81,98.02,76.17,69.66,68.94,77.34,77.04,79.8,78.58,76.59,76.46,76.51,79.29,80.53,80.36,80.23,80.75,83.04,86.52,86.06,90.03,91.25,92.68,95.23,96.05,96,96.88,93.83,92.39,94.19,96.09,96.8,96.09,99.11,96.99,95.75,96.93,91.07,86.81,85.54,85.45,86.11,86.2,82.09,74.13,74.08,73.62,73.9,79.84,81.49,78.87,81.22,94.66,111.26,108.25,117.88,134.18,152.93,152.53,159.87,160.74,149.68,143.77,139.29,133.84,138.67,153.37,194.34
"중후판(두께3mm이상) (2015=100)","계약통화기준",17.58,17.38,16.94,16.94,16.84,16.94,16.94,17.08,17.18,17.18,17.38,17.33,17.33,17.33,17.33,18.12,17.92,17.03,18.12,18.12,18.12,19.89,19.89,19.89,19.89,21.51,21.66,22.7,21.37,24.02,21.51,21.51,31.51,32.59,30.47,31.11,40.61,44.75,44.75,50.36,53.81,53.81,53.81,53.81,48.74,48.74,48.74,48.74,48.77,48.77,48.77,26.72,26.72,26.72,26.72,26.72,26.72,26.72,26.72,26.72,26.72,26.72,26.72,26.72,26.72,26.72,27.5,28.98,28.98,27.91,27.17,25.4,24.72,24.72,24.72,26.72,26.72,26.72,30.07,30.07,30.07,30.07,30.07,30.07,30.07,30.07,35.49,37.42,37.42,37.42,38.2,38.2,38.2,38.2,38.2,40.74,40.74,40.74,40.74,40.74,40.74,40.74,40.74,40.74,41.16,41.16,41.16,42.1,40.11,40.11,40.77,40.77,40.77,41.42,41.42,41.42,41.42,41.42,41.42,42.08,42.08,42.08,45.49,45.49,45.49,45.49,46.23,46.23,46.23,46.23,44.63,44.63,44.63,44.63,44.63,43.11,43.11,43.11,39,39,39,39,34.52,34.52,34.52,34.52,34.52,34.52,34.52,34.52,36.74,36.74,36.74,36.74,36.74,36.74,38.79,38.83,38.83,38.22,38.22,39.7,39.7,38.67,37.97,37.97,37.97,37.97,37.99,36.04,36.04,36.04,36.04,35.71,35.46,36.22,36.29,35.46,36.51,36.8,37.99,36.87,36.87,36.58,36.58,37.05,37.27,37.27,37.27,37.85,37.85,37.85,37.85,38.14,38.14,38.14,41.43,41.43,41.43,41.43,45.78,45.78,45.78,51.79,51.79,51.79,62.26,62.26,62.26,62.26,62.26,61.57,61.57,61.39,61.39,61.39,61.39,61.39,61.39,61.82,62.08,62.08,62.55,62.55,62.55,62.55,59.25,59.25,57.19,56.63,56.63,56.63,56.63,56.63,56.63,55.17,55.17,55.17,55.17,55.17,55.17,55.84,55.84,55.84,56.12,56.12,56.12,55.23,55.23,54.72,54.72,53.77,53.77,53.77,53.77,51.3,51.3,51.3,49.17,49.17,49.17,47.66,47.66,47.66,47.66,46.65,47.04,47.6,48.78,48.78,48.5,48.39,48.39,48.39,48.39,48.39,48.39,48.39,47.83,47.83,46.93,46.93,46.93,46.93,46.93,46.93,48.84,49.23,49.85,50.33,53.53,53.53,53.53,53.53,53.53,54.49,54.49,54.49,54.49,54.49,54.49,54.49,54.49,54.49,54.49,54.49,54.49,54.97,54.97,54.97,55.61,55.61,55.61,55.61,55.61,55.61,55.61,56.52,56.52,56.52,56.52,56.52,56.52,56.52,56.52,56.52,56.52,55.4,54.49,54.49,51.66,51.66,51.66,49.85,49.85,49.85,49.85,49.85,49.85,48.4,48.4,45.47,45.47,45.47,45.47,45.47,45.47,45.47,45.47,45.47,45.47,45.47,45.47,45.47,45.47,45.47,45.47,45.47,45.47,45.47,45.47,42.15,41.39,41.39,39.87,38.48,37.78,37.78,37.78,38.48,38.48,38.48,38.85,38.85,38.85,41.07,41.07,41.07,43.28,43.28,43.28,43.28,43.28,43.28,44.68,44.68,44.68,48.36,48.36,48.36,49.73,49.73,49.73,49.73,49.73,49.73,51.95,51.95,51.95,51.95,65.08,65.08,77.56,77.56,77.56,85.21,85.21,85.21,93.45,93.45,93.45,102.39,102.39,102.39,96.49,96.49,96.49,94.31,94.31,94.31,92.32,90.87,86.77,87.5,87.5,87.5,89.26,89.92,89.92,89.5,88.47,88.81,88.8,89.13,90.48,91.45,91.8,92.5,93.07,94.78,95.06,95.35,94.98,97.26,105.3,107.09,111.05,131.32,135.35,140.05,154.68,157.73,157.73,142.7,145.23,138.69,127.07,107.2,104.13,99.34,101.47,99.01,109.34,113,114.56,115.77,117,111.35,108.03,108.03,112.74,117.27,118.67,122.34,132.81,131.05,129.28,129.28,127.6,128.04,128.25,128.93,131.11,142.32,150.67,150.58,147.31,145.79,135.15,133.09,134,129.84,121.99,120.77,122.21,120.93,120.93,119.92,120.74,120.74,117.47,117.47,116.26,116.26,111.8,111.8,109.01,109.01,108.19,107.06,109.56,111.61,109.14,109.14,112.6,112.6,112.79,112.79,112.79,112.79,111.66,110.68,110.89,112.49,112.49,112.49,111.43,107.91,103.63,102.27,99.41,99.41,99.41,99.41,99.41,99.41,99.41,99.41,99.41,99.41,99.41,89.72,89.72,89.72,93.01,94.68,94.08,96.25,92.36,71.32,64.5,64.93,72.4,73.97,77.29,76.26,74.8,74.37,74.13,77.06,78.22,78.06,79.8,81.73,85.55,88.08,88.24,92.66,93.16,93.21,93.21,94.15,94.15,94.15,91.37,90.43,92.27,94.08,94.08,92.57,92.05,90.67,89.54,88.11,83.58,80.58,80.54,79.88,81.29,79.37,73.95,66.5,66.27,66.88,67.75,73.95,75.98,75.73,79.94,95.01,111.44,107.03,114.56,131.76,149.65,149.52,153.6,152.27,140.68,133.61,129.43,124.29,127.67,140.7,174.95
"중후판(두께3mm이상) (2015=100)","달러기준",16.69,16.51,16.09,16.09,15.99,16.09,16.09,16.23,16.32,16.32,16.51,16.37,16.46,16.46,16.46,17.21,17.02,16.18,17.21,17.21,17.21,18.89,18.89,18.7,18.89,20.43,20.57,21.56,20.29,22.82,20.43,20.43,29.93,30.96,28.95,29.46,38.58,42.51,42.51,47.84,51.11,51.11,51.11,51.11,46.29,46.29,46.29,46.29,46.31,46.31,46.31,25.37,25.37,25.37,25.37,25.37,25.37,25.37,25.37,25.37,25.37,25.37,25.37,25.37,25.37,25.37,26.11,27.51,27.51,26.5,25.8,24.12,23.47,23.47,23.47,25.37,25.37,25.37,28.55,28.55,28.55,28.55,28.55,28.55,28.55,28.55,33.7,35.53,35.53,35.53,36.27,36.27,36.27,36.27,36.27,38.68,38.68,38.68,38.68,38.68,38.68,38.68,38.68,38.68,39.08,39.08,39.08,39.97,38.08,38.08,38.71,38.71,38.71,39.33,39.33,39.33,39.33,39.33,39.33,39.96,39.96,39.96,43.19,43.19,43.19,43.19,43.9,43.9,43.9,43.9,42.37,42.37,42.37,42.37,42.37,40.93,40.93,40.93,37.03,37.03,37.03,37.03,32.78,32.78,32.78,32.78,32.78,32.78,32.78,32.78,34.88,34.88,34.88,34.88,34.88,34.88,36.83,36.87,36.87,36.29,36.29,37.69,37.69,36.72,36.05,36.05,36.05,36.05,36.07,34.22,34.22,34.22,34.22,33.91,33.67,34.39,34.46,33.67,34.66,34.94,36.07,35.01,35.01,34.73,34.73,35.18,35.39,35.39,35.39,35.94,35.94,35.94,35.94,36.21,36.21,36.21,39.34,39.34,39.34,39.34,43.47,43.47,43.47,49.18,49.18,49.18,59.11,59.11,59.11,59.11,59.11,58.46,58.46,58.29,58.29,58.29,58.29,58.29,58.29,58.7,58.94,58.94,59.39,59.39,59.39,59.39,56.26,56.26,54.3,53.77,53.77,53.77,53.77,53.77,53.77,52.38,52.38,52.38,52.38,52.38,52.38,53.02,53.66,53.66,52.97,52.97,52.97,52.07,52.07,52.44,52.44,51.85,51.85,51.85,51.85,48.92,48.92,48.92,47.86,47.86,47.86,47.01,47.01,47.01,46.48,45.73,46.85,47.75,49.35,49.88,49.35,49.83,49.72,49.56,49.3,49.14,48.71,49.24,49.03,49.14,48.29,48.13,48.87,48.82,48.87,48.92,50.95,51.16,51.19,51.81,56.25,57.93,58.43,58.27,58.04,57.76,56.25,56.02,55.8,55.85,55.4,55.12,55.29,54.95,54.95,54.84,54.62,55.35,55.12,54.84,55.24,55.18,54.79,54,54,53.72,53.89,55.74,55.8,55.35,55.01,54.84,54.62,53.94,53.72,54.34,54.06,52.54,51.76,51.14,48.39,48.11,48.67,48.5,49.85,49.79,50.86,50.63,49.62,48.27,48.05,45.19,45.13,46.14,47.32,47.99,48.22,48.67,48.11,47.17,47.81,48.08,47.48,47.89,47.53,47.48,47.75,47.42,47.31,46.63,45.69,42.43,40.74,40.35,39.07,37.72,36.76,37.17,37.62,37.85,37.71,36.98,36.65,36.54,36.85,39.08,39.71,40.2,43.29,43.1,42.84,42.3,42.69,42.64,44.5,44.35,44.5,47.9,48.43,48.22,49.61,49.58,50.37,51.59,51.66,51.99,54.67,54.63,54.08,54.43,66.74,67.56,80.55,80.18,80.32,88.57,90.45,90.87,99.91,99.06,98.92,107.37,107.58,106.59,99.01,99.51,99.4,95.57,94.18,94.14,93.37,90.91,87.09,87.9,89.87,88.77,90.36,91,90.76,90.02,89.23,89.59,88.97,89.25,91.26,91.94,91.92,92.22,92.99,95.66,96.3,96.43,97.08,99.12,108.41,110.41,116.12,137.15,140.63,144.49,159.64,161.91,162.81,150.22,154.61,150.85,139.5,115.34,110.51,104.84,107.65,105.13,116.6,120.19,122.84,124.45,126.06,119.84,115.92,116.21,121.2,125.09,127.1,131.38,143.97,142.93,141.49,142.52,140.42,140.5,141.07,141.73,144.66,156.23,166.41,166.68,163.59,163.13,151.35,149.17,149.72,144.94,136.57,134.6,134.45,133.48,134.19,133.25,134.28,134.44,131,130.65,128.55,127.49,120.7,119.33,115.81,114.99,113.19,113.02,115,117.7,114.67,115.06,118.1,117.09,117.1,117.66,117.63,117.55,116.59,115.5,115.8,117.11,115.9,115.74,112.57,108.27,104.2,102.78,99.54,99.71,99.48,98.85,98.95,98.98,99.57,99.59,99.1,99.24,100.01,91.5,92.29,93.57,97.41,100.68,100.79,104.57,100.07,76.55,67.78,65.93,73.79,76.08,79.51,78.44,76.95,76.5,76.26,79.27,80.46,80.3,82.09,84.08,88.01,90.61,90.77,95.32,95.83,95.89,95.89,96.86,96.86,96.86,94,93.03,94.92,96.79,96.79,95.23,94.7,93.28,92.12,90.65,85.98,82.9,82.85,82.17,83.62,81.64,76.07,68.41,68.17,68.79,69.7,76.07,78.16,77.91,82.23,97.73,114.63,110.09,117.84,135.53,153.93,153.8,158,156.63,144.71,137.44,133.14,127.85,131.33,144.73,179.96
"열연강판 (2015=100)","원화기준",0,0,0,0,0,0,0,0,0,0,0,0,0,0,0,0,0,0,0,0,0,0,0,0,0,0,0,0,0,0,0,0,0,0,0,0,0,0,0,0,0,0,0,0,0,0,0,0,0,0,0,0,0,0,0,0,0,0,0,0,0,0,0,0,0,0,0,0,0,0,0,0,0,0,0,0,0,0,0,0,0,0,0,0,0,0,0,0,0,0,0,0,0,0,0,0,0,0,0,0,0,0,0,0,0,0,0,0,0,0,0,0,0,0,0,0,0,0,0,0,0,0,0,0,0,0,0,0,0,0,0,0,0,0,0,0,0,0,0,0,0,0,0,0,0,0,0,0,0,0,0,0,0,0,0,0,0,0,0,0,0,0,0,0,0,0,0,0,34.6,33.26,33.19,33.19,33.19,31.84,31.34,32.06,31.86,32.46,32.34,32.41,34.6,33.63,33.7,34.92,34.92,35.25,36.32,36.32,36.32,37.37,37.37,37.47,37.69,37.23,37.25,37.25,39.44,39.44,39.44,39.44,40.84,41.43,41.43,43.82,44.23,44.53,49.16,49.16,50.95,50.95,51.98,53.01,53.01,54.24,54.24,54.24,54.48,54.48,54.48,55.68,55.55,55.41,55.3,55.08,54.83,54.52,50.82,50.73,49.49,47.65,46.04,46.67,46.67,45.28,45.28,45.84,45.84,45.84,46.75,46.75,46.52,49.83,49.83,49.01,47.96,47.96,46.46,46.46,46.35,46.19,45.78,44.59,44.59,44.89,44.81,44.62,44.06,44.24,44.24,44.24,44.09,44.09,43.64,43.91,43.41,43.67,43.67,43.67,44.54,44.99,44,44.35,44.16,44.05,42.66,42.2,41.75,42.13,42.45,42.56,42.75,42,42.67,42.6,42.67,44.96,46.47,48.04,50.12,51.79,55.84,55.89,55.58,56.8,55.85,55.13,54.22,53.6,53.45,52.7,53.31,50.13,46,46.01,46.05,46.24,46.69,46.14,46.01,46.11,45.98,46.06,46.38,47.03,47.3,48.05,48.2,49.62,49.58,49.47,49.73,50.26,52.58,71.65,90,87.97,85.54,69.6,68.26,67.44,65.34,59.4,61.39,60.62,59.41,54.06,52.81,51.99,54.03,50.95,49.73,48.34,48.33,50.33,54.05,55.79,57.85,55.93,58.05,59.22,61.33,60.92,61.48,57.43,57.24,56.24,54.88,49.38,47.77,50.4,52.82,52.03,53.17,54.7,54.31,54.12,54.33,52.54,52.21,51.69,50.52,51.34,52.47,53.76,57.21,60.79,60.59,60.5,67.77,66.93,67.2,69.84,67.52,68.03,68.75,72.66,75.5,75.16,74.31,75.28,74.33,75.24,74.97,76.34,78.96,80.6,88.54,89.51,92.55,101.49,102.74,99.76,103.5,104.83,104.25,112.23,108.65,104.67,112.06,110.25,108.38,110.76,107.55,105.68,102.42,97.69,95.04,94.44,93.25,91.25,88.71,93.28,95.77,97,102.21,109.24,120.35,128.02,136.11,136.17,134.4,134.26,139.42,142.2,150.76,158.16,166.03,157,149.51,143.52,144.41,143.52,138.35,137.24,136.41,135.87,147.46,160.97,170.72,166.97,167.4,167.61,180.19,196.75,184.05,156.16,145.81,153.17,148.75,131.89,130.38,141.05,148.03,158.39,151.01,141.88,137.55,138.8,135.08,141.42,147.14,154.13,168.88,174.56,175.19,172.49,171.08,166.69,164.33,166.98,163.55,164.38,167.62,163.02,162.4,163.99,160.71,163.9,169.26,171.42,156.29,152.97,152.98,150.87,150.5,153.06,155.55,153.52,145.19,143.22,138.33,131.38,129.3,126.99,127.68,131.63,135.42,134.84,130.64,130.68,128.5,129.17,126.35,121.91,123.14,121.27,122.33,124.14,124.08,121.42,119.43,117.87,117.59,117.93,117.52,120.03,120.63,118.99,114.78,110.36,104.94,99.59,96.68,96.71,97.72,100.82,99.33,96.07,91.88,91.12,93.03,91.89,91.38,89.07,94.9,96.77,99.43,96.82,98.13,100.77,109.73,113.49,117.09,122.74,121.8,120.26,118.64,115.04,113.45,115.51,120.84,124.27,121.49,122.17,121.77,127.55,129.23,129.87,138.21,140.56,143.16,141.4,140.4,139.31,133.81,131.48,129.4,128.36,125.73,127.4,132.91,132.23,129.02,132.07,131.14,123.07,112.31,113.55,112.79,115.98,116.25,111.12,107.25,100.57,103.31,104.01,106.93,107.34,112.27,113.13,114.92,132.45,136.42,139.98,156.79,166.75,191.55,200.88,199.99,205.85,202.74,192.84,185.88,178.15,186.32
"열연강판 (2015=100)","계약통화기준",18.92,18.65,17.96,17.96,17.85,17.96,17.96,18.19,18.34,18.34,18.57,18.56,19.57,19.57,19.57,19.73,19.7,19.51,19.73,19.73,19.73,20.08,20.08,20.08,20.08,20.08,20.08,21.62,21.62,25.2,28.46,28.46,31.53,33.75,33.75,33.75,37.69,37.69,37.69,43.8,43.8,43.8,40.81,40.81,38,37.88,37.88,37.88,39.03,34.91,34.91,36.1,36.1,36.1,36.1,36.1,36.1,37.65,37.65,37.65,37.65,38.5,40.24,40.24,40.24,40.24,41.49,44.04,44.04,42.31,41.45,40.76,38.59,38.59,38.59,39.87,39.87,39.87,43.21,43.21,41.81,41.81,41.81,42.49,42.49,42.49,49.57,49.57,49.57,49.57,52.86,52.86,52.86,53.88,53.88,55.43,57.5,57.5,57.5,57.5,57.5,57.5,57.5,57.5,58.02,58.02,58.02,60.1,60.33,60.33,62.82,62.83,62.83,64.59,64.59,64.59,64.59,63.62,63.62,64.18,64.18,64.18,65.39,65.39,65.39,65.39,65.64,65.64,65.64,63.42,62.88,61.21,61.21,60.52,60.52,58.94,58.94,58.94,54.63,54.63,54.63,54.63,52.36,52.36,52.36,52.36,52.36,52.63,52.63,52.89,53.55,53.55,53.55,53.55,53.55,53.55,55.15,55.17,55.44,55.27,55.27,56.64,56.64,56,55.48,55.48,54.78,54.78,55.36,53.22,53.11,53.11,53.11,50.94,50.15,51.29,50.98,51.93,51.75,51.86,55.36,53.8,53.91,55.87,55.87,56.4,58.11,58.11,58.11,59.79,59.79,59.95,60.3,59.57,59.59,59.59,63.1,63.1,63.1,63.1,65.33,66.28,66.28,70.1,70.77,71.24,78.65,78.65,81.52,81.52,83.17,84.81,84.81,86.79,86.79,86.79,87.16,87.16,87.16,89.08,88.87,88.66,88.48,88.12,87.72,87.23,81.31,81.17,78.77,75.88,73.72,74.72,74.72,73.1,73.1,74,74,74,73.47,73.47,72.51,76.54,76.54,75.94,74.27,74.27,72.71,72.71,72.41,72.16,71.44,69.11,69.11,68.33,68.2,67.9,67,67.3,67.3,67.3,66.94,66.94,66.03,66.03,65.66,65.66,64.7,64.22,64.95,64.95,63.72,63.49,63.32,63.32,61.88,61.39,61.2,61.2,61.12,61.12,61.12,60.16,60.16,60.16,60.16,63.33,65.38,68.08,70.15,72.26,77.3,77.3,77.3,79.31,78.46,78.46,76.99,76.99,76.99,75.67,75.67,71.51,65.83,66.04,66.11,65.87,64.87,63.57,63.19,63.19,62.95,62.74,62.59,62.74,62.74,62.74,62.74,64,64,64,64,64,64,64.43,63.69,63.26,63.26,59.03,58.93,58.25,58.25,55.09,54.66,52.41,52.65,51.33,51.33,51.17,51.45,48.56,48.56,47.89,48.3,48.44,51.84,52.53,55.2,55.1,58.09,59.37,62.12,62.12,62.12,58.1,58.1,57.11,55.63,49.58,46.98,46.98,46.98,47.02,46.71,46.71,47.34,47.34,47.21,46.27,45.68,44.92,44.54,45.06,45.08,46.15,48.96,52.17,54.17,55.97,64.73,63.33,62.94,63.7,63.06,63.7,65.98,69.03,69.26,69.2,70.09,71.36,71.21,72.28,72.78,74.1,75.4,76.47,84.6,86.81,89.81,99.82,98.8,97.46,101.21,102.39,102.81,111.01,112.82,112.68,121.85,121.94,121.75,124.2,121.61,118.73,112.59,108.91,105.15,103.25,102.77,102.29,102.83,110.23,112.54,116.39,123.67,130.61,144.7,152.23,163.51,164.3,164.63,166.24,172.11,175.54,183.17,195.34,207.07,196.97,188.95,176.03,176.38,178.91,169.66,166.61,161.27,160.05,163.91,178.68,181.07,179.5,181.73,179.2,176.33,160.81,142.29,119.32,113.56,113.17,109.58,106.52,111.81,121.15,126.22,138.23,132.7,129.12,125.85,126.51,127.17,130.59,138.34,148.88,155.96,154.21,153.83,153.88,153.77,154.38,152.07,152.13,152.28,153.44,155.18,156.8,155.57,157.01,156.47,156.22,154.62,151.46,141.4,136.68,136.48,137.9,139.06,139.75,139,135.68,130.67,130.08,126.22,122.12,123.07,123.07,127.07,129.67,132.07,129.99,128.1,124.74,123.94,125.38,126.27,123.93,126,125.44,125.68,126.44,126.45,126.9,127.08,126.15,125.69,125.69,125.35,124.89,123.33,121.3,118.47,112.95,106.35,103.02,99.95,98.61,96.85,96.85,94.51,94.32,90.26,87.86,86.96,84.5,85.92,86.42,90.08,91.51,96.01,95.86,97.57,98.83,104.81,107.57,110.6,119.67,119.8,118.03,117.55,113.3,111.55,113.52,118.81,122.56,122.69,125.58,127.05,130.92,133.14,134.62,142.61,142.91,141.97,140.35,139.58,137.45,132.4,130.57,127.92,127.16,123.77,124.38,124.8,124.62,121.65,120.7,121.2,115.19,106.71,107.17,107.53,107.95,105.5,100.48,96.62,92.05,95.33,96.85,100.19,103.52,110.84,113.8,115.32,131.52,133.74,138.73,154.88,165.23,186.07,192.29,189.99,194.12,191.4,181.84,173.97,166.22,171.31
"열연강판 (2015=100)","달러기준",17.19,16.95,16.32,16.32,16.22,16.32,16.32,16.52,16.66,16.66,16.87,16.7,17.78,17.78,17.78,17.92,17.9,17.72,17.92,17.92,17.92,18.24,18.24,18.01,18.24,18.24,18.24,19.64,19.64,22.9,25.85,25.85,28.64,30.66,30.66,30.56,34.24,34.24,34.24,39.79,39.79,39.79,37.08,37.08,34.52,34.42,34.42,34.3,35.45,31.71,31.71,32.79,32.79,32.79,32.79,32.79,32.79,34.19,34.19,34.19,34.19,34.97,36.54,36.54,36.54,36.54,37.68,40,40,38.43,37.65,37.02,35.04,35.04,35.04,36.21,36.21,36.21,39.24,39.24,37.97,37.97,37.97,38.59,38.59,38.59,45.02,45.02,45.02,45.02,48.01,48.01,48.01,48.94,48.94,50.34,52.22,52.22,52.22,52.22,52.22,52.22,52.22,52.22,52.7,52.7,52.7,54.59,54.79,54.79,57.05,57.07,57.07,58.67,58.67,58.67,58.67,57.78,57.78,58.29,58.29,58.29,59.39,59.39,59.39,59.39,59.62,59.62,59.62,57.6,57.11,55.59,55.59,54.96,54.96,53.53,53.53,53.53,49.62,49.62,49.62,49.62,47.56,47.56,47.56,47.56,47.56,47.8,47.8,48.03,48.63,48.63,48.63,48.63,48.63,48.63,50.09,50.1,50.36,50.2,50.2,51.44,51.44,50.86,50.38,50.38,49.75,49.75,50.28,48.33,48.23,48.23,48.23,46.27,45.55,46.58,46.3,47.16,47,47.1,50.28,48.86,48.96,50.74,50.74,51.22,52.78,52.78,52.78,54.31,54.31,54.45,54.76,54.1,54.12,54.12,57.31,57.31,57.31,57.31,59.34,60.2,60.2,63.67,64.27,64.7,71.43,71.43,74.03,74.03,75.54,77.02,77.02,78.82,78.82,78.82,79.16,79.16,79.16,80.91,80.72,80.52,80.36,80.03,79.67,79.22,73.85,73.72,71.92,69.24,66.9,67.81,67.81,65.79,65.79,66.61,66.61,66.61,67.93,67.93,67.6,72.41,72.41,71.21,69.69,69.69,67.51,67.51,67.34,67.12,66.52,64.79,64.79,65.23,65.11,64.84,64.02,64.29,64.29,64.29,64.07,64.07,63.42,63.8,63.08,63.46,63.46,63.46,64.72,65.38,63.94,64.44,64.17,64.01,61.99,61.33,60.67,61.21,61.68,61.84,62.12,61.03,62.01,61.9,62.01,65.33,67.52,69.8,71.04,73.39,79.61,81.3,81.73,83.64,82.54,81.29,78.42,78.15,77.99,76.74,76.36,71.8,65.93,66.04,66.28,65.96,64.52,63.44,62.89,62.62,62.37,61.93,61.51,61.01,61.01,60.74,60.9,62.8,62.86,62.53,62.2,62.1,61.88,61.72,60.8,60.85,60.63,56.21,55.95,54.75,54.7,51.6,51.65,50.42,51.31,49.96,50.5,50.22,50.02,47.36,47.31,46.57,46.99,47.62,51.51,52.55,55.41,55.53,57.93,59.21,61.95,61.95,61.95,57.95,57.95,56.95,55.48,49.45,46.85,46.85,46.85,46.89,46.58,46.58,47.22,47.22,47.08,46.14,45.56,44.79,44.42,44.93,44.96,46.02,48.83,52.02,54.02,55.82,64.55,63.15,62.77,63.53,62.89,63.53,65.8,68.85,69.08,69.01,69.9,71.17,71.02,72.08,72.58,73.9,75.2,76.27,84.37,86.57,89.56,99.55,98.53,97.2,100.93,102.11,102.53,110.71,112.51,112.37,121.84,121.7,121.47,123.68,121.16,118.04,111.52,108.02,104.25,101.94,101.08,100.6,101.46,108.53,110.89,114.74,122.57,129.12,143,150.43,161.12,161.11,162.06,163.72,168.1,171.31,180.44,191.69,202,190.92,183.7,173.49,174.85,176.9,170.28,166.55,163.41,162.37,169.86,184.18,185.9,183.13,185.44,181.68,179.94,167.26,149.43,128.35,122.27,120.98,114.87,110.95,116.93,126.24,132.21,144.38,139.83,136.29,133.37,134.32,133.91,137.97,145.97,155.75,163.9,162.58,163.83,165.01,165.53,167.5,164.73,164.28,164.85,166.01,168.6,169.34,169.21,171.21,171.24,172.39,170.82,167.81,155.8,150.44,150.66,151.53,150.84,152.09,152.08,148.64,143.29,142.81,138.8,133.93,134.17,133.07,135.26,136.7,138.67,135.64,132.75,129.92,128.66,130.51,131.15,128.97,130.75,129.53,129.66,130.79,130.77,131.19,131.51,130.51,130.12,129.8,128.37,127.76,124.32,121.61,118.98,113.39,106.46,103.25,99.99,98.14,96.47,96.49,94.62,94.44,90.03,87.73,87.38,85.19,86.8,87.61,91.45,93.31,98.09,98.3,100.01,101.08,106.61,108.35,111.52,121,121.15,119.82,119,114.91,112.88,115.3,120.52,123.95,124.09,126.99,128.83,133.34,136.07,137.26,144.92,145.16,143.91,142.33,141.4,139.04,133.81,132.15,130.17,129.07,125.5,126.02,126.76,126.96,123.9,123.28,123.6,117.31,108.59,108.98,109.33,109.66,107.52,102.34,98.51,93.8,97.24,98.9,102.36,105.82,113.45,116.59,118.18,134.46,136.14,141.13,157.54,167.84,188.98,195.39,192.99,196.41,193.43,183.87,175.69,167.8,172.21
"철강관 (2015=100)","원화기준",0,0,0,0,0,0,0,0,0,0,0,0,0,0,0,0,0,0,0,0,0,0,0,0,0,0,0,0,0,0,0,0,0,0,0,0,0,0,0,0,0,0,0,0,0,0,0,0,0,0,0,0,0,0,0,0,0,0,0,0,0,0,0,0,0,0,0,0,0,0,0,0,0,0,0,0,0,0,0,0,0,0,0,0,0,0,0,0,0,0,0,0,0,0,0,0,0,0,0,0,0,0,0,0,0,0,0,0,0,0,0,0,0,0,0,0,0,0,0,0,0,0,0,0,0,0,0,0,0,0,0,0,0,0,0,0,0,0,0,0,0,0,0,0,0,0,0,0,0,0,0,0,0,0,0,0,0,0,0,0,0,0,0,0,0,0,0,0,37.44,37.44,37.44,37.44,37.44,37.44,38.13,38.56,38.56,37.77,37.31,37.31,37.44,37.31,37.31,37.31,37.31,37.31,36.09,36.09,36.09,36.09,37.01,37.01,37.01,37.74,37.9,38.33,39.16,41.76,41.9,42.36,45.16,47.04,49.71,49.81,49.81,52.39,52.55,52.55,52.55,52.55,52.55,51.69,50.54,50.54,50.54,50.54,50.54,50.54,50.54,50.7,50.7,50.7,51,51,51,49.95,49.95,48.56,48.1,47.66,47.66,47.66,47.66,48.49,48.49,48.49,48.49,48.49,48.49,48.49,48.49,48.49,48.49,48.49,48.45,48.45,48.45,47.9,47.9,47.9,47.18,47.18,47.18,46.5,46.5,46.5,46.5,46.5,45.54,45.54,45.54,45.54,45.54,44.82,44.82,44.82,43.09,43.33,44.65,44.65,45.21,45.21,44.45,44.81,44.81,44.81,44.72,44.72,44.72,44.72,44.72,44.72,44.72,44.72,44.72,45.8,46.12,48,49,49.19,49.58,48.94,48.42,48.35,48.18,48.28,49.04,47.68,47.6,47.72,49.48,49.48,47.09,47.18,47,47.59,48.98,49.14,49.32,49.6,49.31,48.86,49.56,51.58,51.75,53.12,52.48,52.38,52.26,53.18,54.6,55.13,57.91,76.32,95.44,90.96,87.54,74.87,73.72,72.66,69.38,64.63,66.61,65.96,62.5,57.93,54.67,54.13,55.79,54.86,53.92,54.09,54.96,57.4,57.85,59.02,58.36,56.45,57.05,56.94,56.35,55.98,57.53,57.06,56.86,57.23,54.17,54.69,55.85,57.43,60,57.5,58.69,59.68,57.81,55.83,55.79,54.73,54.4,54.13,53.15,53.38,55.01,55.27,56.32,56.88,56.26,56.6,57.98,58.65,60.33,62.36,60.46,61.58,60.08,61.45,63.4,62.59,61.1,59.87,59.46,59.66,59.5,59.9,62.28,65.55,69.31,74.89,81.14,87.49,98.05,98.39,101.37,107.12,109.74,110.59,105.35,103.33,104.36,104.46,102.72,103.72,101.27,98.38,96.75,91.33,90.49,90.97,90.27,85.6,82.81,81.4,81.2,80.85,80.91,84.74,85.48,87.05,89.06,90.63,89.61,88.64,89.57,88.76,89.36,87.86,88.55,88.3,87.4,88.53,89.26,89.09,90.05,91.93,96.35,100.46,113.18,122.73,140.08,147.52,153.95,162.76,180.54,187.37,179.54,155.43,146.01,145.57,143.45,127.51,118.83,121.02,122.48,118.43,116.59,113.5,112.15,113.43,121.62,125.11,119.47,120,126.26,133.61,131.28,127.36,127.86,124.07,124.16,126.92,125.29,125.04,127.61,127.25,127.09,126.75,123.38,124.35,129.57,133.4,130.73,131.34,131.71,128.58,129.39,130.91,133.73,134.32,131.88,130.69,130.51,126.84,123.33,120.78,118.8,119.66,120.55,121.61,119.55,123.14,121.66,121.05,117.45,115.58,113.81,112.31,113.3,114.13,112.86,110.19,108.47,108.92,108.97,108.85,109.2,111.69,114.64,114.43,110.42,107.74,106.61,102.99,98.92,98.94,98.79,99.51,99.24,93.77,90.65,92.43,94.81,96.97,97.77,101.43,102.91,103.52,100.98,99.84,100.36,102.44,110.94,117.27,116.56,114.53,114.51,108.22,108.17,108.99,109.78,113.49,114.33,113.09,109.19,107.29,106.41,108.19,110.19,110.55,114.02,116.42,120.92,120.73,120.68,121.77,121.61,120.78,121.48,122.53,121.31,121.72,126.24,122.48,118.18,118.1,117.4,113.2,112.65,113.45,112.35,114.65,116.41,113.72,114.9,113.17,112.07,112.92,112.27,109.65,112.8,115.62,119.19,124.03,129.49,143.33,151.79,152.97,168.56,171.45,172.82,174.91,174.16,173.49,172.73,175.14,183.66
"철강관 (2015=100)","계약통화기준",16.62,16.43,16.43,16.8,16.8,16.88,16.99,16.88,16.88,16.99,17.1,17.1,17.1,17.1,17.1,17.1,17.1,17.1,18.51,18.51,18.51,21.84,21.84,21.84,26.57,26.57,26.57,28.46,28.46,28.46,32.27,32.27,32.27,36.05,36.05,36.05,37.97,37.97,37.97,40.82,40.82,40.82,37.97,37.97,37.97,31.31,31.31,31.31,28.48,28.48,28.48,29.42,29.42,29.42,29.42,29.42,29.42,29.42,29.42,29.42,29.42,29.42,30.06,31.31,31.31,31.31,33.85,35.11,34.17,27.2,30.06,29.88,29.88,29.88,29.88,30.85,30.85,30.85,30.85,30.85,30.85,30.85,30.85,30.85,30.85,30.85,40.8,40.8,40.8,43.66,43.66,43.66,47.83,47.83,47.83,48.79,48.79,48.79,48.79,48.79,48.79,48.79,48.79,48.79,48.79,48.79,48.79,50.31,52.06,52.06,52.06,52.06,53.56,53.56,52.06,52.06,52.06,52.06,53.11,57.61,57.61,57.61,59.11,59.11,59.11,59.11,60.46,60.46,60.46,60.46,60.46,60.46,60.46,60.46,57.61,57.61,57.61,57.61,57.61,50.2,50.2,50.2,50.2,47.7,48.9,48.9,48.9,53.21,53.21,53.21,53.13,53.13,53.13,53.29,53.29,53.29,54.55,54.55,54.84,56.34,54.84,54.29,54.19,52.04,52.04,50.79,50.19,50.19,50.15,50.15,50.15,50.15,50.15,50.15,51.08,51.66,51.66,50.6,49.98,49.98,50.15,49.98,49.98,49.98,49.98,49.98,48.34,48.34,48.34,48.34,49.58,49.58,49.58,50.55,50.77,51.35,52.45,55.94,56.12,56.74,60.5,63.02,66.6,66.73,66.73,70.18,70.4,70.4,70.4,70.4,70.4,69.25,67.7,67.7,67.7,67.7,67.7,67.7,67.7,67.92,67.92,67.92,68.32,68.32,68.32,66.9,66.9,65.05,64.43,63.84,63.84,63.84,63.84,64.96,64.96,64.96,64.96,64.96,64.96,64.96,64.96,64.96,64.96,64.96,64.91,64.91,64.91,64.16,64.16,64.16,63.2,63.2,63.2,62.29,62.29,62.29,62.29,62.29,61,61,61,61,61,60.04,60.04,60.04,57.72,58.04,59.81,59.81,60.56,60.56,59.54,60.03,60.03,60.03,59.91,59.91,59.91,59.91,59.91,59.91,59.91,59.91,59.91,61.35,61.78,64.3,63.98,64.23,65.21,65.65,65.65,65.65,65.65,65.65,65.65,64.23,64.05,64.05,65.37,65.37,62.4,62.4,62.4,62.4,62.4,62.4,62.22,62.22,61.64,60.65,60.65,61.81,61.63,61.63,60.88,60.88,60.88,61.64,62.44,62.44,62.04,59.87,58.67,57.51,57.15,55.14,55.14,53.69,53.33,52.13,51.32,50.03,49.18,48.78,47.6,47.6,47,46.45,46.68,47.46,48.62,49.38,50.14,50.54,50.79,50.9,51.75,51.75,51.75,51.75,52.7,52.33,52.33,52.67,49.78,49.78,49.78,48.53,48.36,47.1,46.74,46.19,45.68,44.27,43.94,43.69,43.14,42.64,42.47,42.47,42.83,43,43.69,44.24,45.59,47.46,50.19,50.29,51.22,51.55,51.19,52.26,52.26,52.92,52.72,52.23,52.23,51.44,51.63,51.95,52.35,52.7,53.91,56.38,60.02,65.84,71.37,77.99,85.46,87.12,89.83,94.82,98.09,99.15,99.15,100.82,103.11,104.79,104.62,105.25,103.68,99.87,95.75,91.78,90.2,89.24,88.93,85.77,86.08,86.08,85.44,86.91,88.18,91.03,92.3,92.96,95.82,97.44,98.2,98.25,98.15,97.19,97.2,96.77,97.91,97.59,97.59,97.28,98.22,99.81,100.76,101.39,104.9,109.1,118.51,127.62,138.62,147.04,154.97,160.32,163.85,144.87,132.51,116.08,111.29,104.48,100.68,97.5,96.87,98.45,99.43,98.12,98.12,99.09,98.84,99.78,109.56,110.87,107.74,110.16,111.34,113.03,111.53,110.7,112.39,113.25,113.08,113.42,114.73,114.73,116.62,120.08,120.3,120.22,119.43,118.85,118.8,118.41,118.41,117.48,117.65,117.65,119.58,119.58,119.58,118.8,118.8,118.8,119.2,118.02,117.46,117.07,118.02,117.71,117.4,117.08,117.08,117.08,117.08,117.08,117.08,117.08,116.26,116.26,116.55,116.24,115.01,115.19,115.37,116.56,116.47,116.01,116.46,116.19,117.18,116.64,113.95,110.27,108.05,106.52,102.28,100.95,97.98,95.65,94.26,91.87,89.11,89.11,88.25,88.25,90.76,96.81,95.94,95.67,94.99,95.86,96.78,97.25,102.3,106.46,105.56,107.36,108.31,102.54,103.18,103.53,103.87,107.73,108.45,107.27,106.06,106.06,107.07,107.57,110.33,111.13,113.7,114.34,115.58,115.58,115.58,115.58,115.67,115.44,116.2,117.17,115.15,114.49,114.49,111.82,107.92,104.84,105.21,102.59,103.56,103.56,103.57,103.08,102.41,99.62,100.38,100.38,100.33,102.11,102.23,102.81,108.42,113.32,116.56,119.75,122.9,137.45,145.04,146.43,158.16,158.6,158.6,158.72,158.02,157.31,155.26,156.85,161.45
"철강관 (2015=100)","달러기준",18.3,18.1,18.1,18.51,18.51,18.59,18.71,18.59,18.59,18.71,18.83,18.75,18.83,18.83,18.83,18.83,18.83,18.83,20.38,20.38,20.38,24.05,24.05,24.05,29.27,29.27,29.27,31.35,31.35,31.35,35.54,35.54,35.54,39.7,39.7,39.54,41.82,41.82,41.82,44.96,44.96,44.96,41.82,41.82,41.82,34.48,34.48,34.24,31.35,31.35,31.35,32.38,32.38,32.38,32.38,32.38,32.38,32.38,32.38,32.38,32.38,32.38,33.09,34.47,34.47,34.47,37.26,38.65,37.62,29.94,33.09,32.89,32.89,32.89,32.89,33.96,33.96,33.96,33.96,33.96,33.96,33.96,33.96,33.96,33.96,33.96,44.91,44.91,44.91,48.06,48.06,48.06,52.65,52.65,52.65,53.71,53.71,53.71,53.71,53.71,53.71,53.71,53.71,53.71,53.71,53.71,53.71,55.38,57.3,57.3,57.3,57.3,58.96,58.96,57.3,57.3,57.3,57.3,58.46,63.42,63.42,63.42,65.07,65.07,65.07,65.07,66.56,66.56,66.56,66.56,66.56,66.56,66.56,66.56,63.42,63.42,63.42,63.42,63.42,55.26,55.26,55.26,55.26,52.51,53.83,53.83,53.83,58.57,58.57,58.57,58.48,58.48,58.48,58.67,58.67,58.67,60.04,60.04,60.37,62.02,60.37,59.76,59.65,57.28,57.28,55.91,55.25,55.25,55.21,55.21,55.21,55.21,55.21,55.21,56.23,56.86,56.86,55.7,55.02,55.02,55.21,55.02,55.02,55.02,55.02,55.02,53.22,53.22,53.22,53.22,54.58,54.58,54.58,55.65,55.89,56.52,57.74,61.58,61.78,62.46,66.59,69.37,73.31,73.45,73.45,77.25,77.49,77.49,77.49,77.49,77.49,76.23,74.52,74.52,74.52,74.52,74.52,74.52,74.52,74.77,74.77,74.77,75.21,75.21,75.21,73.65,73.65,71.61,70.92,70.27,70.27,70.27,70.27,71.51,71.51,71.51,71.51,71.51,71.51,71.51,71.51,71.51,71.51,71.51,71.45,71.45,71.45,70.63,70.63,70.63,69.57,69.57,69.57,68.57,68.57,68.57,68.57,68.57,67.15,67.15,67.15,67.15,67.15,66.09,66.09,66.09,63.54,63.9,65.84,65.84,66.66,66.66,65.54,66.08,66.08,66.08,65.95,65.95,65.95,65.95,65.95,65.95,65.95,65.95,65.95,67.53,68.01,70.78,70.43,70.71,71.78,72.26,72.26,72.26,72.26,72.26,72.26,70.71,70.51,70.51,71.96,71.96,68.69,68.69,68.69,68.69,68.69,68.69,68.49,68.49,67.86,66.76,66.76,68.04,68.04,67.84,67.02,67.02,67.02,67.86,68.74,68.74,68.3,65.9,64.59,63.31,62.91,60.7,60.7,59.11,58.71,57.39,56.5,55.07,54.13,53.69,52.4,52.4,51.74,51.13,51.38,52.24,53.52,54.36,55.19,55.63,55.91,56.03,56.96,56.96,56.96,56.96,58.01,57.6,57.6,57.98,54.8,54.8,54.8,53.42,53.23,51.84,51.45,50.85,50.28,48.73,48.37,48.09,47.49,46.94,46.75,46.75,47.14,47.33,48.09,48.7,50.18,52.25,55.25,55.36,56.38,56.75,56.34,57.52,57.52,58.25,58.04,57.49,57.49,56.63,56.83,57.18,57.63,58.01,59.34,62.06,66.07,72.48,78.56,85.85,94.08,95.91,98.89,104.37,107.98,109.14,109.14,110.99,113.5,115.35,115.16,115.86,114.13,109.94,105.4,101.03,99.29,98.24,97.89,94.41,94.76,94.75,94.05,95.67,97.06,100.2,101.61,102.33,105.47,107.26,108.1,108.15,108.04,106.99,107,106.52,107.77,107.43,107.43,107.08,108.12,109.87,110.92,111.61,115.47,120.1,130.45,140.49,152.6,161.86,170.59,176.47,180.37,159.47,145.86,127.78,122.51,115.02,110.83,107.33,106.64,108.37,109.45,108.01,108.01,109.08,108.8,109.84,120.6,122.05,118.6,121.26,122.57,124.43,122.77,121.85,123.71,124.67,124.48,124.85,126.29,126.29,128.37,132.18,132.43,132.34,131.47,130.83,130.77,130.34,130.34,129.18,129.73,129.18,129.71,130.11,130.75,130.07,130.18,130.33,130.95,129.32,127.98,126.56,125.85,124.28,123.44,122.33,121.47,122.41,121.8,122.3,121.91,122.27,120.85,119.95,120.09,120.24,118.94,119.07,119.42,120.59,120.58,119.81,119.28,118.88,118.14,116.94,114.44,110.7,108.14,106.77,102.3,100.39,97.52,95.23,94.54,92.17,88.82,88.98,89.04,89.87,92.87,99.75,99.14,99.8,99.6,101.36,102.28,102.75,107.79,111.94,110.99,112.89,113.88,107.83,108.49,108.86,109.22,113.27,114.04,112.79,111.52,111.52,112.58,113.1,116.01,116.85,119.55,120.23,121.53,121.53,121.53,121.53,121.62,121.38,122.18,123.2,121.08,120.38,120.38,117.57,113.48,110.24,110.63,107.87,108.89,108.89,108.9,108.39,107.68,104.75,105.55,105.55,105.49,107.37,107.5,108.11,114,119.15,122.56,125.91,129.22,144.52,152.5,153.97,166.3,166.76,166.76,166.88,166.15,165.4,163.25,164.92,169.75
"냉간압연강재 (2015=100)","원화기준",0,0,0,0,0,0,0,0,0,0,0,0,0,0,0,0,0,0,0,0,0,0,0,0,0,0,0,0,0,0,0,0,0,0,0,0,0,0,0,0,0,0,0,0,0,0,0,0,0,0,0,0,0,0,0,0,0,0,0,0,0,0,0,0,0,0,0,0,0,0,0,0,0,0,0,0,0,0,0,0,0,0,0,0,0,0,0,0,0,0,0,0,0,0,0,0,0,0,0,0,0,0,0,0,0,0,0,0,0,0,0,0,0,0,0,0,0,0,0,0,0,0,0,0,0,0,0,0,0,0,0,0,0,0,0,0,0,0,0,0,0,0,0,0,0,0,0,0,0,0,0,0,0,0,0,0,0,0,0,0,0,0,0,0,0,0,0,0,52.8,52.8,52.8,52.09,52.09,52.09,50.6,50.6,50.6,49.84,48.61,48.61,52.8,49.27,49.53,49.53,49.53,49.53,49.27,49.27,49.27,48.56,48.56,48.56,49.58,49.27,49.27,50.6,50.6,50.6,50.6,50.6,50.19,52.09,52.09,52.09,54.39,54.39,54.39,55.77,55.77,55.77,54.03,54.03,54.03,54.95,54.95,54.95,54.95,55.92,55.92,58.22,58.22,58.22,58.22,58.22,58.22,58.22,56.84,51.22,51.18,48.95,48.95,48.95,48.95,48.95,48.95,49.75,49.75,49.75,49.75,49.75,49.75,49.75,49.8,48.71,48.71,48.71,48.71,48.71,48.71,48.71,48.71,48.71,47.57,47.57,47.57,47.57,45.2,45.2,45.2,45.2,45.2,46.24,46.53,45.05,44.7,45.1,45.94,45.74,47.08,47.77,47.22,48.91,48.31,48.11,47.77,47.13,45.74,46.38,46.98,47.17,47.47,47.27,48.36,48.26,48.36,49.8,50.14,49.65,51,54.24,57.09,58.97,58.97,58.8,60.85,59.2,58,57.09,54.76,54.93,55.15,51.34,49.91,49.57,49.86,49.23,50.08,51.22,50.94,49.8,49.68,49.68,49.29,47.86,48.09,49.12,50.94,54.41,54.59,54.02,53.5,53.5,55.61,72.59,91.05,91.39,86.95,74.98,70.54,68.2,65.07,60.51,66.61,73.5,71.22,62.28,62.39,60.68,60.51,59.88,55.78,54.87,54.13,58.17,61.88,64.44,63.99,62.96,62.47,60.41,61.42,61.7,59.7,60.65,59.53,59.39,57.54,57.29,58.22,54.22,54.51,50.61,49.01,49.03,48.35,48.03,46.7,47.16,48.62,44.44,43.46,41.96,41.14,41.66,43.25,46.47,49.3,48.89,53.48,53.51,53.36,53.33,52.98,52.7,52.79,54.98,59.44,65.79,65.55,64.62,66.06,65.6,67.08,70.4,71.74,73.11,74.37,76.46,74.95,74.88,78.23,82.16,85.38,87.13,86.59,98.99,98.17,95.54,102.33,104.58,102.81,101.55,105.88,104.9,103.31,99.8,100.57,93.01,89.18,84.03,83.79,80.32,81.16,79.66,81.35,81.7,81.77,83.62,82.76,83.38,82.11,83.27,83.58,84.5,86.29,85.38,84.84,86.76,85.69,88.28,88.5,86.91,88.45,89.39,95.2,95.89,102.91,111.59,125.35,132.7,136.55,139.16,172.82,205.4,218.24,183.28,159.51,166.23,145.19,123.7,116.79,112.66,115.55,112.91,113.88,106.74,106.72,106.45,112.6,116.02,110.68,113.85,124.26,131.26,132.25,126.47,126.7,122.84,121.82,123.86,122.19,122.49,121.96,118.52,127.42,127.74,123.42,123.27,127.12,125.56,124.6,121.55,118.69,116.59,115.62,116.15,117.72,120.65,116.95,112.33,109.94,107.18,105.06,100.44,98.81,102.02,103.64,103.63,103.1,105.13,103.42,102.8,99.66,97.9,97.36,96.66,101.71,103.97,104.28,102.38,102.7,101.6,100.89,101.34,102.24,105.05,107.69,107.82,104.19,105.48,103.82,100.54,100.44,101.82,103.23,103.53,98.91,93.68,92.29,92.08,90.09,91.37,90.54,85.21,91.58,93.3,93.83,91.41,91.09,94.52,100.39,104.33,108.77,106.46,105.19,107.41,103.54,101.78,100.43,106.1,107.24,108.47,105.2,103.34,106.31,108.89,108.46,109.57,111.46,112.13,112.91,110.63,109.04,107.75,105.69,103.89,105.58,106.5,107.31,106.27,110.55,110.06,110.62,115.71,115.69,112.89,106.55,105.05,103.1,104.92,106.88,105.03,104.76,101.73,102.5,104.47,106.68,105.24,104.57,105.32,110.87,114.19,123.03,131.37,135.95,137.42,145.75,160.12,165.29,166.88,166.45,166.58,169.03,167.76,172.78
"냉간압연강재 (2015=100)","계약통화기준",0,0,0,0,0,0,0,0,0,0,0,0,0,0,0,0,0,0,0,0,0,0,0,0,0,0,0,0,0,0,0,0,0,0,0,0,0,0,0,0,0,0,0,0,0,0,0,0,0,0,0,0,0,0,0,0,0,0,0,0,0,0,0,0,0,0,0,0,0,0,0,0,0,0,0,0,0,0,0,0,0,0,0,0,0,0,0,0,0,0,0,0,0,0,0,0,0,0,0,0,0,0,0,0,0,0,0,0,0,0,0,0,0,0,0,0,0,0,0,0,0,0,0,0,0,0,0,0,0,0,0,0,0,0,0,0,0,0,0,0,0,0,0,0,0,0,0,0,0,0,0,0,0,0,0,0,0,0,0,0,0,0,0,0,0,0,0,0,87.85,87.85,87.85,86.66,86.66,86.66,84.2,84.2,84.2,82.92,80.88,80.88,87.85,81.99,82.41,82.41,82.41,82.41,81.99,81.99,81.99,80.79,80.79,80.79,82.5,81.99,81.99,84.2,84.2,84.2,84.2,84.2,83.52,86.66,86.66,86.66,90.49,90.49,90.49,92.79,92.79,92.79,89.89,89.89,89.89,91.43,91.43,91.43,91.43,93.04,93.04,96.87,96.87,96.87,96.87,96.87,96.87,96.87,94.57,85.22,85.16,81.45,81.45,81.45,81.45,81.45,81.45,82.77,82.77,82.77,82.77,82.77,82.77,82.77,82.77,81.7,81.7,81.7,81.7,81.7,81.7,81.7,81.7,81.7,76.35,76.35,76.35,76.35,74.38,74.38,74.38,74.38,74.38,72.65,73.55,71.91,71.66,71.66,71.33,70.26,71.25,71.25,70.76,72.24,71.66,71.66,71.66,71.17,70.02,70.02,70.02,70.02,70.02,70.02,70.02,70.02,70.02,71.66,71.66,71.66,73.44,77.57,79.84,80.49,80.49,80.49,84.38,84.38,84.38,84.38,81.54,81.54,81.54,76.84,74.41,74.41,74.41,74.41,74.41,74.41,74.41,73.76,74.08,74.08,74.08,74.08,74.08,75.38,77,77,77,77.73,77.73,77.73,77.73,77.73,77.73,77,77,77,74.57,74.57,74.57,74.57,74.57,74.57,70.76,66.55,65.82,65.25,65.25,64.52,62.17,62.17,62.09,61.68,62.57,62.57,62.49,62.49,63.84,64.35,64.35,64.35,63.24,63.24,63.24,63.24,60.47,60.47,60.47,54.97,54.97,51.56,50.7,50.27,49.84,49.84,48.98,48.98,48.98,45.47,45.47,45.47,45.47,46.33,47.08,50.62,54.05,54.05,58.5,58.5,58.5,58.5,58.34,58.34,58.34,60.59,62.83,70.51,70.36,70.36,72.81,72.58,72.57,72.57,72.57,72.57,73.39,76.72,76.72,76.72,81.91,85.2,88.49,91.04,91.04,103.57,103.57,103.57,112.34,118.31,118.38,118.46,124.18,123.97,122.2,118.73,118.94,111.5,110.32,105.76,106.92,106.32,106.36,106.51,105.74,107.15,108.23,109.51,109.74,111.2,111.2,114,113.99,115.29,115.95,116.62,116.83,120.02,119.47,119.64,119.59,119.83,120.18,120.16,124.86,125.2,125.86,136.91,147.52,160.32,166.59,168.48,189.81,184.94,183.94,148.98,131.26,130.66,116.53,108.69,107.48,103.88,104.8,104.87,104.87,101.44,101.59,101.44,108.44,109.89,106.68,111.94,117.22,118.73,119.78,116.95,118.36,118.96,117.76,117.64,118.82,119.35,118.24,118.87,127.92,128.39,126.48,124.37,123.04,117.63,119.25,114.82,112.17,112.56,111.86,111.3,110.78,112.38,111.01,107.68,105.99,105.08,105.05,101.69,101.69,103.36,103.69,102.13,102.93,102.38,101.67,101.82,101.53,101.53,101.53,101.81,106.39,107.86,108.24,108.98,111.32,110.77,109.89,109.94,110.52,110.71,110.61,110.1,107.81,108.23,105.31,104.16,103.9,103.59,102.14,99.29,94.21,92.06,90.55,88.74,84.29,84.02,84.68,81.6,86.1,87.28,89.18,88.57,88.64,91.08,94.92,98.4,102.3,102.79,102.3,104.28,101.24,99.04,97.58,103.13,104.26,105.7,104.51,104.13,108.39,109.06,108.74,110.65,112.34,111.55,109.94,107.75,106.45,104.58,102.9,101.39,102.24,103.49,103.76,102.05,102.3,101.98,102.56,104.05,105.21,103.95,99.53,97.59,96.67,96.44,95.5,93.62,92.93,91.6,92.82,95.2,97.66,98.81,100.13,102.38,107.52,110.11,118.17,127.53,131.61,133.67,139.33,151.04,155,156.46,156.5,156.4,158.01,156.54,160.5
"냉간압연강재 (2015=100)","달러기준",0,0,0,0,0,0,0,0,0,0,0,0,0,0,0,0,0,0,0,0,0,0,0,0,0,0,0,0,0,0,0,0,0,0,0,0,0,0,0,0,0,0,0,0,0,0,0,0,0,0,0,0,0,0,0,0,0,0,0,0,0,0,0,0,0,0,0,0,0,0,0,0,0,0,0,0,0,0,0,0,0,0,0,0,0,0,0,0,0,0,0,0,0,0,0,0,0,0,0,0,0,0,0,0,0,0,0,0,0,0,0,0,0,0,0,0,0,0,0,0,0,0,0,0,0,0,0,0,0,0,0,0,0,0,0,0,0,0,0,0,0,0,0,0,0,0,0,0,0,0,0,0,0,0,0,0,0,0,0,0,0,0,0,0,0,0,0,0,77.94,77.94,77.94,76.89,76.89,76.89,74.7,74.7,74.7,73.57,71.76,71.76,77.94,72.74,73.12,73.12,73.12,73.12,72.74,72.74,72.74,71.68,71.68,71.68,73.19,72.74,72.74,74.7,74.7,74.7,74.7,74.7,74.1,76.89,76.89,76.89,80.28,80.28,80.28,82.32,82.32,82.32,79.76,79.76,79.76,81.11,81.11,81.11,81.11,82.55,82.55,85.94,85.94,85.94,85.94,85.94,85.94,85.94,83.91,75.61,75.55,72.27,72.27,72.27,72.27,72.27,72.27,73.43,73.43,73.43,73.43,73.43,73.43,73.43,73.51,71.9,71.9,71.9,71.9,71.9,71.9,71.9,71.9,71.9,70.22,70.22,70.22,70.22,66.72,66.72,66.72,66.72,66.72,68.25,68.69,66.5,65.99,66.57,67.81,67.52,69.49,70.51,69.71,72.19,71.32,71.03,70.51,69.57,67.52,68.47,69.35,69.64,70.08,69.78,71.39,71.24,71.39,73.51,74.02,73.29,73.51,78.14,82.76,87.22,87.22,87.98,91.43,88.74,85.2,84.61,81.25,81.33,80.33,74.86,72.92,72.33,72.76,71.07,70.23,71.58,70.65,68.63,68.21,68.21,66.28,63.08,62.91,62.66,64.85,69.56,69.9,68.89,67.29,66.62,65.52,62.66,61.65,63.59,62.41,60.81,58.04,55.34,55.01,53.66,56.35,61.06,61.57,57.7,59.8,58.62,56.1,55.85,53.07,52.99,52.74,55.09,59.05,60.73,61.23,62.49,62.33,60.41,62.06,62.76,60.16,61.19,60.27,60.15,58.17,57.36,57.09,50.4,48.34,45.61,42.94,41.75,42.03,41.9,40.47,41.41,42.42,38.51,38.2,36.71,35.24,35.66,36.9,39.77,43.96,45.1,50.93,50.48,49.83,48.5,49.35,49.2,50.52,52.09,54.39,60.41,61.65,61.09,63.11,62.84,64.93,68.15,68.32,69.18,70.86,73.96,72.52,73.44,75.01,80.05,83.26,84.86,85.15,97.63,101.67,102.57,111.25,115.44,115.22,113.39,119.27,117.17,112.49,110.35,110.32,100.4,96.66,92.64,95.83,93.46,93.98,94.22,97.55,96.57,97.16,98.26,97.97,98.64,99.02,101.54,100.77,101.8,103.29,103.49,103.22,105.51,105.27,106.71,107.15,107.13,108.89,108.49,114.05,114.6,118.53,127.69,136.53,145.56,151.28,150.86,172.58,174.49,177.16,150.68,133.75,131.31,112.14,104.07,104.76,100.84,103.21,102.93,105.48,102.55,103.5,103.04,111.61,113.17,109.84,115.03,120.56,122.22,123.64,120.95,122.53,123.41,122.1,121.87,123.18,123.71,122.7,123.16,132.8,133.4,131.55,129.69,128.33,122.71,124.26,119.61,116.96,117.18,115.95,115.5,115.15,116.88,115.49,112.07,110.37,109.33,109.09,105.3,104.72,106.01,106.18,104.3,104.81,104.56,103.59,103.92,103.49,103.61,103.43,103.29,107.86,109.58,109.94,110.67,113.14,112.54,111.69,111.59,111.72,111.87,111.03,110.24,108.04,108.43,105.36,104.27,103.91,103.36,101.96,99.13,94.27,92.12,90.45,88.69,84.65,84.74,86.04,83.85,88.27,90,92.6,92.85,92.87,94.85,97.58,99.65,103.64,104.99,104.68,107.07,103.9,101.69,100.05,105.95,107.01,108.24,107.51,107.48,112.54,113.91,114.26,115.88,116.94,115.87,113.56,111.42,109.89,107.6,105.75,104.47,106.26,107.13,107.17,105.18,105.49,105.71,106.28,108.07,109.09,107.65,103.06,100.89,99.99,99.26,98.92,96.8,96.29,94.94,96.54,99.41,102.19,103.83,105.74,108.61,114.09,116.01,122.85,132.54,136.67,138.4,143.89,155.84,159.6,159.33,158.91,158.94,159.89,158.11,159.78
"표면처리강재 (2015=100)","원화기준",0,0,0,0,0,0,0,0,0,0,0,0,0,0,0,0,0,0,0,0,0,0,0,0,0,0,0,0,0,0,0,0,0,0,0,0,0,0,0,0,0,0,0,0,0,0,0,0,0,0,0,0,0,0,0,0,0,0,0,0,0,0,0,0,0,0,0,0,0,0,0,0,0,0,0,0,0,0,0,0,0,0,0,0,0,0,0,0,0,0,0,0,0,0,0,0,0,0,0,0,0,0,0,0,0,0,0,0,0,0,0,0,0,0,0,0,0,0,0,0,0,0,0,0,0,0,0,0,0,0,0,0,0,0,0,0,0,0,0,0,0,0,0,0,0,0,0,0,0,0,0,0,0,0,0,0,0,0,0,0,0,0,0,0,0,0,0,0,52.82,52.82,52.82,52.73,52.73,52.73,50.65,50.65,50.34,50.02,50.02,52.26,52.82,52.49,53.98,54.16,54.16,54.57,54.74,55.8,55.8,55.97,56.16,56.16,57.11,57.11,57.95,57.95,58.79,59.7,59.7,61.34,61.34,62.25,62.25,62.25,63.77,65.93,67.19,67.42,67.42,67.42,67.42,67.42,69.17,69.17,69.17,72.69,72.69,72.69,72.69,72.69,74.18,74.18,76.31,76.31,76.21,76.21,76.21,73.99,71,70.79,68.24,68.2,68.2,68.2,67.78,67.78,63.82,63.82,63.82,63.82,63.33,63.33,63.33,63.27,63.27,63.27,63.21,63.21,63.21,63.16,63.16,63.16,61.31,61.31,61.31,61.21,61.03,61.03,62.71,62.71,63.8,63.8,63.8,61.88,62.98,62.95,60.48,61.59,58.81,59.49,59.25,59.99,60.14,59.76,59.44,59.06,58.54,59.16,59.24,58.37,60.77,60.56,61.73,60.86,60.97,61.34,63.05,65.36,67.03,68.4,68.69,70.44,70.65,70.33,70.57,68.67,68.38,65.08,64.77,64.99,65.57,63.18,62.04,61.31,61.04,61.46,62.57,62.46,62.6,62.41,62.51,62.78,63.45,63.8,64.46,68,68.33,69.39,69.34,69.29,69.78,70.21,74.05,99.65,121.22,117.63,113.51,100.21,96.12,95.87,91.78,86.5,91.32,92.52,85.22,78.79,75.72,74.64,76.69,76.49,74.5,72.85,71.75,75.55,77.23,79.58,79.74,77.6,77.48,76.21,76.22,76.51,76.84,77.21,76.16,75.89,74.36,74.48,75.91,79.11,77.39,72.9,73.59,73.57,71.61,71.11,70.84,69.65,70.38,68.5,67.13,66.36,67.64,67.69,69.37,72.39,71.1,71.19,73.46,73.88,75.11,77.53,77.64,77.56,77.62,78.68,82.71,83.22,82.66,81.54,81.36,81.63,82.4,84.16,85.78,88.47,91.49,92.61,99,101.49,106.21,105.94,107.94,109.62,109.21,117.32,114.38,111.61,114.55,114.74,112.68,113.3,112.59,108.45,107.55,103.57,102.6,100.01,97.07,93.52,88.75,86.84,90.2,90.92,96.08,99.03,99.06,100.6,99.65,99.16,97.21,96,96,95.81,98.7,97.69,98.05,98.76,97.97,98.91,98.93,95.82,99.45,101.4,105.54,110.18,120.62,129.15,147.27,158.55,160.8,163.88,182.17,206.6,198.84,177.13,164.28,157.12,142.19,124.14,110.49,111.51,116.23,121.6,125.76,125.18,124.47,123.84,121.22,128.15,128.52,129.28,139.66,150.6,151.28,139.89,139.33,132.58,132.29,135.42,133.11,133.37,136.4,147.58,148.57,144.98,138.64,140.38,145.55,147.26,142.3,140.03,138.81,136.18,137.35,140.19,142.65,143.4,136.81,133.56,132.39,126.36,122.51,119.31,118.9,120.7,123.92,125.05,123.43,126.7,122.43,121.88,119.1,117.48,117.23,116.84,118.2,120.16,120.68,117.5,114.62,113.82,111.83,111.78,110.25,111.89,111.4,111.27,106.49,107.14,105.14,101.63,98.21,98.58,99.32,101.72,102.24,94.6,91.58,93.34,96.98,100.05,100.08,101.05,104.18,106.23,108.19,106.3,104.27,105.97,111.32,112.77,123.39,119.89,119.93,123.86,120.57,121.27,120.94,122.68,124.81,124.02,122.17,120.38,119.51,122.52,122.93,123.5,123.79,124.83,128.6,128.46,127.82,126.6,125.46,122.17,123.6,123.09,124.54,122.44,125.96,125.29,126.2,126.65,124.31,120.84,119.07,119.98,116.73,116.42,115.71,113.86,113.53,112.95,112.97,116.85,116.78,117.05,118.6,123.77,131.69,137.51,148,159.69,169.64,175.84,182.09,200.93,208.76,212.66,209.64,207.5,201.94,203.06,204.53
"표면처리강재 (2015=100)","계약통화기준",0,0,0,0,0,0,0,0,0,0,0,0,0,0,0,0,0,0,0,0,0,0,0,0,0,0,0,0,0,0,0,0,0,0,0,0,0,0,0,0,0,0,0,0,0,0,0,0,0,0,0,0,0,0,0,0,0,0,0,0,0,0,0,0,0,0,0,0,0,0,0,0,0,0,0,0,0,0,0,0,0,0,0,0,0,0,0,0,0,0,0,0,0,0,0,0,0,0,0,0,0,0,0,0,0,0,0,0,75.99,75.99,75.99,76.89,76.89,76.89,73.37,73.37,73.37,72.85,72.85,72.85,71.13,71.13,71.13,74.64,74.64,74.64,76.89,76.89,76.89,74.94,74.94,74.94,74.94,74.94,74.94,74.94,75.32,75.32,77.41,77.41,77.41,77.41,67.76,67.76,67.76,67.76,67.76,67.76,67.76,67.76,67.76,67.76,67.76,67.76,67.76,67.76,67.76,77.56,77.56,77.56,82.35,82.35,84.07,84.96,85.86,81.82,81.82,81.82,81.77,81.77,81.77,81.64,81.64,81.64,78.41,78.41,77.94,77.44,77.44,80.91,81.77,81.27,83.57,83.84,83.84,84.49,84.74,86.39,86.39,86.65,86.94,86.94,88.42,88.42,89.72,89.72,91.02,92.43,92.43,94.96,94.96,96.38,96.38,96.38,98.72,102.08,104.02,104.38,104.38,104.38,104.38,104.38,107.09,107.09,107.09,112.54,112.54,112.54,112.54,112.54,114.84,114.84,118.14,118.14,117.99,117.99,117.99,114.55,109.92,109.6,105.65,105.58,105.58,105.58,104.94,104.94,98.81,98.81,98.81,98.81,98.04,98.04,98.04,97.96,97.96,97.96,97.86,97.86,97.86,97.79,97.79,97.79,94.92,94.92,94.92,94.77,94.49,94.49,97.09,97.09,98.78,98.78,98.78,95.8,97.51,97.46,97.01,95.35,90.09,90.09,89.96,89.81,90.28,90.01,90.01,89.82,89.82,89.82,88.98,87.63,90.61,90.61,90.73,89.55,89.55,90.05,92.05,96.2,96.01,97.72,98.21,99.11,99.75,99.71,100.8,99.67,99.67,96,96,96,96,93.02,91.39,90.62,90.23,90.21,89.57,88.69,88.55,88.36,88.36,88.28,88.56,88.51,88.65,91.34,91.46,91.54,91.54,91.6,91.56,91.43,91.61,91.28,88.78,87.14,87.11,87.11,84.93,84.64,84.29,83.75,83.63,81.53,77.04,76.08,74.42,74.29,74.33,74.33,74.32,73.65,73.26,73.51,74.02,74.43,75.39,75.39,76.56,76.69,76.65,77.09,77.51,77.42,77.12,76.93,74.89,74.74,74.74,74.74,70.97,67.77,67.68,66.24,65.44,65.31,65.04,64.27,63.91,62.26,62.1,62.06,62.81,62.95,63.9,66.83,67.55,69.27,72.57,72.54,73.38,74.5,75.8,75.99,77.18,77.68,78.67,79.83,80.6,80.3,81.02,81.54,82.01,82.02,82.16,83.73,86.71,89.17,96.12,99.37,103.49,103.83,105.82,107.75,108.23,116.27,116.98,117.91,122.8,125.67,125.41,126.56,126.63,121.85,119.34,116.15,114.26,111.2,109.84,107.68,104.78,105.21,108.41,111.53,117.37,120.33,121.32,121.89,122.07,121.99,121.5,121.31,120.93,120.73,122.45,123.27,124.8,126.24,126.21,123.84,123.47,122.04,124.73,125.87,127.58,132.56,136.96,146.54,159.96,174.92,179.16,179.97,182.95,173.1,157.31,138.71,130.79,118.63,107.29,102.45,96.24,97.1,100.23,107.29,111.47,114.81,115.01,114.32,115.17,119.44,121.96,126.11,130.21,134.27,133.87,125.67,125.98,123.34,122.99,124.01,124.54,125.11,126.85,142.66,142.93,139.35,135.34,133.85,132.94,130.1,128.82,125.31,123.89,124.6,126.69,127.88,127.48,126.77,123.22,121.41,120.93,117.53,116.54,115.37,117.59,118.02,119.86,119.44,119.8,119.55,116.84,116.97,117.76,118.09,118.75,119.8,120.46,121.18,121.77,121.63,120.7,120.58,118.32,117.97,116.6,115.44,113.58,113.35,109.77,109.53,106.56,105.06,101.55,100.71,98.61,97.89,97.27,92.85,90.09,90.09,90.47,91.37,93.2,96.68,97.38,98.41,102.04,102.33,100.97,101.6,104.69,106.39,115.84,115.8,116.85,119.83,118.17,117.88,117.68,118.81,121.11,121.16,122.18,122.56,123.12,123.58,124.01,125.64,125.83,125.11,126,125.89,125.61,123.69,123.03,120.06,120.19,120.25,121.06,118.43,118.62,118.1,119.04,116.89,115.64,113.43,112.9,113.32,111.01,109,106.34,104.41,103.81,104.38,104.92,109.1,109.47,111.85,115.09,121.62,129.18,134.1,143.44,155.95,165.27,171.75,175.5,191.76,198.31,201.46,199.08,196.91,190.81,191.51,191.44
"표면처리강재 (2015=100)","달러기준",0,0,0,0,0,0,0,0,0,0,0,0,0,0,0,0,0,0,0,0,0,0,0,0,0,0,0,0,0,0,0,0,0,0,0,0,0,0,0,0,0,0,0,0,0,0,0,0,0,0,0,0,0,0,0,0,0,0,0,0,0,0,0,0,0,0,0,0,0,0,0,0,0,0,0,0,0,0,0,0,0,0,0,0,0,0,0,0,0,0,0,0,0,0,0,0,0,0,0,0,0,0,0,0,0,0,0,0,72.19,72.19,72.19,73.05,73.05,73.05,69.71,69.71,69.71,69.21,69.21,69.21,67.58,67.58,67.58,70.91,70.91,70.91,73.05,73.05,73.05,71.2,71.2,71.2,71.2,71.2,71.2,71.2,71.55,71.55,73.54,73.54,73.54,73.54,64.38,64.38,64.38,64.38,64.38,64.38,64.38,64.38,64.38,64.38,64.38,64.38,64.38,64.38,64.38,73.69,73.69,73.69,78.23,78.23,79.87,80.72,81.57,77.74,77.74,77.74,77.69,77.69,77.69,77.57,77.57,77.57,74.5,74.5,74.05,73.57,73.57,76.87,77.69,77.21,79.4,79.66,79.66,80.27,80.51,82.08,82.08,82.32,82.6,82.6,84.01,84.01,85.24,85.24,86.47,87.81,87.81,90.22,90.22,91.56,91.56,91.56,93.79,96.98,98.83,99.16,99.16,99.16,99.16,99.16,101.74,101.74,101.74,106.92,106.92,106.92,106.92,106.92,109.1,109.1,112.24,112.24,112.1,112.1,112.1,108.83,104.43,104.13,100.37,100.31,100.31,100.31,99.7,99.7,93.87,93.87,93.87,93.87,93.15,93.15,93.15,93.07,93.07,93.07,92.97,92.97,92.97,92.9,92.9,92.9,90.18,90.18,90.18,90.03,89.77,89.77,92.24,92.24,93.85,93.85,93.85,91.01,92.64,92.59,88.95,90.59,86.51,87.51,87.16,88.24,88.46,87.89,87.43,86.87,86.1,87.02,87.14,85.86,89.38,89.08,90.8,89.52,89.68,90.23,92.74,96.14,96.23,98.27,98.77,103.81,105.21,104.93,105.7,102.63,100.26,96.05,95.76,95.82,95.12,91.67,90.3,89.06,89,88.46,87.52,87.03,86.59,85.97,85.65,85.5,85.21,84.11,84.14,86.55,86.89,88.49,88.49,88.09,87.58,87.22,87.05,85.79,82.89,82.08,81.71,81.19,79.07,77.9,77.43,76.42,77.17,76.93,73.51,72.64,72.4,71.97,70.91,71.06,70.76,70.07,69.65,71.35,73.41,74.78,76.11,76.72,77.09,75.98,76.78,77.58,77.2,77.66,76.87,76.62,74.95,74.36,74.21,73.32,68.43,65.51,64.28,62.46,62.06,61.85,61.2,60.98,61.22,59.17,58.83,57.91,57.77,57.77,59.03,61.77,63.2,65.48,69.76,69.49,69.94,70.3,72.09,72.2,74.06,74.32,75.45,76.18,77.51,76.84,77.49,77.96,79.51,81.22,81.45,83.47,86.91,89.31,95.51,99.23,101.54,102.91,104.94,106.44,107.07,115.37,118.09,119.46,124.53,126.65,126.27,126.5,126.82,121.12,117.09,114.5,112.52,107.95,105.21,103.09,101.49,101.03,104.42,107.53,115.2,117.03,117.68,118.2,117.96,117.29,117.2,117.05,115.73,115.41,118.11,118.38,119.28,120.09,120.35,119.56,119.77,118.1,122.4,123.04,126.41,131.66,138.93,147.76,160.34,173.88,178.1,177.61,181.89,175.6,161.41,145.56,137.74,124.08,109.79,104.41,99.09,99.79,103.8,110.84,116.44,120.23,120.68,119.84,120.17,125.03,127.53,130.63,135.53,140.26,141.45,133.82,134.77,133.19,132.6,133.19,134.13,134.66,137.16,153.25,154.75,151.39,147.74,147.71,146.92,143.9,141.9,137.79,136.77,136.87,137.73,139.39,139.53,138.91,135.1,133.25,132.9,128.88,127.18,125.07,126.01,125.42,126.94,125.84,125.48,126.01,122.63,123.19,123.68,124.34,124.54,124.84,125.34,126.64,127.23,127.01,126.26,126.07,123.8,123.08,120.47,119.15,114.86,113.76,110.43,110.14,106.69,105.4,101.62,100.08,98.09,97.4,97.44,93.03,89.76,89.91,91.13,92.78,95.11,99.43,100.41,102.46,106.76,107.97,106.3,106.33,108.19,107.7,117.57,118.23,119.33,123.46,120.98,121.17,120.38,122.5,124.53,123.75,124.83,125.18,126.49,128.15,129.5,130.59,129.85,128.99,129.32,129.37,128.79,126.41,125.52,122.84,124.39,123.81,124.35,121.17,120.19,120.32,121.24,118.28,117.2,115.22,115.15,115.21,113.19,110.11,107.09,104.92,104.33,105.39,106.4,111.17,111.85,115.45,119.92,127.61,135.5,139.66,147.75,161.07,170.51,177.06,179.71,195.52,201.55,203,200.11,197.94,190.99,191.33,189.11
