Date_x,BS_Earnings Quality Score,BS_Cash and Short Term Investments,BS_Cash,BS_Cash & Equivalents,BS_Short Term Investments,"BS_Accounts Receivable - Trade, Net","BS_Accounts Receivable - Trade, Gross",BS_Provision for Doubtful Accounts,"BS_Total Receivables, Net",BS_Receivables - Other,BS_Prepaid Expenses,BS_Total Current Assets,"BS_Property/Plant/Equipment, Total - Gross",BS_Buildings - Gross,BS_Land/Improvements - Gross,BS_Machinery/Equipment - Gross,BS_Other Property/Plant/Equipment - Gross,"BS_Property/Plant/Equipment, Total - Net","BS_Accumulated Depreciation, Total","BS_Goodwill, Net","BS_Intangibles, Net",BS_Note Receivable - Long Term,"BS_Other Long Term Assets, Total",BS_Deferred Charges,BS_Defered Income Tax - Long Term Asset,BS_Total Assets,BS_Accounts Payable,BS_Accrued Expenses,BS_Notes Payable/Short Term Debt,BS_Current Port. of LT Debt/Capital Leases,"BS_Other Current liabilities, Total",BS_Customer Advances,BS_Income Taxes Payable,BS_Other Current Liabilities,BS_Total Current Liabilities,BS_Total Long Term Debt,BS_Long Term Debt,BS_Capital Lease Obligations,BS_Total Debt,BS_Deferred Income Tax,BS_Deferred Income Tax - LT Liability,"BS_Other Liabilities, Total",BS_Other Long Term Liabilities,BS_Total Liabilities,"BS_Common Stock, Total",BS_Common Stock,BS_Additional Paid-In Capital,BS_Retained Earnings (Accumulated Deficit),"BS_Other Equity, Total",BS_Other Comprehensive Income,BS_Total Equity,BS_Total Liabilities & Shareholders' Equity,BS_Total Common Shares Outstanding,BS_Shares Outs - Common Stock Primary Issue,BS_Treas Shares - Common Stock Prmry Issue,BS_Total Equity & Minority Interest,BS_Full-Time Employees,BS_Number of Common Shareholders,BS_Other Property/Plant/Equipment - Net,BS_Intangibles - Net,BS_Goodwill - Net,"BS_Right-of-Use Assets-Cap.Lease,Gross-Sup.",BS_Deferred Revenue - Current,BS_Deferred Revenue - Long Term,"BS_Curr. Port. of LT Capital Leases, Suppl.",BS_Total Current Assets less Inventory,BS_Rvlvng Line of Credit - Principal Amount,BS_Rvlvng Line of Credit - Unused Amount,BS_Net Debt Incl. Pref.Stock & Min.Interest,"BS_Tangible Book Value, Common Equity","BS_Total Long Term Debt, Supplemental",BS_Long Term Debt Maturing within 1 Year,BS_Long Term Debt Maturing in Year 2,BS_Long Term Debt Maturing in Year 3,BS_Long Term Debt Maturing in Year 4,BS_Long Term Debt Maturing in 2-3 Years,BS_Long Term Debt Maturing in 4-5 Years,BS_Long Term Debt Matur. in Year 6 & Beyond,"BS_Total Capital Leases, Supplemental",BS_Capital Lease Payments Due in Year 1,BS_Capital Lease Payments Due in Year 2,BS_Capital Lease Payments Due in Year 3,BS_Capital Lease Payments Due in Year 4,BS_Capital Lease Payments Due in Year 5,BS_Capital Lease Payments Due in 2-3 Years,BS_Capital Lease Payments Due in 4-5 Years,BS_Cap. Lease Pymts. Due in Year 6 & Beyond,"BS_Total Operating Leases, Supplemental",BS_Operating Lease Payments Due in Year 1,BS_Operating Lease Payments Due in Year 2,BS_Operating Lease Payments Due in Year 3,BS_Operating Lease Payments Due in Year 4,BS_Operating Lease Payments Due in Year 5,BS_Operating Lease Pymts. Due in 2-3 Years,BS_Operating Lease Pymts. Due in 4-5 Years,BS_Oper. Lse. Pymts. Due in Year 6 & Beyond,CF_Earnings Quality Score,CF_Net Income/Starting Line,CF_Depreciation/Depletion,CF_Depreciation,CF_Amortization,CF_Amortization of Intangibles,CF_Non-Cash Items,CF_Unusual Items,CF_Other Non-Cash Items,CF_Changes in Working Capital,CF_Accounts Receivable,CF_Prepaid Expenses,CF_Other Assets,CF_Payable/Accrued,CF_Other Liabilities,CF_Other Operating Cash Flow,CF_Cash from Operating Activities,CF_Capital Expenditures,CF_Purchase of Fixed Assets,"CF_Other Investing Cash Flow Items, Total",CF_Acquisition of Business,CF_Sale/Maturity of Investment,CF_Purchase of Investments,CF_Cash from Investing Activities,CF_Financing Cash Flow Items,CF_Other Financing Cash Flow,"CF_Issuance (Retirement) of Stock, Net",CF_Sale/Issuance of Common,"CF_Common Stock, Net",CF_Repurchase/Retirement of Preferred,"CF_Preferred Stock, Net",CF_Options Exercised,"CF_Issuance (Retirement) of Debt, Net",CF_Long Term Debt Issued,CF_Long Term Debt Reduction,"CF_Long Term Debt, Net",CF_Cash from Financing Activities,CF_Foreign Exchange Effects,CF_Net Change in Cash,CF_Net Cash - Beginning Balance,CF_Net Cash - Ending Balance,CF_Cash Interest Paid,CF_Cash Taxes Paid,CF_Net Changes in Working Capital,CF_Free Cash Flow,IS_Earnings Quality Score,IS_Revenue,IS_Net Sales,IS_Total Revenue,"IS_Cost of Revenue, Total",IS_Cost of Revenue,IS_Gross Profit,"IS_Selling/General/Admin. Expenses, Total",IS_Selling/General/Administrative Expense,IS_Labor & Related Expense,IS_Research & Development,IS_Depreciation/Amortization,IS_Depreciation,IS_Amortization of Intangibles,IS_Unusual Expense (Income),IS_Impairment-Assets Held for Use,IS_Other Unusual Expense (Income),"IS_Other Operating Expenses, Total",IS_Other Operating Expense,"IS_Other, Net",IS_Total Operating Expense,IS_Operating Income,IS_Interest/Invest Income - Non-Operating,IS_Investment Income - Non-Operating,"IS_Interest Inc.(Exp.),Net-Non-Op., Total",IS_Net Income Before Taxes,IS_Provision for Income Taxes,IS_Net Income After Taxes,IS_Net Income Before Extra. Items,IS_Net Income,IS_Income Available to Com Excl ExtraOrd,IS_Income Available to Com Incl ExtraOrd,IS_Basic Weighted Average Shares,IS_Basic EPS Excluding Extraordinary Items,IS_Basic EPS Including Extraordinary Items,IS_Dilution Adjustment,IS_Diluted Net Income,IS_Diluted Weighted Average Shares,IS_Diluted EPS Excluding ExtraOrd Items,IS_Diluted EPS Including ExtraOrd Items,IS_DPS - Common Stock Primary Issue,IS_Gross Dividends - Common Stock,IS_Total Special Items,IS_Normalized Income Before Taxes,IS_Effect of Special Items on Income Taxes,IS_Inc Tax Ex Impact of Sp Items,IS_Normalized Income After Taxes,IS_Normalized Inc. Avail to Com.,IS_Basic Normalized EPS,IS_Diluted Normalized EPS,"IS_Amort of Intangibles, Supplemental","IS_Depreciation, Supplemental","IS_Depreciation of Right-of-Use Assets,Sup.","IS_Interest Expense, Supplemental","IS_Interest Expense on Lease Liabs., Suppl.",IS_Labor & Related Expense Suppl.,"IS_Stock-Based Compensation, Supplemental",IS_Variable Financial Lease Expenses,IS_Short-Term Lease Cost,"IS_Research & Development Exp, Supplemental",IS_COVID-19 One-time Government Grants,IS_Normalized EBIT,IS_Normalized EBITDA,IS_Current Tax - Total,IS_Current Tax - Domestic,IS_Deferred Tax - Total,IS_Deferred Tax - Domestic,IS_Income Tax - Total,Revenue from Business Activities - Total,Gross Profit - Industrials/Property - Total,Operating Profit before Non-Recurring Income/Expense,"Earnings before Interest, Taxes, Depreciation & Amortization (EBITDA)",Income before Discontinued Operations & Extraordinary Items,Cash & Cash Equivalents,Cash & Short-Term Investments,Total Assets,Debt - Total,Common Equity - Total,Net Cash Flow from Operating Activities,"Depreciation, Depletion & Amortization including Impairment - Cash Flow - to Reconcile",Capital Expenditures - Net - Cash Flow,Net Change in Cash - Total,Free Cash Flow Net of Dividends,"Dividend Yield - Common Stock - Net - Issue Specific - %, TTM",EPS - Diluted - excluding Extraordinary Items Applicable to Common - Total,Shares used to calculate Diluted EPS - Total,Non-GAAP Adjusted Net Earnings - Company Reported,Non-GAAP Adjusted EBITDA - Company Reported,Non-GAAP EPS Diluted - Company Reported,Gross Profit Margin - %,EBITDA Margin - %,Operating Margin - %,Income before Tax Margin - %,Income Tax Rate - %,Net Margin - %,"Free Cash Flow Yield - %, TTM","Return on Average Common Equity - % (Income available to Common excluding Extraordinary Items), TTM","Return on Average Total Assets - % (Income before Discontinued Operations & Extraordinary Items), TTM","Return on Invested Capital - %, TTM",Common Shares - Outstanding - Total,Total Debt Percentage of Total Assets,Total Debt Percentage of Total Capital,Total Debt Percentage of Total Equity,Interest Coverage Ratio,Earnings Retention Rate,Dividend Payout Ratio - %,Market Capitalization,Enterprise Value,"Asset Turnover, TTM","Income before Tax Margin - %, TTM","Pretax ROA - %, TTM","Total Assets to Total Shareholders Equity - including Minority Interest & Hybrid Debt, Average TTM","Pretax ROE - %, TTM","Tax Complement, TTM","Earnings Retention Rate, TTM",Current Ratio,Working Capital to Total Assets,"Accounts Receivable Turnover, TTM","Average Receivables Collection Days, TTM","Payables Turnover, TTM","Average Payables Payment Days, TTM","Average Net Trade Cycle Days, TTM",Employment Number,재고자산회전율(비율),당기순이익(천원),매출액(천원),매출원가(천원),매출총이익(천원),영업이익(천원),영업이익증가율(YoY)(연도),운전자본증감(천원),순부채(천원),"BPS(지배, Adj.)(원/주)",BPS증가율(YoY)(비율),Free Cash Flow2(천원),부채비율(비율),부채총계(천원),유동자산(천원),이익잉여금(천원),자본금(천원),자산총계(천원),현금배당성향(%),비유동비율(천원),비유동자산(천원),EBITDA2(천원),EBITDA2마진율(비율),EBITDA2증가율(YoY)(비율),"EPS(지배, Adj.)(원/주)",EPS증가율(YoY)(비율),순이익률(비율),순이익증가율(YoY)(비율),매출액이익률(비율),매출액증가율(YoY)(연도),영업이익률(비율),CAPEX(천원),ROA(비율),ROE(지배)(비율),총자산회전율(비율),유동비율(비율),인력수,인당매출,무형자산,무형자산회전율,매입채무회전율,매출채권회전율,이자보상율,자기자본비율,인당영업이익,인당순이익,SG&A,단기투자자산,채무총계,무형자산감상비 누계,유형자산감상비 누계,Gross Investment (GI),ROGI(%),EBIT(천원),투자비 대비 매출 (Rev/GI),Opex Margin,Y1,Y2,Y3,Y4,인당매출s,무형자산회전율s,인당영업이익s,인당순이익s,투자비 대비 매출 (Rev/GI)s
2013-12,100.0,13.8,56.7,13.8,55.4,12.1,12.1,-0.5,13.8,1.7,1.2,28.8,10.7,2.2,0.0,7.6,0.9,2.4,-6.0,0.0,0.0,2.1,8.2,13.1,8.2,41.5,0.8,10.3,0,4.2,24.7,24.7,0.5,0.7,39.9,75.0,75.0,0.0,79.1,1.0,1.0,0.2,0.2,115.1,9.9,9.9,3.9,-87.1,-0.4,-0.4,-73.6,41.5,23.6,23.6,0,-73.6,257.0,0.0,2.4,0.0,0.0,11.9,24.7,1.8,0.0,28.8,20.0,20.0,65.3,-73.6,25.0,4.2,8.3,8.3,4.2,16.7,4.2,0.0,13.3,3.1,2.5,2.5,2.5,2.5,5.1,5.1,0.5,3.2,0.5,0.7,0.7,0.7,0.7,1.3,1.3,0.0,100.0,-9.72,0.83,0.83,0.04,0.04,26.29,17.88,8.4,2.23,-2.01,-0.05,0.0,0.58,4.87,-1.15,19.63,-1.4,-1.4,-55.01,-2.41,25.0,-80.01,-1.4,-50.59,-50.59,-26.97,0.53,0.53,-28.47,-28.47,0.97,24.94,25.0,-0.06,24.94,-52.62,-0.61,-35.0,48.8,13.8,0.0,1.15,3.38,18.23,100.0,16.32,16.32,16.32,4.6,4.6,11.72,5.36,5.1,0.26,2.45,0.16,0.16,0.04,0.1,0.1,-7.91,0.82,0.82,-0.02,12.41,3.91,-2.69,-2.69,-2.69,1.23,2.07,-0.84,-0.84,-0.84,-0.84,-0.84,43.78,-0.02,-0.02,0.0,-0.84,43.78,-0.02,-0.02,0.0,0,0.1,1.23,0.04,2.07,-0.84,-0.84,-0.02,-0.02,1.13,0.22,0.68,0.11,0.11,0.29,0.35,0.36,0.11,2.45,-7.91,3.91,4.13,8.34,8.34,-6.27,-6.27,2.07,16.32,11.72,1.47,1.69,-0.84,13.8,13.8,41.47,79.14,-73.58,7.56,0.22,0.58,-46.07,6.98,,-0.02,43.78,,,,71.79,10.33,8.99,7.52,168.4,-5.15,,,,,23.57,190.82,1424.57,,112.85,,,,,,-7.97,,,,,,0.75,-0.24,,,,,,,0.5666666666666667,-0.84,16.32,4.6,11.72,3.91,,2.23,65.3,-8.708231684905794,,18.23,-156.3858695652174,115.1,28.8,-87.1,9.9,41.5,-0.0,-0.17255434782608697,12.7,1.69,10.33,,-0.02,,-5.15,,71.79,,8.99,0.58,,,,0.75,,,0.0,0.0,5.749999999999999,-8.119402985074627,145.35315985130111,-177.34939759036143,,,5.36,13.8,79.1,,-6.0,-2.299999999999997,,3.91,-7.095652173913052,0.40563725490196084,14.63969511213034,15.4493857228064,,,,,,,
2014-03,100.0,19.2,56.7,19.2,55.4,8.4,8.4,-0.5,10.4,2.0,2.1,31.6,10.7,2.2,0.0,7.6,0.9,3.1,-6.0,0.0,0.0,2.4,7.6,13.1,7.6,44.6,0.2,2.6,0,7.5,27.7,27.7,0.5,0.7,38.0,76.8,76.8,0.0,84.3,1.0,1.0,0.1,0.1,115.0,10.8,10.8,4.3,-85.1,-0.3,-0.3,-70.4,44.6,23.6,23.6,0,-70.4,257.0,0.0,3.1,0.0,0.0,11.9,27.7,1.8,0.0,31.6,20.0,20.0,65.1,-70.4,30.0,5.0,10.0,10.0,5.0,20.0,5.0,0.0,13.3,3.1,2.5,2.5,2.5,2.5,5.1,5.1,0.5,3.2,0.5,0.7,0.7,0.7,0.7,1.3,1.3,0.0,100.0,1.96,0.24,0.24,0.04,0.04,1.11,0.18,0.93,-2.96,3.42,-0.86,0.0,-8.06,2.94,-0.4,0.34,-0.89,-0.89,-55.01,-2.41,25.0,-80.01,-0.89,-50.59,-50.59,0.87,0.87,0.87,-28.47,-28.47,0.97,5.0,5.0,0.0,5.0,5.87,0.06,5.38,13.8,19.19,0.05,0.35,-2.56,-0.55,100.0,15.62,15.62,15.62,4.83,4.83,10.79,4.69,4.44,0.24,2.96,0.16,0.16,0.04,0.1,0.1,-7.91,0.82,0.82,-0.02,12.47,3.15,-0.39,-0.39,-0.39,2.76,0.8,1.96,1.96,1.96,1.96,1.96,23.57,0.08,0.08,0.0,1.96,23.57,0.08,0.08,0.0,0,0.1,2.76,0.04,0.8,1.96,1.96,0.08,0.08,1.13,0.24,0.68,0.11,0.11,0.39,0.39,0.36,0.11,2.96,-7.91,3.15,3.39,0.21,0.21,0.6,0.6,0.8,15.62,10.79,3.15,3.39,1.96,19.19,19.19,44.6,84.31,-70.35,0.34,0.24,0.89,5.38,-0.55,,0.08,23.57,,,,69.09,21.69,20.16,17.67,29.09,12.53,,,,,23.57,189.06,604.01,,12.25,1.0,0.0,,,,-0.19,,,,,,0.87,-0.11,,,,,,287.0,0.4943037974683544,1.96,15.62,4.83,10.79,3.15,,-2.96,65.1,-4.901386559558411,,-0.55,-163.35227272727272,115.0,31.6,-85.1,10.8,44.6,0.0,-0.18465909090909088,13.0,3.39,21.69,,0.08,,12.53,,69.09,,20.16,0.89,,,,0.87,287.0,0.054425087108013935,0.0,0.0,24.15,4.567251461988304,807.6923076923076,-157.847533632287,0.01097560975609756,0.006829268292682927,4.69,19.2,84.3,,-6.0,0.7000000000000028,,3.15,22.31428571428562,0.40653008962868115,14.63969511213034,15.4493857228064,,,,,,,
2014-06,100.0,50.5,56.7,50.5,55.4,15.5,15.5,-0.5,17.6,2.1,1.6,69.6,10.7,2.2,0.0,7.6,0.9,4.3,-6.0,0.0,0.0,2.6,8.3,13.1,8.3,84.7,1.0,5.4,0,7.5,36.4,36.4,0.5,0.7,42.8,0.0,76.8,0.0,0.0,1.0,1.0,0.1,0.1,43.0,86.5,86.5,5.0,-49.4,-0.3,-0.3,41.8,84.7,23.6,23.6,0,41.8,257.0,0.0,4.3,0.0,0.0,11.9,36.4,1.8,0.0,69.6,20.0,20.0,-50.5,41.8,30.0,5.0,10.0,10.0,5.0,20.0,5.0,0.0,13.3,3.1,2.5,2.5,2.5,2.5,5.1,5.1,0.5,3.2,0.5,0.7,0.7,0.7,0.7,1.3,1.3,0.0,100.0,-3.32,0.5,0.5,0.04,0.04,8.97,6.76,2.21,1.1,-3.78,-0.35,0.0,-1.34,11.66,-5.09,7.26,-2.44,-2.44,-55.01,-2.41,25.0,-80.01,-2.44,-3.84,-3.84,60.57,60.55,60.55,-28.47,-28.47,0.01,-25.0,5.0,-30.0,-25.0,31.73,0.1,36.65,13.8,50.45,0.52,4.58,6.2,4.82,100.0,17.93,17.93,17.93,5.63,5.63,12.3,6.37,5.95,0.42,3.56,0.16,0.16,0.04,0.1,0.1,-7.91,0.82,0.82,-0.02,15.56,2.37,-6.75,-6.75,-6.75,-4.39,0.89,-5.27,-5.27,-5.27,-5.27,-5.27,15.64,-0.34,-0.34,0.0,-5.27,15.64,-0.34,-0.34,0.0,0,0.1,-4.39,0.04,0.89,-5.27,-5.27,-0.34,-0.34,1.13,0.26,0.68,0.11,0.11,0.48,0.63,0.36,0.11,3.56,-7.91,2.37,2.63,0.19,0.19,0.7,0.7,0.89,17.93,12.3,-1.19,-0.93,-5.27,50.45,50.45,84.75,,41.77,6.91,0.26,1.55,31.26,5.37,0.0,-0.34,15.64,,,,68.61,-5.21,-6.66,-24.46,,-29.41,4.65,,,,23.59,,,,-4.72,,,295.05,244.59,,-2.96,,,,,,1.67,0.34,,,,,,287.0,0.2576149425287356,-5.27,17.93,5.63,12.3,2.37,,1.1,-50.5,5.9545126695430985,,4.82,103.11750599520384,43.0,69.6,-49.4,86.5,84.7,-0.0,0.3612440191387562,15.100000000000009,-0.93,-5.21,,-0.34,,-29.41,,68.61,,-6.66,1.55,,,,1.67,287.0,0.06247386759581881,0.0,0.0,5.63,-4.743386243386244,35.111111111111114,49.23258559622196,0.008257839721254356,-0.018362369337979093,6.37,50.5,0.0,,-6.0,-2.799999999999997,,2.37,-6.403571428571435,0.35415504740658116,15.876162296671817,14.2147625216711,7.07,20.99,,,,,
2014-09,100.0,55.9,56.7,55.9,55.4,7.4,7.4,-0.5,9.4,2.0,1.6,66.9,10.7,2.2,0.0,7.6,0.9,4.7,-6.0,0.0,0.0,3.0,7.2,13.1,7.2,81.8,0.6,3.7,0,0.0,32.3,32.3,0.5,0.7,36.6,0.0,0.0,0.0,0.0,1.0,1.0,0.1,0.1,36.7,86.7,86.7,5.7,-46.9,-0.4,-0.4,45.1,81.8,23.6,23.6,0,45.1,257.0,0.0,4.3,0.0,0.0,11.9,32.3,1.8,0.0,66.9,20.0,20.0,-55.9,45.1,30.0,5.0,10.0,10.0,5.0,20.0,5.0,0.0,13.3,3.1,2.5,2.5,2.5,2.5,5.1,5.1,0.5,3.2,0.5,0.7,0.7,0.7,0.7,1.3,1.3,0.0,100.0,-0.81,0.82,0.82,0.04,0.04,10.72,6.76,3.96,2.85,4.24,-0.36,0.0,-3.54,7.82,-5.32,13.57,-3.07,-3.07,-55.01,-2.41,25.0,-80.01,-3.07,-3.84,-3.84,60.66,60.55,60.55,-28.47,-28.47,0.1,-25.0,5.0,-30.0,-25.0,31.82,-0.2,42.12,13.8,55.93,0.53,4.79,8.17,10.5,100.0,17.68,17.68,17.68,4.86,4.86,12.83,5.15,4.58,0.57,3.55,0.16,0.16,0.04,0.1,0.1,-7.91,0.82,0.82,-0.02,13.55,4.13,-0.26,-0.26,-0.26,3.87,1.36,2.51,2.51,2.51,2.51,2.51,23.59,0.11,0.11,0.0,2.51,24.76,0.1,0.1,0.0,0,0.1,3.87,0.04,1.36,2.51,2.51,0.11,0.1,1.13,0.32,0.68,0.11,0.11,0.65,0.79,0.36,0.11,3.55,-7.91,4.13,4.45,0.23,0.23,1.13,1.13,1.36,17.68,12.83,0.58,0.9,2.51,55.93,55.93,81.79,0.0,45.12,6.32,0.32,0.63,5.48,5.68,0.0,0.1,24.76,,,,72.54,5.1,3.3,21.89,35.09,14.21,4.56,,,,23.61,0.0,0.0,0.0,,1.0,0.0,335.98,280.05,,5.14,,,,-0.47,,1.88,0.39,,,,,,287.0,0.26427503736920777,2.51,17.68,4.86,12.83,4.13,,2.85,-55.9,9.686731308546259,,10.5,81.37472283813749,36.7,66.9,-46.9,86.7,81.8,0.0,0.3303769401330375,14.899999999999991,0.9,5.1,,0.1,,14.21,,72.54,,3.3,0.63,,,,1.88,287.0,0.06160278745644599,0.0,0.0,8.100000000000001,4.169811320754716,1588.4615384615383,55.13447432762836,0.014390243902439023,0.008745644599303135,5.15,55.9,0.0,,-6.0,-4.800000000000004,,4.13,-3.68333333333333,0.4666289592760181,18.519354896796788,15.477035560554452,7.45,27.32,0.17850174216027875,,0.03362369337979094,-0.0027874564459930314,5.131728778467804
2014-12,100.0,56.7,56.7,0.0,55.4,16.4,16.4,-0.5,19.0,2.6,1.9,77.6,11.1,2.2,0.0,8.0,0.9,4.7,-6.4,0.0,0.0,3.1,5.7,13.1,5.7,91.2,0.6,6.3,0,0.0,35.7,35.7,0.5,0.7,42.7,0.0,0.0,0.0,0.0,1.0,1.0,1.9,1.9,44.6,87.2,87.2,6.2,-46.3,-0.5,-0.5,46.6,91.2,23.7,23.7,0,46.6,287.0,0.0,4.3,0.0,0.0,11.9,35.7,1.8,0.0,77.6,20.0,20.0,-56.7,46.6,30.0,5.0,10.0,10.0,5.0,20.0,5.0,0.0,13.3,3.1,2.5,2.5,2.5,2.5,5.1,5.1,0.5,9.4,1.2,1.4,1.4,1.4,1.4,2.7,2.7,2.7,100.0,-0.22,1.15,1.15,0.04,0.04,13.03,6.76,6.27,2.29,-5.34,-0.73,0.0,0.65,13.22,-5.51,16.25,-3.49,-3.49,-55.01,-2.41,25.0,-80.01,-3.49,-5.22,-5.22,60.82,60.55,60.55,0.0,0.0,0.26,-25.0,5.0,-30.0,-25.0,30.6,-0.44,42.92,13.8,56.73,0.55,4.97,7.8,12.76,100.0,18.82,18.82,18.82,5.43,5.43,13.39,7.4,6.85,0.55,3.36,0.16,0.16,0.04,0.1,0.1,-7.91,0.82,0.82,-0.02,16.2,2.62,-0.45,-0.45,-0.45,2.18,1.59,0.58,0.58,0.58,0.58,0.58,23.72,0.02,0.02,0.0,0.58,23.72,0.02,0.02,0.0,0,0.1,2.18,0.04,1.59,0.58,0.58,0.02,0.02,1.13,0.33,0.68,0.11,0.11,0.7,0.7,0.36,0.11,3.36,-7.91,2.62,2.96,0.19,0.19,1.4,1.4,1.59,18.82,13.39,-0.74,-0.4,0.58,56.73,56.73,91.21,0.0,46.64,2.68,0.33,0.42,0.8,2.26,0.0,0.02,23.72,,,,71.13,-2.15,-3.92,11.56,73.16,3.1,3.66,,-0.33,-0.94,23.74,0.0,0.0,0.0,,1.0,0.0,376.9,320.18,1.06,6.31,6.66,,,-0.05,,1.87,0.4,4.27,85.62,29.83,12.27,73.35,287.0,0.24252577319587632,0.58,18.82,5.43,13.39,2.62,-0.329923273657289,2.29,-56.7,12.196569408442251,-2.400579342598668,12.76,95.70815450643777,44.6,77.6,-46.3,87.2,91.2,0.0,0.29184549356223194,13.600000000000009,-0.4,-2.15,-1.2366863905325445,0.02,-2.0,3.1,-1.6904761904761905,71.13,0.15318627450980382,-3.92,0.42,-0.33,,1.06,1.87,287.0,0.06557491289198607,0.0,0.0,9.05,-3.5243445692883895,582.2222222222222,51.09649122807017,0.009128919860627178,0.0020209059233449477,7.4,56.7,0.0,,-6.4,-3.700000000000001,-4.090000000000001,2.62,-5.086486486486485,0.3475026567481403,23.961219832774407,22.5892337132873,8.11,,0.2440766550522648,,0.04275261324041812,-0.0007665505226480836,7.1408944658943705
2015-03,100.0,78.8,56.7,78.8,55.4,14.4,14.4,-0.5,17.1,2.7,2.4,98.3,12.8,2.2,0.0,9.7,0.9,6.1,-6.7,0.0,0.0,3.4,4.6,13.1,4.6,112.4,0.4,3.7,0,0.0,42.3,42.3,0.5,0.7,46.4,0.0,0.0,0.0,0.0,1.0,1.0,15.8,15.8,62.2,87.5,87.5,7.0,-43.9,-0.5,-0.5,50.2,112.4,23.8,23.8,0,50.2,287.0,0.0,4.3,0.0,0.0,11.9,42.3,15.7,0.0,98.3,20.0,20.0,-78.8,50.2,30.0,5.0,10.0,10.0,5.0,20.0,5.0,0.0,13.3,3.1,2.5,2.5,2.5,2.5,5.1,5.1,0.5,9.2,1.1,1.4,1.4,1.4,1.4,2.9,2.9,2.4,100.0,2.39,0.35,0.35,0.04,0.04,2.02,0.0,2.02,18.85,1.79,-0.46,0.0,-2.76,20.65,-0.36,23.62,-1.68,-1.68,-55.01,-2.41,25.0,-80.01,-1.68,-5.22,-5.22,0.19,0.0,0.0,0.0,0.0,0.19,0.0,0.0,-30.0,0.0,0.19,-0.08,22.04,56.73,78.76,0.0,0.36,19.21,21.93,100.0,19.71,19.71,19.71,5.81,5.81,13.91,5.99,5.36,0.63,3.67,0.16,0.16,0.04,0.1,0.1,-7.91,0.82,0.82,-0.02,15.46,4.25,-0.46,-0.46,-0.46,3.79,1.41,2.39,2.39,2.39,2.39,2.39,23.76,0.1,0.1,0.0,2.39,25.13,0.1,0.1,0.0,0,0.1,3.79,0.04,1.41,2.39,2.39,0.1,0.1,1.13,0.35,0.68,0.11,0.11,0.96,0.96,0.36,0.11,3.67,-7.91,4.25,4.6,0.27,0.27,1.14,1.14,1.41,19.71,13.91,4.25,4.6,2.39,78.76,78.76,112.39,,50.16,23.62,0.35,1.68,22.04,21.93,0.0,0.1,25.13,,,,70.55,23.35,21.55,19.24,37.04,12.12,7.56,,0.27,0.0,23.81,,,,,1.0,0.0,496.38,417.62,0.94,7.36,6.95,,,0.04,1.0,2.16,0.48,5.39,67.89,71.22,5.14,62.75,344.0,0.20050864699898271,2.39,19.71,5.81,13.91,4.25,0.3492063492063493,18.85,-78.8,12.895502326410776,-3.63099067370287,21.93,123.90438247011953,62.2,98.3,-43.9,87.5,112.4,0.0,0.2808764940239045,14.100000000000009,4.6,23.35,0.3569321533923302,0.1,0.25,12.12,0.2193877551020409,70.55,0.2618437900128041,21.55,1.68,0.27,,0.94,2.16,344.0,0.05729651162790698,0.0,0.0,14.524999999999999,11.011173184357542,923.9130434782608,44.661921708185055,0.012354651162790697,0.006947674418604652,5.99,78.8,0.0,,-6.7,-21.899999999999995,-1.2613207547169818,4.25,-0.9000000000000002,0.4337899543378996,27.245547844521084,22.43089544405995,9.91,346.57,0.24694807957215784,,0.04413165464711125,-0.0006481443967263582,-16.07339124839125
2015-06,80.0,85.2,56.7,85.2,55.4,9.0,9.0,-0.5,12.3,3.2,1.7,99.1,14.0,2.3,0.0,10.8,0.9,6.9,-7.1,0.0,0.0,3.6,1.9,13.1,1.9,111.5,0.5,3.0,0,0.0,37.4,37.4,0.5,0.7,40.8,0.0,0.0,0.0,0.0,1.0,1.0,13.9,13.9,54.7,88.0,88.0,7.9,-38.7,-0.5,-0.5,56.8,111.5,23.9,23.9,0,56.8,287.0,0.0,4.3,0.0,0.0,11.9,37.4,13.8,0.0,99.1,20.0,20.0,-85.2,56.8,30.0,5.0,10.0,10.0,5.0,20.0,5.0,0.0,13.3,3.1,2.5,2.5,2.5,2.5,5.1,5.1,0.5,9.3,1.0,1.5,1.5,1.5,1.5,2.9,2.9,2.5,80.0,7.59,0.77,0.77,0.04,0.04,5.46,0.0,5.46,17.11,6.67,0.22,0.0,-3.16,13.85,-0.46,30.93,-2.91,-2.91,-55.01,-2.41,25.0,-80.01,-2.91,0.0,0.0,0.55,0.0,0.0,0.0,0.0,0.55,0.0,0.0,0.0,0.0,0.55,-0.13,28.44,56.73,85.17,0.0,0.46,17.58,28.02,80.0,23.7,23.7,23.7,6.29,6.29,17.42,5.72,5.11,0.62,3.96,0.16,0.16,0.04,0.1,0.1,-7.91,0.82,0.82,-0.02,15.96,7.74,-0.01,-0.01,-0.01,7.74,2.54,5.2,5.2,5.2,5.2,5.2,23.84,0.22,0.22,0.0,5.2,25.39,0.2,0.2,0.0,0,0.1,7.74,0.04,2.54,5.2,5.2,0.22,0.2,1.13,0.41,0.68,0.11,0.11,1.08,1.08,0.36,0.11,3.96,-7.91,7.74,8.15,-0.14,-0.14,2.68,2.68,2.54,23.7,17.42,7.74,8.15,5.2,85.17,85.17,111.53,,56.79,7.31,0.41,1.23,6.4,6.09,0.0,0.2,25.39,,,,73.48,34.39,32.65,32.63,32.8,21.93,6.52,21.68,10.88,,23.9,,,,,1.0,0.0,531.13,445.97,0.81,21.99,17.91,1.99,35.66,0.61,1.0,2.47,0.54,5.36,68.3,30.39,12.04,56.26,344.0,0.2391523713420787,5.2,23.7,6.29,17.42,7.74,2.2658227848101267,17.11,-85.2,13.987645863133604,1.3490832313917815,28.02,96.30281690140846,54.7,99.1,-38.7,88.0,111.5,0.0,0.21830985915492968,12.400000000000006,8.15,34.39,-9.763440860215054,0.2,-1.5882352941176472,21.93,-1.9867172675521823,73.48,0.32180702732849964,32.65,1.23,10.88,21.68,0.81,2.47,344.0,0.0688953488372093,0.0,0.0,12.58,3.553223388305847,77400.0,50.94170403587444,0.0225,0.015116279069767442,5.72,85.2,0.0,,-7.1,-21.300000000000004,-1.5551867219917013,7.74,-1.112676056338028,0.5194092827004221,33.32627034504986,30.9861278648975,9.38,33.66,0.25336956081354833,,0.0583738149258569,0.03283050401102018,-10.782495876157844
2015-09,93.0,90.6,56.7,90.6,55.4,18.4,18.4,-0.5,21.4,3.0,1.8,113.9,14.9,2.4,0.0,11.6,0.9,7.3,-7.6,0.0,0.0,3.6,0.0,13.1,0.0,124.8,1.3,4.2,0,0.0,44.1,44.1,0.5,0.7,49.6,0.0,0.0,0.0,0.0,1.0,1.0,12.9,12.9,62.5,88.6,88.6,9.0,-34.9,-0.5,-0.5,62.2,124.8,24.1,24.1,0,62.2,287.0,0.0,4.3,0.0,0.0,11.9,44.1,12.9,0.0,113.9,20.0,20.0,-90.6,62.2,30.0,5.0,10.0,10.0,5.0,20.0,5.0,0.0,13.3,3.1,2.5,2.5,2.5,2.5,5.1,5.1,0.5,8.2,0.4,1.4,1.4,1.4,1.4,2.8,2.8,2.3,93.0,11.39,1.23,1.23,0.04,0.04,8.72,0.0,8.72,15.39,-2.46,0.12,0.0,-1.25,19.48,-0.5,36.73,-3.76,-3.76,-55.01,-2.41,25.0,-80.01,-3.76,0.0,0.0,0.99,0.0,0.0,0.0,0.0,0.99,0.0,0.0,0.0,0.0,0.99,-0.05,33.9,56.73,90.63,0.0,0.5,15.89,32.97,93.0,23.67,23.67,23.67,6.86,6.86,16.8,6.46,5.8,0.66,3.79,0.16,0.16,0.04,0.1,0.1,-7.91,0.82,0.82,-0.02,17.26,6.4,-0.47,-0.47,-0.47,5.93,2.13,3.81,3.81,3.81,3.81,3.81,23.96,0.16,0.16,0.0,3.81,25.5,0.15,0.15,0.0,0,0.1,5.93,0.04,2.13,3.81,3.81,0.16,0.15,1.13,0.46,0.68,0.11,0.11,1.18,1.18,0.36,0.11,3.79,-7.91,6.4,6.86,0.21,0.21,1.92,1.92,2.13,23.67,16.8,6.4,6.86,3.81,90.63,90.63,124.76,,62.23,5.8,0.46,0.85,5.46,4.95,0.0,0.15,25.5,,,,71.0,29.0,27.05,25.08,35.86,16.08,4.56,22.31,11.6,22.6,24.12,,,,,1.0,0.0,742.03,651.4,0.83,22.86,19.01,1.92,36.59,0.61,1.0,2.33,0.53,5.57,65.76,25.79,14.19,51.57,344.0,0.20781387181738367,3.81,23.67,6.86,16.8,6.4,0.5496368038740922,15.39,-90.6,11.239749592949153,0.16032428638055873,32.97,100.32102728731942,62.5,113.9,-34.9,88.6,124.8,0.0,0.17524115755626996,10.899999999999991,6.86,29.0,6.622222222222223,0.15,0.4999999999999998,16.08,0.5179282868525898,71.0,0.3388009049773757,27.05,0.85,11.6,22.31,0.83,2.33,344.0,0.06880813953488372,0.0,0.0,5.276923076923077,-9.621951219512196,1361.7021276595747,49.919871794871796,0.018604651162790697,0.011075581395348838,6.46,90.6,0.0,,-7.6,-20.699999999999996,-1.647843137254902,6.4,-1.1434782608695655,0.4647232784114913,29.22522536063156,34.0056797495085,12.01,33.91,0.2605749128919861,,0.06258822218620858,0.03516044080706588,-8.24264080369408
2015-12,96.0,99.4,56.7,99.4,55.4,14.9,14.9,-0.5,19.4,4.5,1.9,120.7,12.6,2.4,0.0,10.1,0.1,7.4,-5.2,0.0,0.0,3.6,0.0,13.1,0.0,128.1,0.7,5.6,0,0.0,40.9,40.4,0.5,0.7,47.2,0.0,0.0,0.0,0.0,1.0,1.0,14.3,14.3,62.5,90.8,90.8,8.9,-33.6,-0.5,-0.5,65.6,128.1,24.4,24.4,0,65.6,344.0,0.0,4.3,0.0,0.0,11.9,40.4,14.2,0.0,120.7,20.0,20.0,-99.4,65.6,30.0,5.0,10.0,10.0,5.0,20.0,5.0,0.0,13.3,3.1,2.5,2.5,2.5,2.5,5.1,5.1,0.5,7.9,1.5,1.3,1.3,1.3,1.3,2.5,2.5,1.4,96.0,12.68,1.73,1.73,0.04,0.04,15.63,0.0,15.63,15.22,1.58,0.02,0.0,-2.74,17.24,-0.89,45.25,-4.33,-4.33,-55.01,-2.41,25.0,-80.01,-4.33,0.0,0.0,1.86,0.0,0.0,0.0,0.0,1.86,0.0,0.0,0.0,0.0,1.86,-0.11,42.67,56.73,99.39,0.0,0.89,16.1,40.91,96.0,24.19,24.19,24.19,6.79,6.79,17.4,8.22,7.55,0.67,3.61,0.15,0.15,0.04,0.1,0.1,-7.91,0.82,0.82,-0.02,18.77,5.42,0.01,0.01,0.01,5.43,4.15,1.29,1.29,1.29,1.29,1.29,24.26,0.05,0.05,0.0,1.29,25.77,0.05,0.05,0.0,0,0.1,5.43,0.04,4.15,1.29,1.29,0.05,0.05,1.13,0.5,0.68,0.11,0.11,1.2,1.2,0.36,0.11,3.61,-7.91,5.42,5.92,3.14,3.14,1.0,1.0,4.15,24.19,17.4,5.42,5.92,1.29,99.39,99.39,128.1,,65.6,8.52,0.5,0.57,8.76,7.95,0.0,0.05,25.77,,,,71.94,24.46,22.4,22.45,76.33,5.32,4.74,22.59,11.56,22.59,24.42,,,,,1.0,0.0,825.31,725.92,0.83,25.08,20.88,1.95,40.79,0.55,1.0,2.59,0.59,4.75,77.08,37.91,9.65,67.43,344.0,0.2004142502071251,1.29,24.19,6.79,17.4,5.42,1.0687022900763359,15.22,-99.4,13.596547282934823,0.11478456175746699,40.91,95.27439024390245,62.5,120.7,-33.6,90.8,128.1,0.0,0.11280487804878037,7.3999999999999915,5.92,24.46,-15.799999999999999,0.05,1.5,5.32,1.224137931034483,71.94,0.2853347502656749,22.4,0.57,11.56,22.59,0.83,2.59,344.0,0.07031976744186047,0.0,0.0,9.700000000000001,15.310126582278482,54200.0,51.20999219359875,0.015755813953488372,0.0037500000000000003,8.22,99.4,0.0,,-5.2,-28.600000000000012,-1.4743034055727549,5.42,-0.8458041958041955,0.4071930549813972,36.765601886254096,34.8452179269983,12.62,28.43,0.2653197674418605,,0.06921511627906976,0.03688953488372094,-4.001958513011791
2016-03,88.0,108.3,56.7,108.3,55.4,12.7,12.7,-0.5,17.3,4.6,2.5,128.1,13.0,2.4,0.0,10.4,0.1,7.2,-5.8,0.0,0.0,3.6,0.0,13.1,0.0,135.3,0.4,3.9,0,0.0,45.4,43.9,1.6,0.7,49.7,0.0,0.0,0.0,0.0,0.6,0.6,13.3,13.3,63.6,91.4,91.4,11.0,-30.2,-0.4,-0.4,71.7,135.3,24.5,24.5,0,71.7,344.0,0.0,4.3,0.0,0.0,11.9,43.9,13.2,0.0,128.1,20.0,20.0,-108.3,71.7,30.0,5.0,10.0,10.0,5.0,20.0,5.0,0.0,13.3,3.1,2.5,2.5,2.5,2.5,5.1,5.1,0.5,8.1,1.5,1.3,1.3,1.3,1.3,2.7,2.7,1.2,88.0,3.37,0.52,0.52,0.04,0.04,4.87,0.0,4.87,0.03,1.73,-0.57,0.0,-2.82,2.41,-0.71,8.79,-0.36,-0.36,-55.01,-2.41,25.0,-80.01,-0.36,0.0,0.0,0.37,0.0,0.0,0.0,0.0,0.37,0.0,0.0,0.0,0.0,0.37,0.16,8.96,99.39,108.35,0.0,0.71,0.74,8.43,88.0,27.03,27.03,27.03,8.11,8.11,18.93,8.94,7.25,1.69,4.65,0.14,0.14,0.04,0.1,0.1,-7.91,0.82,0.82,-0.02,21.83,5.21,0.34,0.34,0.34,5.55,2.18,3.37,3.37,3.37,3.37,3.37,24.45,0.14,0.14,0.0,3.37,25.74,0.13,0.13,0.0,0,0.1,5.55,0.04,2.18,3.37,3.37,0.14,0.13,1.13,0.52,0.68,0.11,0.11,2.28,2.28,0.36,0.11,4.65,-7.91,5.21,5.73,3.14,3.14,1.0,1.0,4.15,27.03,18.93,5.21,5.73,3.37,108.35,108.35,135.28,,71.69,8.79,0.52,0.36,8.96,8.43,0.0,0.13,25.74,,,,70.02,21.18,19.26,20.52,39.25,12.46,3.23,22.42,11.03,22.42,24.48,,,,,1.0,0.0,811.6,703.25,0.8,25.0,19.9,2.03,40.45,0.55,1.0,2.61,0.59,5.73,63.85,68.82,5.32,58.53,407.0,0.21100702576112415,3.37,27.03,8.11,18.93,5.21,0.22588235294117642,0.03,-108.3,15.634046775441778,0.21236430964168762,8.43,88.70292887029287,63.6,128.1,-30.2,91.4,135.3,0.0,0.10041841004184124,7.200000000000017,5.73,21.18,0.24565217391304373,0.13,0.30000000000000004,12.46,0.41004184100418417,70.02,0.3713850837138508,19.26,0.36,11.03,22.42,0.8,2.61,407.0,0.06641277641277642,0.0,0.0,20.275,15.6242774566474,1532.3529411764705,52.99334811529934,0.012800982800982802,0.008280098280098281,8.94,108.3,0.0,,-5.8,-30.799999999999986,-0.940037950664137,5.21,-0.877597402597403,0.4321124676285608,45.84708195497652,40.4882239451114,11.33,26.38,0.2744360322267299,,0.06966144791726187,0.038221958745214564,-3.9795559156091938
2016-06,95.0,114.8,56.7,114.8,55.4,13.8,12.7,-0.5,16.9,3.2,3.4,135.2,15.0,2.7,0.0,12.1,0.1,8.7,-6.3,0.0,0.0,3.6,0.0,13.1,0.0,143.9,2.9,5.6,0,0.0,42.8,40.8,1.9,0.7,51.3,0.0,0.0,0.0,0.0,0.7,0.7,13.7,13.7,65.6,93.4,93.4,12.2,-27.0,-0.3,-0.3,78.2,143.9,24.7,24.7,0,78.2,344.0,0.0,4.3,0.0,0.0,11.9,40.8,13.7,0.0,135.2,20.0,20.0,-114.8,78.2,30.0,5.0,10.0,10.0,5.0,20.0,5.0,0.0,13.3,3.1,2.5,2.5,2.5,2.5,5.1,5.1,0.5,8.2,1.9,1.3,1.3,1.3,1.3,2.7,2.7,1.0,95.0,6.61,1.06,1.06,0.04,0.04,8.34,0.0,8.34,-0.46,2.01,-1.48,0.0,0.52,-0.53,-0.99,15.55,-2.41,-2.41,-55.01,-2.41,25.0,-80.01,-2.41,0.0,0.0,1.77,0.0,0.0,0.0,0.0,1.77,0.0,0.0,0.0,0.0,1.77,0.54,15.45,99.39,114.84,0.0,0.99,0.53,13.13,95.0,28.73,28.73,28.73,8.71,8.71,20.02,10.36,9.05,1.3,4.64,0.15,0.15,0.04,0.1,0.1,-7.91,0.82,0.82,-0.02,23.86,4.88,-0.13,-0.13,-0.13,4.75,1.51,3.24,3.24,3.24,3.24,3.24,24.57,0.13,0.13,0.0,3.24,25.9,0.13,0.13,0.0,0,0.1,4.75,0.04,1.51,3.24,3.24,0.13,0.13,1.13,0.54,0.68,0.11,0.11,1.85,1.85,0.36,0.11,4.64,-7.91,4.88,5.42,3.14,3.14,1.0,1.0,4.15,28.73,20.02,4.88,5.42,3.24,114.84,114.84,143.88,,78.25,6.76,0.54,2.06,6.49,4.71,0.0,0.13,25.9,,,,69.68,18.87,16.98,16.53,31.79,11.28,2.52,17.33,9.16,17.33,24.68,,,,,1.0,0.0,989.08,874.25,0.81,20.9,16.96,1.89,32.08,0.54,1.0,2.67,0.59,7.09,51.59,18.26,20.04,31.55,407.0,0.21250000000000002,3.24,28.73,8.71,20.02,4.88,-0.3695090439276486,-0.46,-114.8,14.868439703178522,0.0629694123416702,13.13,83.78033205619411,65.6,135.2,-27.0,93.4,143.9,0.0,0.1112531969309465,8.700000000000017,5.42,18.87,-0.3349693251533743,0.13,-0.35,11.28,-0.3769230769230769,69.68,0.21223628691983132,16.98,2.06,9.16,17.33,0.81,2.67,407.0,0.07058968058968058,0.0,0.0,3.0034482758620693,14.29353233830846,3753.8461538461534,54.41278665740098,0.01199017199017199,0.00796068796068796,10.36,114.8,0.0,,-6.3,-30.199999999999985,-0.8508737864077672,4.88,-0.9513245033112587,0.38183083884441343,47.38293971342606,49.7521514891376,12.66,36.54,0.2761303639792012,,0.05915161990743386,0.03106636763613508,-3.8182043625824247
2016-09,97.0,111.7,56.7,111.7,55.4,31.8,12.7,-0.5,34.6,2.8,3.2,149.5,17.7,2.9,0.0,14.6,0.1,10.7,-7.0,0.0,0.0,3.6,0.2,13.1,0.2,160.5,2.4,6.3,0,0.0,52.2,50.0,2.2,0.7,60.9,0.0,0.0,0.0,0.0,1.1,1.1,14.5,14.5,76.5,95.4,95.4,13.5,-24.6,-0.3,-0.3,83.9,160.5,24.8,24.8,0,83.9,344.0,0.0,4.3,0.0,0.0,11.9,50.0,14.4,0.0,149.5,20.0,20.0,-111.7,83.9,30.0,5.0,10.0,10.0,5.0,20.0,5.0,0.0,13.3,3.1,2.5,2.5,2.5,2.5,5.1,5.1,0.5,8.9,2.0,1.5,1.5,1.5,1.5,3.0,3.0,0.8,97.0,9.03,1.75,1.75,0.04,0.04,12.47,0.0,12.47,-9.22,-16.03,-1.31,0.0,-0.08,9.45,-1.25,14.04,-5.13,-5.13,-55.01,-2.41,25.0,-80.01,-5.13,0.0,0.0,2.97,0.0,0.0,0.0,0.0,2.97,0.0,0.0,0.0,0.0,2.97,0.39,12.27,99.39,111.66,0.0,1.25,-7.97,8.91,97.0,29.92,29.92,29.92,9.47,9.47,20.46,10.65,9.25,1.4,5.58,0.16,0.16,0.04,0.1,0.1,-7.91,0.82,0.82,-0.02,25.85,4.07,0.04,0.04,0.04,4.11,1.69,2.43,2.43,2.43,2.43,2.43,24.74,0.1,0.1,0.0,2.43,26.11,0.09,0.09,0.0,0,0.1,4.11,0.04,1.69,2.43,2.43,0.1,0.09,1.13,0.68,0.68,0.11,0.11,2.06,2.06,0.36,0.11,5.58,-7.91,4.07,4.75,3.14,3.14,1.0,1.0,4.15,29.92,20.45,4.07,4.75,2.42,111.66,111.66,160.46,,83.95,-1.51,0.68,2.71,-3.17,-4.22,0.0,0.09,26.11,,,,68.36,15.88,13.6,13.74,41.03,8.1,1.28,14.12,7.24,14.12,24.83,,,,,1.0,0.0,1263.13,1151.47,0.77,18.06,13.91,1.95,27.14,0.52,1.0,2.48,0.56,3.92,93.3,17.79,20.57,72.73,407.0,0.20013377926421405,2.43,29.92,9.47,20.46,4.07,-0.36406249999999996,-9.22,-111.7,15.581952932063736,0.38632562969538986,8.91,91.07142857142857,76.5,149.5,-24.6,95.4,160.5,0.0,0.13110846245530391,11.0,4.75,15.88,-0.30758017492711376,0.09,-0.4,8.1,-0.36220472440944873,68.36,0.26404731727925634,13.6,2.71,7.24,14.12,0.77,2.48,407.0,0.07351351351351351,0.0,0.0,3.9458333333333337,-1.866500311915159,10175.0,52.336448598130836,0.01,0.0059705159705159706,10.65,111.7,0.0,,-7.0,-20.700000000000003,-0.9458937198067633,4.07,-1.4454106280193235,0.37466577540106955,52.905579882512285,48.6149688461828,15.06,52.78,0.28083573795783096,,0.050546968744643164,0.02596130221130221,-4.120136729732183
2016-12,97.0,127.9,56.7,127.9,55.4,23.8,12.7,-0.5,26.2,2.3,3.3,157.4,18.4,2.9,0.0,15.3,0.1,10.7,-7.7,0.0,0.0,3.6,0.2,13.1,0.2,168.3,2.2,5.8,0,0.0,57.9,55.5,2.5,0.7,66.0,0.0,0.0,0.0,0.0,1.4,1.4,13.2,13.2,80.6,97.2,97.2,13.9,-22.9,-0.5,-0.5,87.7,168.3,24.9,24.9,0,87.7,344.0,0.0,4.3,0.0,0.0,11.9,55.5,13.2,0.0,157.4,20.0,20.0,-127.9,87.7,30.0,5.0,10.0,10.0,5.0,20.0,5.0,0.0,13.3,3.1,2.5,2.5,2.5,2.5,5.1,5.1,0.5,8.5,1.9,1.8,1.8,1.2,1.2,3.6,2.4,0.5,97.0,10.75,2.49,2.49,0.04,0.04,16.68,0.0,16.68,1.21,-8.02,-1.43,0.0,-1.18,14.04,-2.2,31.13,-5.79,-5.79,-55.01,-2.41,25.0,-80.01,-5.79,0.0,0.0,3.27,0.0,0.0,0.0,0.0,3.27,0.0,0.0,0.0,0.0,3.27,-0.08,28.52,99.39,127.91,0.0,2.2,3.41,25.33,97.0,30.26,30.26,30.26,9.49,9.49,20.77,11.47,10.22,1.25,5.38,0.19,0.19,0.04,0.1,0.1,-7.91,0.82,0.82,-0.02,26.52,3.74,-0.15,-0.15,-0.15,3.6,1.88,1.71,1.71,1.71,1.71,1.71,21.86,0.08,0.08,0.0,1.71,26.19,0.07,0.07,0.0,0,0.1,3.6,0.04,1.88,1.71,1.71,0.08,0.07,1.13,0.75,0.68,0.11,0.11,1.95,1.95,0.36,0.11,5.38,-7.91,3.74,4.49,3.14,3.14,1.0,1.0,4.15,30.26,20.77,3.74,4.49,1.71,127.91,127.91,168.29,,87.71,17.09,0.75,0.67,16.25,16.42,0.0,0.07,26.19,,,,68.63,14.83,12.36,11.88,52.41,5.65,2.09,14.02,7.25,14.02,24.94,,,,,1.0,0.0,1155.36,1027.45,0.78,15.53,12.15,1.93,23.48,0.6,1.0,2.41,0.55,5.08,71.98,24.49,14.95,57.03,407.0,0.19224904701397713,1.71,30.26,9.49,20.77,3.74,-0.3099630996309962,1.21,-127.9,15.492973041072196,0.13947848072558822,25.33,91.90421892816417,80.6,157.4,-22.9,97.2,168.3,0.0,0.12428734321550747,10.900000000000006,4.49,14.83,-0.24155405405405406,0.07,0.40000000000000013,5.65,0.3255813953488371,68.63,0.2509301364200083,12.36,0.67,7.25,14.02,0.78,2.41,407.0,0.07434889434889436,0.0,0.0,4.3136363636363635,-3.7730673316708234,2493.333333333334,52.10932857991683,0.009189189189189189,0.004201474201474201,11.47,127.9,0.0,,-7.7,-32.499999999999986,-0.5859247135842882,3.74,-0.9310769230769236,0.3486450760079312,62.15616357282853,57.3340311004784,13.23,50.39,0.28486486486486484,,0.04398034398034398,0.026412776412776413,-4.205409457004911
2017-03,96.0,142.0,56.7,142.0,55.4,23.4,23.9,-0.5,29.5,6.1,3.5,175.1,18.8,3.0,0.0,15.6,0.1,10.3,-8.5,0.0,0.0,3.6,0.2,13.1,0.2,185.6,2.3,6.1,0,0.0,64.6,62.5,2.1,0.7,73.0,0.0,0.0,0.0,0.0,1.2,1.2,13.6,13.6,87.8,102.7,102.7,15.0,-19.6,-0.4,-0.4,97.8,185.6,25.3,25.3,0,97.8,344.0,0.0,4.3,0.0,0.0,11.9,62.5,13.6,0.0,175.1,20.0,20.0,-142.0,97.8,30.0,5.0,10.0,10.0,5.0,20.0,5.0,0.0,13.3,3.1,2.5,2.5,2.5,2.5,5.1,5.1,0.5,9.0,1.9,2.1,2.1,1.3,1.3,4.3,2.6,0.2,96.0,3.23,0.79,0.79,0.04,0.04,4.84,0.0,4.84,1.4,-3.56,-0.2,0.0,-0.25,7.34,-1.93,10.26,-0.32,-0.32,-55.01,-2.41,25.0,-80.01,-0.32,0.0,0.0,3.97,0.0,0.0,0.0,0.0,3.97,0.0,0.0,0.0,0.0,3.97,0.17,14.08,127.91,141.99,0.0,1.93,3.33,9.94,96.0,32.54,32.54,32.54,10.38,10.38,22.17,10.87,8.76,2.11,6.09,0.2,0.2,0.04,0.1,0.1,-7.91,0.82,0.82,-0.02,27.54,5.0,0.16,0.16,0.16,5.16,1.93,3.23,3.23,3.23,3.23,3.23,25.04,0.13,0.13,0.0,3.23,26.32,0.12,0.12,0.0,0,0.1,5.16,0.04,1.93,3.23,3.23,0.13,0.12,1.13,0.79,0.68,0.11,0.11,2.72,2.72,0.36,0.11,6.09,-7.91,5.0,5.79,3.14,3.14,1.0,1.0,4.15,32.54,22.17,5.0,5.79,3.23,141.99,141.99,185.56,,97.77,10.26,0.79,0.32,14.08,9.94,0.0,0.12,26.32,,,,68.11,17.79,15.37,15.85,37.44,9.91,1.84,12.51,6.61,12.51,25.29,,,,,1.0,0.0,1395.79,1253.8,0.76,14.5,10.98,1.89,20.79,0.6,1.0,2.42,0.56,5.19,70.51,27.83,13.15,57.36,453.0,0.18583666476299257,3.23,32.54,10.38,22.17,5.0,-0.040307101727447225,1.4,-142.0,14.980218176600031,-0.04182081633968193,9.94,89.77505112474438,87.8,175.1,-19.6,102.7,185.6,0.0,0.10736196319018405,10.5,5.79,17.79,0.010471204188481575,0.12,-0.07692307692307698,9.91,-0.041543026706231445,68.11,0.20384757676655552,15.37,0.32,6.61,12.51,0.76,2.42,453.0,0.07183222958057395,0.0,0.0,4.513043478260871,-9.140449438202246,3125.0,52.69396551724138,0.011037527593818985,0.007130242825607064,10.87,142.0,0.0,,-8.5,-35.7,-0.5320300751879701,5.0,-0.9114845938375349,0.41210817455439464,58.50899910828606,63.7094941854856,14.41,61.31,0.2902843180326624,,0.04221688877318017,0.025262920958285195,-4.239296648245043
2017-06,98.0,150.4,56.7,150.4,55.4,18.7,19.2,-0.5,23.5,4.8,3.1,177.1,20.1,3.2,0.0,16.8,0.1,10.8,-9.3,0.0,0.0,3.6,0.2,13.1,0.2,188.0,2.5,4.6,0,0.0,60.4,57.8,2.6,0.7,67.5,0.0,0.0,0.0,0.0,1.1,1.1,11.7,11.7,80.3,105.5,105.5,16.6,-14.0,-0.4,-0.4,107.7,188.0,25.4,25.4,0,107.7,344.0,0.0,4.3,0.0,0.0,11.9,57.8,11.7,0.0,177.1,20.0,20.0,-150.4,107.7,30.0,5.0,10.0,10.0,5.0,20.0,5.0,0.0,13.3,3.1,2.5,2.5,2.5,2.5,5.1,5.1,0.5,8.5,1.9,1.8,1.8,1.2,1.2,3.6,2.4,0.5,98.0,8.87,1.61,1.61,0.04,0.04,7.23,0.0,7.23,0.08,3.49,0.23,0.0,-1.19,0.63,-3.09,17.78,-1.64,-1.64,-55.01,-2.41,25.0,-80.01,-1.64,0.0,0.0,5.92,0.0,0.0,0.0,0.0,5.92,0.0,0.0,0.0,0.0,5.92,0.46,22.52,127.91,150.43,0.0,3.09,3.17,16.13,98.0,32.87,32.87,32.87,9.99,9.99,22.88,10.55,8.77,1.79,5.73,0.21,0.21,0.04,0.1,0.1,-7.91,0.82,0.82,-0.02,26.48,6.39,0.3,0.3,0.3,6.68,1.04,5.64,5.64,5.64,5.64,5.64,25.33,0.22,0.22,0.0,5.64,26.52,0.21,0.21,0.0,0,0.1,6.68,0.04,1.04,5.64,5.64,0.22,0.21,1.13,0.82,0.68,0.11,0.11,2.4,2.4,0.36,0.11,5.73,-7.91,6.39,7.2,3.14,3.14,1.0,1.0,4.15,32.87,22.88,6.39,7.2,5.64,150.43,150.43,188.01,,107.74,7.52,0.82,1.33,8.44,6.19,0.0,0.21,26.52,,,,69.62,21.92,19.43,20.33,15.61,17.16,1.73,13.98,7.84,13.98,25.41,,,,,1.0,0.0,1575.27,1424.85,0.76,15.56,11.78,1.78,21.02,0.67,1.0,2.62,0.58,6.21,58.97,14.58,25.1,33.87,453.0,0.18560135516657256,5.64,32.87,9.99,22.88,6.39,0.30942622950819665,0.08,-150.4,13.256624760639644,-0.10840511679206732,16.13,74.5589600742804,80.3,177.1,-14.0,105.5,188.0,0.0,0.10120705663881156,10.900000000000006,7.2,21.92,0.3284132841328413,0.21,0.6153846153846152,17.16,0.7407407407407405,69.62,0.14410024364775476,19.43,1.33,7.84,13.98,0.76,2.62,453.0,0.072560706401766,0.0,0.0,3.996,9.41833810888252,2130.0,57.287234042553195,0.014105960264900661,0.012450331125827814,10.55,150.4,0.0,,-9.3,-33.400000000000006,-0.6037735849056605,6.39,-0.9841317365269459,0.42926680864009736,56.36551467512396,55.080683815306,14.69,64.09,0.29225534384474783,,0.04433267704790884,0.02975256412342505,-4.27210388146073
2017-09,93.0,151.4,56.7,151.4,55.4,24.7,25.2,-0.5,30.1,5.4,3.3,184.8,22.7,3.3,0.0,19.3,0.1,12.5,-10.2,0.0,0.0,3.6,0.2,13.1,0.2,197.6,3.7,4.5,0,0.0,61.5,58.5,3.0,0.7,69.7,0.0,0.0,0.0,0.0,1.1,1.1,10.1,10.1,81.0,106.2,106.2,18.7,-8.0,-0.4,-0.4,116.6,197.6,25.4,25.4,0,116.6,344.0,0.0,4.3,0.0,0.0,11.9,58.5,10.1,0.0,184.8,20.0,20.0,-151.4,116.6,30.0,5.0,10.0,10.0,5.0,20.0,5.0,0.0,13.3,3.1,2.5,2.5,2.5,2.5,5.1,5.1,0.5,11.1,2.6,3.0,3.0,1.3,1.3,5.9,2.5,0.0,93.0,14.9,2.52,2.52,0.04,0.04,11.65,0.0,11.65,-8.02,-3.42,0.07,0.0,-0.61,-0.31,-3.75,21.05,-4.3,-4.3,-55.01,-2.41,25.0,-80.01,-4.3,0.0,0.0,6.43,0.0,0.0,0.0,0.0,6.43,0.0,0.0,0.0,0.0,6.43,0.35,23.53,127.91,151.44,0.0,3.75,-4.27,16.75,93.0,33.49,33.49,33.49,9.68,9.68,23.81,10.15,8.42,1.73,5.83,0.22,0.22,0.04,0.1,0.1,-7.91,0.82,0.82,-0.02,25.88,7.6,0.25,0.25,0.25,7.85,1.82,6.03,6.03,6.03,6.03,6.03,25.42,0.24,0.24,0.0,6.03,26.51,0.23,0.23,0.0,0,0.1,7.85,0.04,1.82,6.03,6.03,0.24,0.23,1.13,0.91,0.68,0.11,0.11,2.3,2.3,0.36,0.11,5.83,-7.91,7.6,8.51,3.14,3.14,1.0,1.0,4.15,33.49,23.81,7.6,8.51,6.03,151.44,151.44,197.56,,116.58,3.27,0.91,2.66,1.01,0.61,0.0,0.23,26.51,,,,71.09,25.43,22.71,23.44,23.15,18.01,2.13,16.56,9.28,16.56,25.44,,,,,1.0,0.0,1503.01,1351.58,0.72,18.03,13.01,1.79,23.22,0.71,1.0,2.65,0.58,3.99,91.73,12.87,28.44,63.29,453.0,0.18122294372294373,6.03,33.49,9.68,23.81,7.6,0.867321867321867,-8.02,-151.4,14.212276214143893,-0.08790147960859218,16.75,69.46826758147513,81.0,184.8,-8.0,106.2,197.6,0.0,0.10977701543739266,12.799999999999983,8.51,25.43,0.7915789473684209,0.23,1.5555555555555558,18.01,1.4814814814814814,71.09,0.11931818181818188,22.71,2.66,9.28,16.56,0.72,2.65,453.0,0.07392935982339956,0.0,0.0,2.616216216216216,-9.792397660818715,3040.0,59.0080971659919,0.016777041942604855,0.013311258278145695,10.15,151.4,0.0,,-10.2,-24.600000000000012,-1.003532008830022,7.6,-1.3613821138211377,0.4595401612421618,65.19084998305183,62.7034448848456,12.9,52.0,0.29267119015463383,,0.05110971899051369,0.037093306431054775,-4.1880753672625435
2017-12,99.0,158.4,56.7,158.4,55.4,27.6,28.1,-0.5,32.7,5.0,4.2,195.3,28.7,3.6,0.0,24.7,0.3,17.4,-11.3,0.0,0.0,3.6,0.1,13.1,0.1,212.7,3.3,5.5,0,0.0,69.4,67.0,2.4,0.7,78.2,0.0,0.0,0.0,0.0,1.9,1.9,7.7,7.7,87.9,108.3,108.3,19.3,-2.5,-0.3,-0.3,124.8,212.7,25.5,25.5,0,124.8,344.0,0.0,4.3,0.0,0.0,11.9,67.0,7.7,0.0,195.3,20.0,20.0,-158.4,124.8,30.0,5.0,10.0,10.0,5.0,20.0,5.0,0.0,13.3,3.1,2.5,2.5,2.5,2.5,5.1,5.1,0.5,11.8,2.9,3.4,3.4,1.1,1.1,6.8,2.1,0.0,99.0,20.38,3.62,3.62,0.04,0.04,15.82,0.0,15.82,-6.25,-5.25,-0.84,0.0,-2.3,5.76,-3.63,33.56,-10.15,-10.15,-55.01,-2.41,25.0,-80.01,-65.16,0.0,0.0,6.71,0.0,0.0,0.0,0.0,6.71,0.0,0.0,0.0,0.0,6.71,0.36,-24.52,127.91,103.39,0.0,4.62,-2.63,23.41,99.0,34.42,34.42,34.42,9.74,9.74,24.69,11.28,9.46,1.83,5.44,0.24,0.24,0.04,0.1,0.1,-7.91,0.82,0.82,-0.02,26.7,7.72,0.35,0.35,0.35,8.07,2.58,5.49,5.49,5.49,5.49,5.49,25.46,0.22,0.22,0.0,5.49,26.6,0.21,0.21,0.0,0,0.1,8.07,0.04,2.58,5.49,5.49,0.22,0.21,1.13,1.1,0.68,0.11,0.11,2.33,2.33,0.36,0.11,5.44,-7.91,7.72,8.82,3.14,3.14,1.0,1.0,4.15,34.42,24.69,7.72,8.82,5.49,158.4,158.4,212.69,,124.79,12.51,1.1,5.85,-48.04,6.67,0.0,0.21,26.6,,,,71.71,25.63,22.43,23.44,32.02,15.93,1.45,19.18,10.7,19.18,25.51,,,,,1.0,0.0,1553.8,1395.4,0.7,20.82,14.57,1.79,26.13,0.73,1.0,2.5,0.55,4.53,80.78,14.44,25.34,55.45,453.0,0.17624167946748592,5.49,34.42,9.74,24.69,7.72,1.0641711229946522,-6.25,-158.4,13.3186872066586,-0.14034012895068737,23.41,70.43269230769232,87.9,195.3,-2.5,108.3,212.7,0.0,0.13942307692307673,17.399999999999977,8.82,25.63,0.9643652561247216,0.21,1.9999999999999996,15.93,2.210526315789474,71.71,0.13747521480502312,22.43,5.85,10.7,19.18,0.7,2.5,453.0,0.0759823399558499,0.0,0.0,2.9515151515151516,-6.556190476190476,2205.714285714286,58.67418899858956,0.017041942604856513,0.012119205298013245,11.28,158.4,0.0,,-11.3,-22.300000000000022,-0.9748175182481749,7.72,-1.5434977578475322,0.44247530505520044,65.28563092659046,64.3692499610167,12.48,46.01,0.2943046357615894,,0.05896247240618102,0.04501103752759382,-4.800496202033153
2018-03,58.0,166.6,56.7,166.6,55.4,38.5,38.5,0.0,40.9,2.4,6.4,213.9,45.4,3.9,0.0,29.3,12.3,32.8,-12.6,0.0,0.0,2.1,13.1,13.1,0.0,261.9,7.8,5.7,0,2.6,60.8,58.0,2.8,0.7,76.9,9.2,0.0,9.2,11.8,10.3,10.3,6.0,6.0,102.4,112.1,112.1,21.4,25.9,0.1,0.1,159.5,261.9,25.6,25.6,0,159.5,344.0,0.0,4.3,0.0,0.0,11.9,58.0,6.0,2.6,213.9,20.0,20.0,-154.9,159.5,30.0,5.0,10.0,10.0,5.0,20.0,5.0,0.0,13.3,3.1,2.5,2.5,2.5,2.5,5.1,5.1,0.5,15.4,3.6,4.6,4.6,1.3,1.3,9.3,2.6,0.0,58.0,4.55,1.82,1.82,0.04,0.04,7.05,0.0,7.05,-3.05,-1.23,-2.12,-1.59,3.24,-0.05,-1.29,10.38,-4.82,-4.82,24.96,-2.41,40.01,-15.04,20.14,0.0,0.0,2.78,0.0,0.0,0.0,0.0,2.78,-0.45,0.0,-0.45,-0.45,2.32,0.35,33.2,103.39,136.59,0.15,1.5,-1.76,5.56,58.0,36.85,36.85,36.85,10.14,10.14,26.71,11.19,8.46,2.73,6.51,0.75,0.75,0.04,0.1,0.1,-7.91,0.82,0.82,-0.02,29.51,7.34,0.34,0.34,0.34,7.68,3.13,4.55,4.55,4.55,4.55,4.55,25.54,0.18,0.18,0.0,4.55,26.67,0.17,0.17,0.0,0,0.1,7.78,0.04,3.17,4.61,4.61,0.18,0.17,1.13,1.99,0.68,0.11,0.11,2.33,3.16,0.36,0.11,6.51,-7.91,7.44,9.43,3.14,3.14,1.0,1.0,4.15,36.85,26.71,7.44,10.25,4.55,166.63,166.63,261.9,11.75,159.51,10.38,1.82,4.82,33.2,5.56,0.0,0.17,26.67,7.71,12.49,0.29,72.5,27.81,20.2,20.85,40.74,12.36,1.11,16.88,9.7,16.14,25.64,4.49,6.86,7.37,,1.0,0.0,1641.87,1486.99,0.62,22.0,13.54,1.74,23.54,0.72,1.0,2.78,0.52,3.91,93.67,7.84,46.7,46.96,569.0,0.17227676484338475,4.55,36.85,10.14,26.71,7.34,0.46799999999999997,-3.05,-154.9,11.550596823549242,-0.22894335133303045,5.56,64.20062695924767,102.4,213.9,25.9,112.1,261.9,0.0,0.3009404388714732,47.99999999999997,10.25,27.81,0.770293609671848,0.17,0.41666666666666674,12.36,0.40866873065015485,72.5,0.13245236631837742,20.2,4.82,9.7,16.88,0.62,2.78,569.0,0.06476274165202109,0.0,0.0,1.3,-29.959349593495936,2158.8235294117644,60.90110729285987,0.012899824253075572,0.007996485061511424,11.19,166.6,11.8,,-12.6,17.299999999999976,-3.1684782608695605,7.44,2.130057803468211,0.4952510176390773,72.13469825200093,67.6982738955212,10.33,42.74,0.2872351478330365,,0.0608247690654376,0.04587727976349818,-1.7589538047274065
2018-06,41.0,174.6,56.7,174.6,55.4,37.2,37.2,0.0,40.1,2.9,5.9,220.6,51.2,4.7,0.0,32.7,13.8,36.9,-14.3,0.0,0.0,0.5,13.7,13.7,0.0,271.8,4.6,7.3,0,3.1,62.7,58.6,4.0,0.7,77.6,10.1,0.0,10.1,13.2,9.8,9.8,4.0,4.0,101.5,118.7,118.7,21.7,30.2,-0.3,-0.3,170.2,271.8,25.9,25.9,0,170.2,344.0,0.0,4.3,0.0,0.0,13.3,58.6,4.0,3.1,220.6,20.0,20.0,-161.4,170.2,30.0,5.0,10.0,10.0,5.0,20.0,5.0,0.0,14.9,3.6,2.7,2.7,2.7,2.7,5.4,5.4,0.5,14.2,3.6,4.3,4.3,0.9,0.9,8.7,1.9,0.0,41.0,8.82,4.55,4.55,0.04,0.04,11.2,0.0,11.2,-4.77,0.57,-1.73,-2.21,1.59,-0.83,-2.16,19.8,-9.35,-9.35,24.96,-2.41,40.01,-15.04,-9.35,0.0,0.0,7.14,0.0,0.0,0.0,0.0,7.14,-1.28,0.0,-1.28,-1.28,5.86,-0.13,16.18,158.4,174.58,0.47,2.5,-2.61,10.45,41.0,38.99,38.99,38.99,12.49,12.49,26.5,11.59,9.58,2.0,7.06,0.87,0.87,0.04,0.0,0.0,-7.91,0.88,0.88,-0.02,32.89,6.1,-0.03,-0.03,-0.03,6.07,1.81,4.27,4.27,4.27,4.27,4.27,25.72,0.17,0.17,0.0,4.27,26.75,0.16,0.16,0.0,0,0.0,6.07,0.0,1.81,4.27,4.27,0.17,0.16,1.13,2.56,0.84,0.11,0.11,2.33,2.53,0.36,0.11,7.06,-7.91,6.1,8.67,3.14,3.14,1.0,1.0,4.15,38.99,26.5,6.1,9.55,4.26,174.58,174.58,271.76,13.22,170.22,9.25,2.56,4.53,7.95,4.72,0.0,0.16,26.75,6.79,11.19,0.25,67.96,24.48,15.65,15.58,29.78,10.94,0.99,14.63,8.85,13.97,25.93,4.86,7.21,7.77,,1.0,0.0,1735.6,1574.25,0.63,20.64,12.91,1.65,21.35,0.69,1.0,2.84,0.53,4.52,81.04,11.85,30.89,50.15,569.0,0.17674524025385313,4.27,38.99,12.49,26.5,6.1,-0.04538341158059467,-4.77,-161.4,8.52028317929594,-0.35728110788851886,10.45,59.60070463887257,101.5,220.6,30.2,118.7,271.8,0.0,0.300822561692127,51.20000000000002,9.55,24.48,0.32638888888888906,0.16,-0.23809523809523803,10.94,-0.2429078014184397,67.96,0.1861880133860665,15.65,4.53,8.85,14.63,0.63,2.84,569.0,0.06852372583479789,0.0,0.0,2.715217391304348,68.40350877192984,20333.333333333336,62.65636497424577,0.01072056239015817,0.00750439367311072,11.59,174.6,13.2,,-14.3,23.200000000000017,-5.658823529411771,6.1,1.680603448275861,0.43395742498076434,56.41540534347197,66.75090351024095,10.27,42.4,0.28319816726606845,,0.05743937119069511,0.04093134231078109,0.9057813800754001
2018-09,41.0,176.1,56.7,176.1,55.4,34.5,34.5,0.0,37.0,2.4,7.2,220.2,52.2,4.7,0.0,34.4,13.0,36.1,-16.1,0.0,0.0,0.3,13.1,13.1,0.0,269.7,4.0,7.9,0,3.2,56.5,51.1,5.5,0.7,71.7,9.5,0.0,9.5,12.7,8.3,8.3,2.0,2.0,91.5,122.5,122.5,23.3,32.8,-0.5,-0.5,178.2,269.7,26.0,26.0,0,178.2,344.0,0.0,4.3,0.0,0.0,12.6,51.1,2.0,3.2,220.2,20.0,20.0,-163.4,178.2,30.0,5.0,10.0,10.0,5.0,20.0,5.0,0.0,14.4,3.7,2.6,2.6,2.6,2.6,5.2,5.2,0.3,13.5,3.7,4.2,4.2,0.7,0.7,8.5,1.3,0.0,41.0,11.48,6.7,6.7,0.04,0.04,15.23,0.0,15.23,-12.15,4.38,-3.04,-1.58,1.39,-10.28,-3.02,21.26,-11.11,-11.11,-15.04,-2.41,70.05,-85.09,-26.15,0.0,0.0,9.64,0.0,0.0,0.0,0.0,9.64,-1.58,0.0,-1.58,-1.58,8.06,-0.53,2.65,103.39,106.04,0.71,3.62,-9.13,10.15,41.0,36.59,36.59,36.59,12.01,12.01,24.57,12.73,10.21,2.51,6.12,0.91,0.91,0.04,0.0,0.0,-7.91,0.9,0.9,-0.02,32.67,3.91,0.09,0.09,0.09,4.0,1.33,2.67,2.67,2.67,2.67,2.67,25.97,0.1,0.1,0.0,2.67,26.89,0.1,0.1,0.0,0,0.0,4.0,0.0,1.33,2.67,2.67,0.1,0.1,1.13,2.65,0.84,0.11,0.11,2.33,2.96,0.36,0.11,6.12,-7.91,3.91,6.56,3.14,3.14,1.0,1.0,4.15,36.59,24.57,3.91,7.46,2.67,176.08,176.08,269.69,12.71,178.18,1.8,2.48,1.76,-15.99,0.03,0.0,0.1,26.89,5.62,9.52,0.21,67.16,20.39,10.69,10.93,33.34,7.28,0.84,11.51,7.26,11.04,26.02,4.71,6.66,7.13,,1.0,0.0,1957.33,1793.95,0.63,17.59,11.05,1.59,17.52,0.66,1.0,3.07,0.55,4.38,83.61,11.45,31.97,51.64,569.0,0.1661671207992734,2.67,36.59,12.01,24.57,3.91,-0.4855263157894737,-12.15,-163.4,8.391355516149634,-0.4095699105679741,10.15,51.34680134680135,91.5,220.2,32.8,122.5,269.7,0.0,0.2777777777777778,49.5,7.46,20.39,-0.1233842538190364,0.1,-0.5652173913043479,7.28,-0.5572139303482587,67.16,0.09256494475962973,10.69,1.76,7.26,11.51,0.63,3.07,569.0,0.06430579964850616,0.0,0.0,3.0025,8.353881278538815,4344.444444444445,66.0734149054505,0.00687170474516696,0.0046924428822495605,12.73,176.1,12.7,,-16.1,30.899999999999995,7.990476190476213,3.91,1.1841423948220067,0.3924569554523093,57.57949761177762,53.88326138142915,10.99,49.72,0.27357460709117504,,0.047534033993257216,0.032312526914884954,3.4513058887185446
2018-12,65.0,181.5,56.7,126.1,55.4,63.0,63.0,0.0,64.3,1.3,5.8,251.7,49.7,4.8,0.0,35.5,9.4,31.7,-18.0,0.0,0.0,0.5,14.0,13.9,0.0,297.8,1.4,9.1,0,2.6,89.6,78.5,11.1,0.7,102.7,6.3,0.0,6.3,8.9,4.1,4.1,0.0,0.0,113.1,125.0,125.0,24.3,35.8,-0.3,-0.3,184.7,297.8,26.1,26.1,0,184.7,344.0,0.0,4.3,0.0,0.0,8.9,78.5,0.0,2.6,251.7,20.0,20.0,-172.7,184.7,30.0,5.0,10.0,10.0,5.0,20.0,5.0,0.0,10.0,2.9,1.7,1.7,1.7,1.7,3.5,3.5,0.1,12.4,3.8,4.0,4.0,0.3,0.3,7.9,0.7,0.0,65.0,14.41,9.27,9.27,0.04,0.04,18.74,0.0,18.74,-14.5,-23.3,-1.63,-2.43,-1.12,15.27,-1.29,27.92,-12.31,-12.31,-0.1,-2.41,112.59,-112.68,-12.41,0.0,0.0,10.12,0.0,0.0,0.0,0.0,10.12,-2.16,0.0,-2.16,-2.16,7.96,-0.72,22.75,103.39,126.14,0.77,2.93,-13.22,15.61,65.0,38.3,38.3,38.3,12.39,12.39,25.91,14.33,11.9,2.43,6.65,0.46,0.46,0.04,-0.1,-0.1,-7.91,1.09,1.1,-0.02,34.81,3.49,1.23,1.23,1.23,4.72,1.8,2.93,2.93,2.93,2.93,2.93,26.04,0.11,0.11,0.0,2.93,26.94,0.11,0.11,0.0,0,-0.1,4.62,-0.04,1.76,2.86,2.86,0.11,0.11,1.13,2.07,0.18,0.11,0.11,2.33,2.92,0.36,0.11,6.65,-7.91,3.39,5.46,3.14,3.14,1.0,1.0,4.15,38.3,25.91,3.39,6.56,2.93,126.14,181.55,297.76,8.88,184.68,6.16,2.07,1.2,5.07,4.96,0.0,0.11,26.94,5.85,8.99,0.22,67.65,17.14,8.85,12.33,38.04,7.64,1.2,9.31,5.65,9.05,26.08,2.98,4.59,4.81,,1.0,0.0,1257.85,1085.19,0.59,14.91,8.81,1.65,14.53,0.64,1.0,2.45,0.5,3.11,117.8,19.96,18.34,99.46,569.0,0.15216527612236788,2.93,38.3,12.39,25.91,3.49,-0.5479274611398963,-14.5,-172.7,8.193344539865013,-0.38482341294352207,15.61,61.23443421765023,113.1,251.7,35.8,125.0,297.8,0.0,0.24959393611261518,46.10000000000002,6.56,17.14,-0.2562358276643991,0.11,-0.47619047619047616,7.64,-0.4663023679417122,67.65,0.11272515979081921,8.85,1.2,5.65,9.31,0.59,2.45,569.0,0.06731107205623901,0.0,0.0,8.850000000000001,-1.6437768240343347,283.739837398374,62.021490933512425,0.006133567662565905,0.005149384885764499,14.33,181.5,8.9,,-18.0,30.100000000000016,5.343589743589748,3.39,1.2724252491694346,0.3657963446475196,58.114851632606296,58.2290808300247,6.82,32.09,0.26490333919156417,,0.03662565905096661,0.025342706502636207,6.267228895735511
2019-03,89.0,199.9,56.7,157.0,42.9,42.7,43.1,-0.4,43.8,1.1,6.9,250.7,52.6,4.9,0.0,35.7,11.9,33.1,-19.4,0.0,0.0,3.0,13.4,13.3,0.0,300.1,2.4,7.6,0,2.7,79.1,75.0,4.1,0.7,91.9,9.0,0.0,9.0,11.7,3.7,3.7,0.0,0.0,104.5,126.3,126.3,26.9,42.7,-0.4,-0.4,195.6,300.1,26.1,26.1,0,195.6,344.0,0.0,4.3,0.0,0.0,11.5,75.0,0.0,2.7,250.7,20.0,20.0,-188.2,195.6,30.0,5.0,10.0,10.0,5.0,20.0,5.0,0.0,13.3,3.3,2.3,2.3,2.3,2.3,4.6,4.6,0.8,14.9,4.1,4.9,4.9,0.5,0.5,9.8,1.0,0.0,89.0,6.97,2.68,2.68,0.04,0.04,6.13,0.0,6.13,2.99,17.8,-1.12,0.56,-0.89,-3.34,-10.03,18.76,-0.89,-0.89,12.5,-2.41,27.51,-15.01,11.61,0.0,0.0,0.95,0.0,0.0,0.0,0.0,0.95,-0.6,0.0,-0.6,-0.6,0.35,0.13,30.84,126.14,156.98,0.11,10.79,13.02,17.87,89.0,45.75,45.75,45.75,12.19,12.19,33.56,13.92,11.27,2.65,7.66,0.81,0.81,0.04,-0.1,-0.1,-7.91,0.99,0.99,-0.02,35.57,10.19,0.6,0.6,0.6,10.78,3.82,6.97,6.97,6.97,6.97,6.97,26.09,0.27,0.27,0.0,6.97,26.81,0.26,0.26,0.0,0,-0.1,10.78,-0.04,3.82,6.97,6.97,0.27,0.26,1.13,2.68,0.68,0.11,0.11,2.33,3.07,0.36,0.11,7.66,-7.91,10.19,12.87,3.14,3.14,1.0,1.0,4.15,45.75,33.56,10.19,13.85,6.97,156.98,199.89,300.15,11.71,195.61,18.76,2.68,0.89,30.84,17.87,0.0,0.26,26.81,10.04,15.94,0.37,73.36,30.28,22.27,23.57,35.4,15.22,1.78,9.47,5.99,9.09,26.12,3.9,5.65,5.98,90.97,1.0,0.0,1524.13,1335.95,0.57,16.02,9.1,1.58,14.4,0.66,1.0,2.73,0.53,3.77,97.15,9.58,38.19,58.96,662.0,0.1824890307140008,6.97,45.75,12.19,33.56,10.19,0.388283378746594,2.99,-188.2,8.213252987584765,-0.2889325882417031,17.87,53.42535787321063,104.5,250.7,42.7,126.3,300.1,0.0,0.2525562372188141,49.400000000000034,13.85,30.28,0.3512195121951218,0.26,0.5294117647058822,15.22,0.531868131868132,73.36,0.24151967435549526,22.27,0.89,5.99,9.47,0.57,2.73,662.0,0.06910876132930513,0.0,0.0,5.079166666666667,2.5702247191011236,1698.3333333333335,65.17827390869711,0.01539274924471299,0.010528700906344411,13.92,199.9,11.7,,-19.4,26.800000000000015,1.06984126984127,10.19,1.707089552238805,0.4872131147540984,61.57578705908702,62.18565037343945,7.8,35.7,0.2692493588688482,,0.03911858404260403,0.027874922347469196,5.844260644506105
2019-06,88.0,200.9,56.7,165.5,35.4,41.2,41.6,-0.4,43.4,2.2,7.1,251.3,60.2,5.1,0.0,44.0,11.2,38.6,-21.6,0.0,0.0,0.4,13.6,13.5,0.1,304.0,7.4,7.4,0,2.7,67.1,66.2,1.0,0.7,84.7,8.5,0.0,8.5,11.2,6.4,6.4,0.0,0.0,99.6,128.0,128.0,30.0,46.7,-0.4,-0.4,204.4,304.0,26.2,26.2,0,204.4,344.0,0.0,4.3,0.0,0.0,10.8,66.2,0.0,2.7,251.3,20.0,20.0,-189.7,204.4,30.0,5.0,10.0,10.0,5.0,20.0,5.0,0.0,12.6,3.2,2.2,2.2,2.2,2.2,4.4,4.4,0.6,56.8,4.0,5.5,5.5,3.0,3.0,11.0,6.0,35.9,88.0,10.97,5.65,5.65,0.04,0.04,10.79,0.0,10.79,0.11,21.05,-1.25,0.42,3.26,-12.5,-10.86,27.52,-9.19,-9.19,20.0,-2.41,50.01,-30.01,10.81,0.0,0.0,2.1,0.0,0.0,0.0,0.0,2.1,-1.29,0.0,-1.29,-1.29,0.81,0.23,39.37,126.14,165.51,0.27,12.47,10.97,18.33,88.0,42.35,42.35,42.35,12.98,12.98,29.37,14.79,11.92,2.87,7.76,0.81,0.81,0.04,-0.1,-0.1,-7.91,1.01,1.01,-0.02,37.35,5.0,0.91,0.91,0.91,5.91,1.91,4.0,4.0,4.0,4.0,4.0,26.15,0.15,0.15,0.0,4.0,26.84,0.15,0.15,0.0,0,-0.1,5.91,-0.04,1.91,4.0,4.0,0.15,0.15,1.13,2.97,0.83,0.16,0.16,2.33,3.58,0.36,0.11,7.76,-7.91,5.0,7.97,3.14,3.14,1.0,1.0,4.15,42.35,29.37,5.0,8.99,4.0,165.51,200.9,303.96,11.15,204.37,8.76,2.97,8.3,8.53,0.46,0.0,0.15,26.84,7.58,11.56,0.28,69.34,21.22,11.81,13.95,32.26,9.45,1.4,8.84,5.75,8.55,26.17,3.67,5.17,5.46,31.65,1.0,0.0,1631.79,1442.04,0.57,15.59,8.83,1.54,13.57,0.65,1.0,2.97,0.55,3.9,93.74,8.27,44.26,49.48,662.0,0.16852367688022285,4.0,42.35,12.98,29.37,5.0,-0.180327868852459,0.11,-189.7,9.194249965448735,0.07910145378624445,18.33,48.7279843444227,99.6,251.3,46.7,128.0,304.0,0.0,0.2578277886497064,52.69999999999999,8.99,21.22,-0.058638743455497466,0.15,-0.0625,9.45,-0.06323185011709598,69.34,0.08617594254937155,11.81,8.3,5.75,8.84,0.57,2.97,662.0,0.06397280966767371,0.0,0.0,1.7540540540540541,2.01187648456057,549.4505494505495,67.23684210526316,0.0075528700906344415,0.006042296072507553,14.79,200.9,11.2,,-21.6,36.3,0.7559663865546218,5.0,1.1666666666666667,0.4120425029515939,71.86633625000847,62.03229699548385,7.99,39.12,0.26469844270172405,,0.0359508917430803,0.02641282474686603,5.330323862896911
2019-09,91.0,202.2,56.7,172.0,30.3,39.8,41.6,-0.4,41.7,1.9,7.1,251.1,60.3,5.1,0.0,44.8,10.4,36.6,-23.7,0.0,0.0,1.9,14.9,14.9,0.1,304.5,5.2,10.2,0,2.5,57.3,55.3,2.0,0.7,75.2,7.8,0.0,7.8,10.4,6.8,6.8,0.0,0.0,89.9,131.0,131.0,32.7,51.3,-0.4,-0.4,214.6,304.5,26.2,26.2,0,214.6,344.0,0.0,4.3,0.0,0.0,10.0,55.3,0.0,2.5,251.1,20.0,20.0,-191.9,214.6,30.0,5.0,10.0,10.0,5.0,20.0,5.0,0.0,11.7,3.0,2.1,2.1,2.1,2.1,4.1,4.1,0.4,55.3,3.9,5.4,5.4,2.9,2.9,10.9,5.7,34.9,91.0,15.5,8.7,8.7,0.04,0.04,15.21,0.0,15.21,-10.83,21.11,-1.33,-0.95,3.36,-23.28,-9.75,28.57,-10.34,-10.34,25.0,-2.41,75.11,-50.11,14.66,0.0,0.0,4.32,0.0,0.0,0.0,0.0,4.32,-2.0,0.0,-2.0,-2.0,2.33,0.25,45.81,126.14,171.96,0.42,12.32,-1.09,18.23,91.0,47.13,47.13,47.13,13.8,13.8,33.33,17.61,14.78,2.84,8.24,0.82,0.82,0.04,-0.1,-0.1,-7.91,1.13,1.13,-0.02,41.61,5.52,0.74,0.74,0.74,6.26,1.73,4.53,4.53,4.53,4.53,4.53,26.18,0.17,0.17,0.0,4.53,26.18,0.17,0.17,0.0,0,-0.1,6.26,-0.04,1.73,4.53,4.53,0.17,0.17,1.13,3.05,0.77,0.15,0.15,2.33,3.54,0.36,0.11,8.24,-7.91,5.52,9.7,3.14,3.14,1.0,1.0,4.15,47.13,33.33,5.52,10.83,4.53,171.96,202.21,304.46,10.35,214.57,1.05,3.05,1.15,6.45,-0.09,0.0,0.17,26.18,8.07,12.1,0.17,70.71,22.97,11.71,13.28,27.56,9.62,1.36,9.38,6.42,9.15,26.23,3.4,4.6,4.82,37.03,1.0,0.0,1705.48,1513.62,0.6,15.94,9.64,1.46,14.09,0.67,1.0,3.34,0.58,4.41,82.95,11.21,32.65,50.3,662.0,0.1876941457586619,4.53,47.13,13.8,33.33,5.52,0.4117647058823528,-10.83,-191.9,9.814140821249346,0.16955369157718114,18.23,41.891891891891895,89.9,251.1,51.3,131.0,304.5,0.0,0.24883504193849024,53.400000000000006,10.83,22.97,0.45174262734584447,0.17,0.7,9.62,0.6966292134831462,70.71,0.28805684613282323,11.71,1.15,6.42,9.38,0.6,3.34,662.0,0.07119335347432025,0.0,0.0,2.6538461538461537,2.232591189009948,745.9459459459458,70.47619047619047,0.008338368580060422,0.006842900302114804,17.61,202.2,10.4,,-23.7,46.5,0.6227390180878553,5.52,1.0135483870967743,0.39359219180988747,80.44746448587125,79.227063110042,7.96,38.71,0.2715859965275381,,0.03741755557797376,0.02856328216673127,5.159729855171679
2019-12,93.0,212.6,56.7,182.3,30.3,79.3,79.3,0.0,80.6,1.4,6.5,299.8,60.5,5.4,0.0,45.6,9.5,34.4,-26.1,0.0,0.0,1.0,15.6,15.5,0.1,350.7,4.3,13.4,0,2.3,86.8,83.7,3.1,0.7,106.7,6.8,0.0,6.8,9.1,7.1,7.1,0.0,0.0,120.6,141.0,141.0,30.4,59.1,-0.3,-0.3,230.1,350.7,26.4,26.4,0,230.1,344.0,0.0,4.3,0.0,0.0,8.7,83.7,0.0,2.3,299.8,20.0,20.0,-203.5,230.1,30.0,5.0,10.0,10.0,5.0,20.0,5.0,0.0,10.2,2.7,1.8,1.8,1.8,1.8,3.7,3.7,0.2,57.9,4.4,6.6,6.6,2.8,2.8,13.2,5.6,34.8,93.0,23.33,11.91,11.91,0.04,0.04,22.26,0.0,22.26,-20.9,-16.78,-0.72,-1.57,4.73,5.17,-11.74,36.6,-11.72,-11.72,25.0,-2.41,85.11,-60.11,13.28,0.0,0.0,8.75,0.0,0.0,0.0,0.0,8.75,-2.67,0.0,-2.67,-2.67,6.08,0.18,56.14,126.14,182.28,0.53,14.86,-9.16,24.88,93.0,56.31,56.31,56.31,14.87,14.87,41.44,18.29,15.75,2.54,9.1,1.08,1.08,0.04,-0.1,-0.1,-7.91,1.22,1.22,-0.02,44.57,11.75,0.57,0.57,0.57,12.32,4.48,7.83,7.83,7.83,7.83,7.83,26.3,0.3,0.3,0.0,7.83,29.45,0.27,0.27,0.0,0,-0.1,12.32,-0.04,4.48,7.83,7.83,0.3,0.27,1.13,3.21,0.86,0.11,0.11,2.33,3.18,0.36,0.11,9.1,-7.91,11.75,14.96,3.14,3.14,1.0,1.0,4.15,56.31,41.44,11.75,16.18,7.83,182.28,212.6,350.74,9.11,230.1,8.03,3.21,1.38,10.33,6.65,0.0,0.27,29.45,11.01,18.13,0.78,73.59,28.73,20.86,21.87,36.41,13.91,1.18,11.25,7.2,10.94,26.4,2.6,3.81,3.96,104.87,1.0,0.0,2020.04,1816.54,0.59,18.41,10.88,1.56,17.0,0.66,1.0,2.81,0.55,2.64,138.48,18.92,19.34,119.14,662.0,0.18782521681120748,7.83,56.31,14.87,41.44,11.75,2.3667621776504295,-20.9,-203.5,13.819731692063321,0.6867021305918382,24.88,52.411994784876136,120.6,299.8,59.1,141.0,350.7,0.0,0.22120817036071264,50.89999999999998,16.18,28.73,1.4664634146341466,0.27,1.4545454545454546,13.91,1.6723549488054608,73.59,0.47023498694516985,20.86,1.38,7.2,11.25,0.59,2.81,662.0,0.08506042296072508,0.0,0.0,3.458139534883721,-3.3557806912991657,2061.4035087719303,65.61163387510693,0.017749244712990938,0.011827794561933535,18.29,212.6,9.1,,-26.1,52.7,0.7840579710144927,11.75,1.0685009487666035,0.45622447167465807,120.90951567847036,117.13492458146852,8.84,37.29,0.28933534743202416,,0.04903323262839879,0.03524169184290031,4.9558055547688475
2020-03,92.0,233.6,56.7,158.1,75.5,65.0,65.0,0.0,66.3,1.3,8.8,308.6,61.4,5.7,0.0,46.8,8.9,33.1,-28.3,3.7,0.7,1.2,16.5,16.1,0.4,363.9,5.3,11.8,0,2.1,86.8,82.6,4.2,0.7,106.0,6.1,0.0,6.1,8.2,7.4,7.4,0.0,0.0,119.5,147.7,147.7,32.5,64.7,-0.5,-0.5,244.3,363.9,26.5,26.5,0,244.3,344.0,0.0,4.3,0.7,3.7,8.0,82.6,0.0,2.1,308.6,20.0,20.0,-225.4,240.0,30.0,5.0,10.0,10.0,5.0,20.0,5.0,0.0,9.2,2.5,1.7,1.7,1.7,1.7,3.3,3.3,0.2,53.5,4.7,6.3,6.3,2.5,2.5,12.6,5.0,31.3,92.0,5.58,2.9,2.9,0.04,0.04,6.58,0.0,6.58,5.86,14.19,-2.28,-0.71,-3.76,-0.59,-1.0,20.96,-1.71,-1.71,-47.61,-2.41,20.1,-65.3,-49.32,0.0,0.0,5.01,0.0,0.0,0.0,0.0,5.01,-0.59,0.0,-0.59,-0.59,4.42,-0.2,-24.14,182.28,158.15,0.12,1.74,6.86,19.25,92.0,52.76,52.76,52.76,15.84,15.84,36.92,17.1,14.02,3.09,9.33,0.78,0.74,0.04,-0.1,-0.1,-7.91,1.37,1.37,-0.02,44.42,8.34,0.72,0.72,0.72,9.06,3.48,5.58,5.58,5.58,5.58,5.58,26.43,0.21,0.21,0.0,5.58,27.53,0.2,0.2,0.0,0,-0.1,9.06,-0.04,3.48,5.58,5.58,0.21,0.2,0.04,2.9,0.63,0.12,0.12,2.33,3.78,0.36,0.11,9.33,-7.91,8.34,11.28,3.14,3.14,1.0,1.0,4.15,52.76,36.92,8.34,12.65,5.58,158.15,233.6,363.87,8.24,244.35,20.96,2.94,1.71,-24.14,19.25,0.0,0.2,27.53,9.36,15.05,0.34,69.98,23.97,15.8,17.17,38.38,10.58,1.23,9.98,6.61,9.7,26.51,2.26,3.26,3.37,69.46,1.0,0.0,2045.33,1819.97,0.6,16.89,10.1,1.51,15.25,0.65,1.0,2.91,0.56,3.61,101.48,14.83,24.69,76.8,986.0,0.17096565132858066,5.58,52.76,15.84,36.92,8.34,-0.18155053974484792,5.86,-225.4,16.019694965895635,0.9504689542756282,19.25,48.89525368248773,119.5,308.6,64.7,147.7,363.9,0.0,0.22636103151862444,55.299999999999955,12.65,23.97,-0.08664259927797824,0.2,-0.23076923076923073,10.58,-0.19942611190817783,69.98,0.15322404371584697,15.8,1.71,6.61,9.98,0.6,2.91,986.0,0.05350912778904665,0.7,75.37142857142857,2.988679245283019,3.718111346018323,1158.3333333333335,67.16130805166254,0.00845841784989858,0.005659229208924949,17.1,233.6,8.2,,-28.3,47.29999999999998,0.8261808367071526,8.34,1.1154334038054972,0.4340409401061411,148.13520430060132,146.97983836801302,8.4,38.31,0.27373571389176565,,0.04209890123358438,0.030372220145480845,4.364149406335541
2020-06,95.0,260.6,56.7,185.0,75.6,53.0,53.0,0.0,54.8,1.7,8.8,324.1,77.0,6.3,0.0,55.7,15.0,46.2,-30.8,3.7,0.6,3.8,15.7,15.3,0.4,394.0,8.4,11.6,0,3.7,88.4,79.3,9.1,0.7,112.0,11.0,0.0,11.0,14.7,7.6,7.6,0.0,0.0,130.6,156.2,156.2,34.0,73.7,-0.4,-0.4,263.5,394.0,26.8,26.8,0,263.5,344.0,0.0,4.3,0.6,3.7,14.1,79.3,0.0,3.7,324.1,20.0,20.0,-245.9,259.2,30.0,5.0,10.0,10.0,5.0,20.0,5.0,0.0,16.1,4.3,3.0,3.0,3.0,3.0,5.9,5.9,0.2,53.5,4.7,6.3,6.3,2.5,2.5,12.6,5.0,31.3,95.0,14.59,6.46,6.46,0.1,0.1,16.41,0.0,16.41,14.21,23.41,-2.25,0.12,-1.46,-4.13,-1.49,51.77,-11.04,-11.04,-47.78,-2.58,30.1,-75.3,-58.82,0.0,0.0,11.35,0.0,0.0,0.0,0.0,11.35,-1.49,0.0,-1.49,-1.49,9.86,-0.11,2.71,182.28,184.99,0.29,2.26,15.69,40.74,95.0,61.37,61.37,61.37,15.63,15.63,45.74,18.0,15.21,2.79,9.46,1.63,1.57,0.06,-0.1,-0.1,-7.91,1.53,1.53,-0.02,46.25,15.12,0.15,0.15,0.15,15.27,6.26,9.0,9.0,9.0,9.0,9.0,26.55,0.34,0.34,0.0,9.0,27.96,0.32,0.32,0.0,0,-0.1,15.27,-0.04,6.26,9.0,9.0,0.34,0.32,0.06,3.57,1.11,0.17,0.17,2.33,3.72,0.36,0.11,9.46,-7.91,15.12,18.75,3.14,3.14,1.0,1.0,4.15,61.37,45.74,15.12,20.28,9.0,184.99,260.56,394.05,14.67,263.48,30.81,3.63,9.33,26.84,21.48,0.0,0.32,27.96,12.73,22.47,0.46,74.53,33.05,24.64,24.88,41.03,14.67,1.19,11.52,7.72,11.06,26.84,3.72,5.27,5.57,89.47,1.0,0.0,3792.83,3546.94,0.62,19.72,12.29,1.49,18.34,0.63,1.0,2.89,0.54,4.43,82.53,7.6,48.14,34.38,986.0,0.18935513730330142,9.0,61.37,15.63,45.74,15.12,2.024,14.21,-245.9,14.465053165304557,0.5732716882467936,40.74,49.582384206529994,130.6,324.1,73.7,156.2,394.0,0.0,0.26527514231499044,69.89999999999998,20.28,33.05,1.2558398220244715,0.32,1.1333333333333333,14.67,1.25,74.53,0.44911452184179446,24.64,9.33,7.72,11.52,0.62,2.89,986.0,0.062241379310344826,0.6,102.28333333333333,1.8607142857142858,2.621529260999573,10080.0,66.85279187817258,0.01533468559837728,0.009127789046653144,18.0,260.6,14.7,,-30.8,48.29999999999998,0.9628841607565013,15.12,1.2706004140786753,0.49747433599478574,143.50640315409493,154.989030940313,14.56,60.32,0.2720042835344368,,0.04988071674132722,0.033457713119626434,4.468083153747548
2020-09,65.0,210.0,56.7,179.9,30.2,42.1,42.1,0.0,45.5,3.4,8.6,264.2,81.3,7.3,0.0,56.4,17.6,47.6,-33.7,40.0,13.6,2.4,17.1,15.1,2.0,384.9,4.9,15.0,0,4.4,68.8,62.9,5.9,0.7,93.1,12.8,0.0,12.8,17.2,3.3,3.3,0.0,0.0,109.2,164.8,164.8,36.6,74.4,-0.3,-0.3,275.6,384.9,27.0,27.0,0,275.6,344.0,0.0,4.3,13.6,40.0,16.5,62.9,0.0,4.4,264.2,20.0,20.0,-192.9,222.1,30.0,5.0,10.0,10.0,5.0,20.0,5.0,0.0,18.7,5.1,3.4,3.4,3.4,3.4,6.8,6.8,0.2,53.5,4.7,6.3,6.3,2.5,2.5,12.6,5.0,31.3,65.0,15.32,10.4,10.4,0.67,0.67,21.34,0.0,21.34,8.54,35.98,-1.91,0.5,-2.18,-21.92,-1.93,56.27,-12.34,-12.34,-61.79,-61.74,95.4,-95.45,-74.13,0.0,0.0,17.9,0.0,0.0,0.0,0.0,17.9,-2.64,0.0,-2.64,-2.64,15.26,0.17,-2.43,182.28,179.86,0.49,3.1,10.47,43.93,65.0,55.12,55.12,55.12,18.56,18.56,36.56,19.59,16.29,3.3,12.85,1.77,1.71,0.06,-0.1,-0.1,-7.91,1.55,1.55,-0.02,54.31,0.81,0.28,0.28,0.28,1.09,0.35,0.73,0.73,0.73,0.73,0.73,26.6,0.03,0.03,0.0,0.73,27.77,0.03,0.03,0.0,0,-0.1,1.09,-0.04,0.35,0.73,0.73,0.03,0.03,0.56,3.94,1.19,0.2,0.2,2.33,4.73,0.36,0.11,12.85,-7.91,0.81,5.31,3.14,3.14,1.0,1.0,4.15,55.12,36.56,0.81,6.85,0.73,179.86,210.03,384.88,17.17,275.64,4.5,4.5,1.3,-5.14,3.2,0.0,0.03,27.77,5.46,10.13,0.2,66.33,12.43,1.46,1.97,32.63,1.33,1.22,9.44,6.72,9.08,26.95,4.46,5.86,6.23,4.07,1.0,0.0,3966.2,3773.33,0.65,16.73,10.95,1.41,15.39,0.61,1.0,2.84,0.44,5.17,70.76,12.87,28.44,42.32,986.0,0.20862982588947768,0.73,55.12,18.56,36.56,0.81,-0.8532608695652174,8.54,-192.9,11.888284779325303,0.21134238807589445,43.93,39.608269858541895,109.2,264.2,74.4,164.8,384.9,0.0,0.4379535558780841,120.69999999999999,6.85,12.43,-0.36749769159741463,0.03,-0.8235294117647058,1.33,-0.8388520971302429,66.33,0.16953108423509433,1.46,1.3,6.72,9.44,0.65,2.84,986.0,0.055902636916835696,13.6,4.052941176470588,3.787755102040816,1.5319622012229017,289.2857142857143,71.62899454403741,0.000821501014198783,0.0007403651115618661,19.59,210.0,17.2,,-33.7,116.59999999999998,0.44169221336603315,0.81,0.4727272727272728,0.3677431059506532,123.21804938571375,140.7212246128155,14.39,67.43,0.25671356697695225,,0.04236384917546558,0.027355177929073497,3.927262039378047
2020-12,71.0,213.1,56.7,183.0,30.2,81.1,81.1,0.0,84.0,2.9,9.3,306.4,82.8,8.5,0.0,57.4,16.9,46.5,-36.3,40.0,13.0,3.7,18.8,16.5,2.3,428.4,5.9,22.1,0,4.6,99.3,94.3,5.0,0.7,131.9,12.1,0.0,12.1,16.6,2.7,2.7,0.0,0.0,146.7,173.1,173.1,35.8,72.8,0.0,0.0,281.8,428.4,27.1,27.1,0,281.8,344.0,0.0,4.3,13.0,40.0,15.7,94.3,0.0,4.6,306.4,20.0,20.0,-196.5,228.7,30.0,5.0,10.0,10.0,5.0,20.0,5.0,0.0,18.0,5.2,3.2,3.2,3.2,3.2,6.4,6.4,0.2,62.1,6.7,7.8,7.8,3.5,3.5,15.5,7.1,32.8,71.0,13.73,14.34,14.34,1.23,1.23,21.98,0.0,21.98,8.2,-0.59,-2.52,-0.78,6.46,7.92,-2.29,59.47,-14.44,-14.44,-61.83,-61.77,110.56,-110.62,-76.26,0.0,0.0,20.38,0.0,0.0,0.0,0.0,20.38,-3.74,0.0,-3.74,-3.74,16.64,0.83,0.67,182.28,182.96,0.67,3.38,10.49,45.03,71.0,54.95,54.95,54.95,20.1,20.1,34.84,21.66,18.38,3.29,13.02,1.86,1.68,0.18,-0.1,-0.1,-7.91,1.78,1.78,-0.02,58.43,-3.49,-0.46,-0.46,-0.46,-3.94,-2.35,-1.59,-1.59,-1.59,-1.59,-1.59,27.0,-0.06,-0.06,0.0,-1.59,27.0,-0.06,-0.06,0.0,0,-0.1,-3.94,-0.04,-2.35,-1.59,-1.59,-0.06,-0.06,0.56,3.93,1.17,0.19,0.19,2.33,4.99,0.36,0.11,13.02,-7.91,-3.49,1.01,3.14,3.14,1.0,1.0,4.15,54.95,34.84,-3.48,2.79,-1.59,182.96,213.14,428.41,16.62,281.76,3.2,4.49,2.1,3.1,1.1,0.0,-0.06,27.0,3.4,6.1,0.12,63.41,5.07,-6.34,-7.17,,-2.89,1.15,5.36,3.52,5.27,27.09,3.88,5.57,5.9,-12.54,,,3819.97,3623.45,0.58,9.58,5.51,1.52,8.39,0.64,1.0,2.32,0.41,2.72,134.37,13.78,26.57,107.8,986.0,0.1793407310704961,-1.59,54.95,20.1,34.84,-3.49,-1.2970212765957447,8.2,-196.5,11.588771470779905,-0.16143296201363,45.03,52.07667731629393,146.7,306.4,72.8,173.1,428.4,-0.0,0.43293115684882894,122.0,2.79,5.07,-0.8275648949320148,-0.06,-1.2222222222222223,-2.89,-1.2030651340996168,63.41,-0.024152015627774803,-6.34,2.1,3.52,5.36,0.58,2.32,986.0,0.055730223123732256,13.0,4.226923076923077,3.4067796610169494,-93.13559322033899,-758.6956521739131,65.75630252100841,-0.003539553752535497,-0.0016125760649087222,21.66,213.1,16.6,,-36.3,121.49999999999999,0.2385763490241102,-3.49,0.4522633744855968,0.2995450409463149,120.90951567847036,117.13492458146852,13.62,85.12,0.22738336713995944,185.93462615815557,0.021075050709939147,0.01391480730223124,3.31102446509704
2021-03,70.0,229.3,56.7,199.1,30.2,68.0,68.0,0.0,70.9,2.9,10.1,310.4,85.8,11.9,0.0,57.7,16.3,47.1,-38.7,40.0,12.5,4.1,20.1,17.2,3.0,434.3,8.3,15.7,0,4.8,103.6,98.2,5.4,0.7,132.4,11.3,0.0,11.3,16.1,3.0,3.0,0.0,0.0,146.7,176.3,176.3,40.3,71.3,-0.3,-0.3,287.5,434.3,27.2,27.2,0,287.5,344.0,0.0,4.3,12.5,40.0,15.1,98.2,0.0,4.8,310.4,20.0,20.0,-213.2,235.1,30.0,5.0,10.0,10.0,5.0,20.0,5.0,0.0,17.3,5.4,3.0,3.0,3.0,3.0,6.0,6.0,0.2,60.9,7.3,7.3,7.3,3.2,3.2,14.7,6.5,32.5,70.0,-1.53,3.91,3.91,0.56,0.56,5.11,0.0,5.11,12.61,12.6,-0.91,-0.72,-2.9,4.87,-0.34,20.65,-4.44,-4.44,-0.8,-0.8,15.01,-15.01,-5.24,0.0,0.0,2.26,0.0,0.0,0.0,0.0,2.26,-1.17,0.0,-1.17,-1.17,1.09,-0.31,16.19,182.96,199.14,0.18,0.17,12.94,16.21,70.0,57.73,57.73,57.73,20.51,20.51,37.22,21.9,18.04,3.86,12.86,1.85,1.67,0.18,-0.1,-0.1,-7.91,1.45,1.45,-0.02,58.57,-0.84,-0.63,-0.63,-0.63,-1.47,0.07,-1.53,-1.53,-1.53,-1.53,-1.53,27.11,-0.06,-0.06,0.0,-1.53,27.11,-0.06,-0.06,0.0,0,-0.1,-1.47,-0.04,0.07,-1.53,-1.53,-0.06,-0.06,0.56,3.91,1.18,0.18,0.18,2.33,5.31,0.36,0.11,12.86,-7.91,-0.84,3.63,3.14,3.14,1.0,1.0,4.15,57.73,37.22,-0.84,5.08,-1.53,199.14,229.33,434.27,16.11,287.52,20.65,4.47,4.44,16.18,16.21,0.0,-0.06,27.11,3.77,9.04,0.13,64.48,8.8,-1.46,-2.54,,-2.66,1.31,2.49,1.66,,27.21,3.71,5.31,5.6,-2.46,,,3163.35,2950.14,0.57,4.78,2.74,1.5,4.12,0.6,1.0,2.34,0.41,3.34,109.56,10.96,33.39,76.17,1152.0,0.18598582474226805,-1.53,57.73,20.51,37.22,-0.84,-1.1007194244604317,12.61,-213.2,13.673714001004049,-0.14644354776329704,16.21,51.00834492350486,146.7,310.4,71.3,176.3,434.3,-0.0,0.43095652173913057,123.90000000000003,5.08,8.8,-0.5984189723320158,-0.06,-1.3,-2.66,-1.2741935483870968,64.48,0.09420015163002282,-1.46,4.44,1.66,2.49,0.57,2.34,1152.0,0.05011284722222222,12.5,4.618399999999999,2.4710843373493976,4.5817460317460315,-133.33333333333331,66.22150587151738,-0.0007291666666666666,-0.001328125,21.9,229.3,16.1,,-38.7,113.10000000000001,0.14463840399002495,-0.84,0.5104332449160035,0.33223627230209596,145.05939309069586,130.960317460318,11.05,84.3,0.22398708657313499,115.181597586727,0.0118874661933739,0.00692745309330629,2.7060243062075466
2021-06,62.0,232.9,56.7,202.8,30.2,54.8,68.0,0.0,65.9,11.1,10.6,309.4,97.2,17.2,0.0,64.2,15.7,55.6,-41.6,40.0,11.9,2.7,20.5,16.6,3.9,440.2,6.0,16.4,0,4.9,100.6,94.9,5.7,0.7,127.9,10.2,0.0,10.2,15.1,3.3,3.3,0.0,0.0,141.4,179.3,179.3,45.5,74.4,-0.3,-0.3,298.9,440.2,27.3,27.3,0,298.9,344.0,0.0,4.3,11.9,40.0,14.0,94.9,0.0,4.9,309.4,20.0,20.0,-217.9,247.0,30.0,5.0,10.0,10.0,5.0,20.0,5.0,0.0,16.1,5.4,2.7,2.7,2.7,2.7,5.4,5.4,0.2,60.2,8.2,6.8,6.8,3.1,3.1,13.6,6.2,32.2,62.0,1.55,7.95,7.95,1.12,1.12,12.6,0.0,12.6,12.43,18.42,-1.37,-0.22,-5.44,1.62,-0.58,35.65,-16.93,-16.93,-0.8,-0.8,30.16,-30.16,-17.73,0.0,0.0,4.56,0.0,0.0,0.0,0.0,4.56,-2.36,0.0,-2.36,-2.36,2.21,-0.32,19.81,182.96,202.77,0.36,0.43,13.01,18.72,62.0,60.06,60.06,60.06,27.69,27.69,32.37,21.96,17.68,4.28,10.38,1.91,1.73,0.18,-7.91,-0.1,-7.91,1.57,1.57,-0.02,55.61,4.45,-0.44,-0.44,-0.44,4.0,0.92,3.09,3.09,3.09,3.09,3.09,27.11,0.11,0.11,0.0,3.09,28.13,0.11,0.11,0.0,0,-7.91,-3.9,-2.77,-1.85,-2.05,-2.05,-0.08,-0.07,0.56,4.04,1.19,0.17,0.17,2.33,5.9,0.39,0.12,10.38,-7.91,-3.46,1.14,3.14,3.14,1.0,1.0,4.15,60.06,32.37,-3.46,2.71,3.09,202.77,232.94,440.22,15.06,298.85,15.0,4.6,12.49,3.63,2.51,0.0,0.11,28.13,1.08,7.15,0.04,53.89,4.52,-5.76,6.67,22.88,5.14,0.64,0.25,0.17,0.43,27.26,3.42,4.8,5.04,-19.87,1.0,0.0,3581.27,3363.39,0.55,-0.14,-0.08,1.48,-0.11,,1.0,2.42,0.41,3.78,96.91,12.03,30.42,66.49,1152.0,0.19411764705882356,3.09,60.06,27.69,32.37,4.45,-0.7056878306878307,12.43,-217.9,13.828031292887779,-0.04403868172048753,18.72,47.322623828647934,141.4,309.4,74.4,179.3,440.2,0.0,0.4376045500167281,130.8,2.71,4.52,-0.866370808678501,0.11,-0.65625,5.14,-0.6566666666666667,53.89,-0.021345934495681895,-5.76,12.49,0.17,0.25,0.55,2.42,1152.0,0.05213541666666667,11.9,5.047058823529412,4.615,3.2605863192182407,1011.3636363636364,67.87823716492503,0.0038628472222222224,0.0026822916666666666,21.96,232.9,15.1,,-41.6,122.59999999999997,-0.08168519602106498,-3.46,0.48988580750407845,0.24458874458874455,152.40928625285386,153.143000835581,12.0,192.99,0.21388112392945685,17.945323076923074,0.00041562781721884165,0.00048195571331981213,1.9253096996329497
2021-09,49.0,240.6,56.7,210.4,30.2,48.1,68.0,0.0,51.0,2.9,9.3,300.8,141.0,21.2,0.0,65.3,54.5,96.8,-44.3,40.0,11.3,3.4,21.0,17.9,3.0,473.3,5.0,21.1,0,1.6,81.3,75.5,5.7,0.7,109.0,51.7,0.0,51.7,53.4,3.6,3.6,0.0,0.0,164.3,184.0,184.0,50.9,74.6,-0.5,-0.5,309.0,473.3,27.3,27.3,0,309.0,344.0,0.0,4.3,11.3,40.0,52.6,75.5,0.0,1.6,300.8,20.0,20.0,-187.2,257.6,30.0,5.0,10.0,10.0,5.0,20.0,5.0,0.0,67.9,3.3,5.2,5.2,5.2,5.2,10.3,10.3,43.9,57.2,8.6,6.0,6.0,2.9,2.9,12.0,5.9,30.7,49.0,1.75,12.17,12.17,1.68,1.68,20.06,0.0,20.06,11.23,33.17,-0.07,-1.53,-2.44,-17.77,-0.14,46.9,-22.37,-22.37,-0.8,-0.8,45.17,-45.17,-23.17,0.0,0.0,8.19,0.0,0.0,0.0,0.0,8.19,-3.5,0.0,-3.5,-3.5,4.69,-0.99,27.42,182.96,210.38,0.61,-0.08,11.37,24.53,49.0,64.44,64.44,64.44,21.85,21.85,42.59,22.67,18.78,3.89,15.33,1.98,1.8,0.18,0.0,-0.1,0.0,1.59,1.59,-0.02,63.4,1.03,0.48,0.48,0.48,1.51,1.31,0.2,0.2,0.2,0.2,0.2,27.14,0.01,0.01,0.0,0.2,28.28,0.01,0.01,0.0,0,0.0,1.51,0.0,1.31,0.2,0.2,0.01,0.01,0.56,4.22,1.37,0.25,0.25,2.33,6.5,0.39,0.12,15.33,0.0,1.03,5.82,3.14,3.14,1.0,1.0,4.15,64.44,42.59,1.03,7.4,0.2,210.38,240.55,473.25,53.38,308.95,11.25,4.78,5.44,7.61,5.81,0.0,0.01,28.28,6.7,12.38,0.24,66.1,11.49,1.6,2.34,86.75,0.31,0.64,0.06,0.04,0.2,27.33,11.28,14.73,17.28,3.23,1.0,0.0,3936.39,3749.22,0.55,0.05,0.03,1.47,0.04,1.56,1.0,2.76,0.41,4.92,74.46,18.21,20.1,54.36,1152.0,0.2142287234042553,0.2,64.44,21.85,42.59,1.03,0.2716049382716048,11.23,-187.2,10.875240520973398,-0.08521366009953535,24.53,53.171521035598715,164.3,300.8,74.6,184.0,473.3,0.0,0.558252427184466,172.5,7.4,11.49,0.08029197080291972,0.01,-0.6666666666666666,0.31,-0.726027397260274,66.1,0.16908563134978238,1.6,5.44,0.04,0.06,0.55,2.76,1152.0,0.0559375,11.3,5.702654867256636,4.37,1.9427193246909857,214.58333333333334,65.28628776674414,0.0008940972222222222,0.00017361111111111112,22.67,240.6,53.4,,-44.3,166.10000000000002,-0.047824548991864176,1.03,0.38795906080674286,0.3694909993792676,123.8190612004709,125.451052792009,12.75,208.5,0.21391598701262116,19.595036767709125,0.0004882240252422809,-8.479828713094283e-05,1.84054148771242
2021-12,21.0,233.4,56.7,203.2,30.2,86.5,86.5,0.0,89.2,2.7,10.3,332.9,152.6,23.7,0.0,71.7,57.3,105.7,-47.0,40.0,10.8,5.2,25.7,19.7,6.0,520.3,10.6,26.3,0,2.5,106.4,99.2,6.4,0.7,145.8,53.2,0.0,53.2,55.8,0.0,0.0,0.0,0.0,199.1,195.4,195.4,54.7,71.7,-0.6,-0.6,321.2,520.3,27.5,27.5,0,321.2,344.0,0.0,4.3,10.8,40.0,53.6,99.2,0.0,2.5,332.9,20.0,20.0,-177.6,270.5,30.0,5.0,10.0,10.0,5.0,20.0,5.0,0.0,70.6,4.3,5.2,5.2,5.2,5.2,10.5,10.5,45.4,61.6,9.5,6.6,6.6,3.7,3.7,13.2,7.4,31.5,21.0,-1.17,18.16,18.16,2.25,2.25,25.71,0.0,25.71,5.18,-6.78,-1.1,-3.41,8.79,8.02,-0.34,50.14,-33.83,-33.83,-0.8,-0.8,71.6,-71.6,-34.63,0.0,0.0,10.76,0.0,0.0,0.0,0.0,10.76,-4.91,0.0,-4.91,-4.91,5.85,-1.09,20.26,182.96,203.22,1.05,-0.28,5.52,16.31,21.0,68.51,68.51,68.51,24.62,24.62,43.89,25.37,21.39,3.98,15.81,3.68,3.5,0.18,0.0,-0.1,0.0,1.75,1.75,-0.02,71.23,-2.72,-0.23,-0.23,-0.23,-2.95,-0.03,-2.92,-2.92,-2.92,-2.92,-2.92,27.37,-0.11,-0.11,0.0,-2.92,27.37,-0.11,-0.11,0.0,0,0.0,-2.95,0.0,-0.03,-2.92,-2.92,-0.11,-0.11,0.56,6.0,2.68,0.44,0.44,2.33,6.63,0.48,0.13,15.81,0.0,-2.72,3.84,3.14,3.14,1.0,1.0,4.15,68.51,43.89,-2.72,5.59,-2.92,203.22,233.39,520.27,55.76,321.22,3.24,6.56,11.46,-7.16,-8.23,0.0,-0.11,27.37,4.43,11.28,0.16,64.06,8.15,-3.97,-4.31,,-4.26,0.42,-0.39,-0.25,-0.76,27.46,10.72,14.79,17.36,-5.69,,,3842.65,3665.02,0.53,0.44,0.23,1.57,0.36,-1.06,,2.28,0.36,2.89,126.44,11.49,31.86,94.58,1152.0,0.20579753679783722,-2.92,68.51,24.62,43.89,-2.72,-0.22063037249283668,5.18,-177.6,9.339323168690212,-0.19410584700556777,16.31,61.98630136986303,199.1,332.9,71.7,195.4,520.3,-0.0,0.5834371108343711,187.39999999999998,5.59,8.15,1.0035842293906811,-0.11,0.8333333333333335,-4.26,0.8364779874213835,64.06,0.2467697907188353,-3.97,11.46,-0.25,-0.39,0.53,2.28,1152.0,0.059470486111111116,10.8,6.343518518518518,2.3226415094339625,-10.104719764011799,-1182.608695652174,61.73361522198731,-0.002361111111111111,-0.002534722222222222,25.37,233.4,55.8,,-47.0,190.59999999999997,-0.038385132970201866,-2.72,0.35944386149003155,0.32841920887461684,109.60141036840685,107.237504843084,12.0,176.36,0.21765625,21.711632209304565,0.0016666666666666666,-0.0010069444444444427,1.7477219747168546
2022-03,70.0,252.2,56.7,222.0,30.2,104.9,105.0,-0.1,106.7,1.8,11.6,370.5,148.2,23.9,0.0,62.6,61.8,111.9,-36.3,42.4,11.1,7.1,27.9,25.6,2.3,570.9,11.6,21.5,0,3.3,128.2,121.2,6.5,0.6,164.6,57.5,0.0,57.5,60.8,2.3,2.3,0.0,0.0,224.5,205.6,205.6,57.7,84.2,-1.0,-1.0,346.5,570.9,27.6,27.6,0,346.5,344.0,0.0,4.3,11.1,42.4,57.5,121.2,0.0,3.3,370.5,20.0,20.0,-191.4,293.0,30.0,5.0,10.0,10.0,5.0,20.0,5.0,0.0,76.6,5.2,5.6,5.6,5.6,5.6,11.2,11.2,49.0,60.5,10.1,6.0,6.0,3.5,3.5,12.1,7.1,31.3,70.0,12.52,5.33,5.33,0.58,0.58,12.51,0.0,12.51,-8.95,-18.99,-4.49,-2.97,-3.38,22.6,-1.72,21.99,-6.28,-6.28,-3.03,-3.03,15.01,-15.01,-9.31,0.0,0.0,7.18,0.0,0.0,0.0,0.0,7.18,-1.48,0.0,-1.48,-1.48,5.7,0.38,18.76,203.22,221.98,0.45,1.29,-7.23,15.71,70.0,98.11,98.11,98.11,28.47,28.47,69.64,26.58,22.56,4.03,17.44,2.67,2.48,0.19,0.0,-0.1,0.0,1.78,1.78,-0.02,76.93,21.18,-1.53,-1.53,-1.53,19.65,7.13,12.52,12.52,12.52,12.52,12.52,27.48,0.46,0.46,0.0,12.52,28.47,0.44,0.44,0.0,0,0.0,19.65,0.0,7.13,12.52,12.52,0.46,0.44,0.58,5.33,1.72,0.45,0.45,2.33,6.0,0.34,0.12,17.44,0.0,21.18,27.09,3.14,3.14,1.0,1.0,4.15,98.11,69.64,21.18,28.87,12.52,221.98,252.16,570.95,60.8,346.49,21.99,5.91,6.28,18.76,15.71,0.0,0.44,28.47,18.52,33.15,0.65,70.99,29.43,21.58,20.03,36.27,12.76,0.43,4.07,2.56,,27.59,10.65,14.93,17.55,26.01,1.0,0.0,3597.05,3405.69,0.58,7.63,4.42,1.59,7.01,0.58,1.0,2.25,0.36,3.28,111.68,10.27,35.63,76.05,,0.26480431848852903,12.52,98.11,28.47,69.64,21.18,-26.214285714285715,-8.95,-191.4,8.674544627702938,-0.36560435394027013,15.71,64.8094688221709,224.5,370.5,84.2,205.6,570.9,0.0,0.5783549783549783,200.39999999999998,28.87,29.43,4.683070866141732,0.44,-8.333333333333334,12.76,-9.183006535947712,70.99,0.6994630174952365,21.58,6.28,2.56,4.07,0.58,2.25,,,11.1,8.838738738738739,2.454310344827586,-5.16640337019484,1384.313725490196,60.67612541600981,,,26.58,252.2,60.8,,-36.3,191.3,0.10532194480946123,21.18,0.5128593831677992,0.47986953419631023,109.34724377861345,108.016262657257,10.42,76.41,0.1675434027777778,25.931970948043308,0.0023958333333333336,0.0003211805555555574,1.7501481129686502
