Date_x,BS_Earnings Quality Score,BS_Cash and Short Term Investments,BS_Cash & Equivalents,BS_Short Term Investments,"BS_Accounts Receivable - Trade, Net","BS_Total Receivables, Net",BS_Receivables - Other,BS_Prepaid Expenses,"BS_Other Current Assets, Total",BS_Restricted Cash - Current,BS_Deferred Income Tax - Current Asset,BS_Other Current Assets,BS_Total Current Assets,"BS_Property/Plant/Equipment, Total - Gross",BS_Buildings - Gross,BS_Land/Improvements - Gross,BS_Machinery/Equipment - Gross,BS_Construction in Progress - Gross,BS_Other Property/Plant/Equipment - Gross,"BS_Property/Plant/Equipment, Total - Net","BS_Accumulated Depreciation, Total","BS_Goodwill, Net","BS_Intangibles, Net",BS_Intangibles - Gross,BS_Accumulated Intangible Amortization,BS_Long Term Investments,BS_LT Investments - Other,"BS_Other Long Term Assets, Total",BS_Deferred Charges,BS_Defered Income Tax - Long Term Asset,BS_Other Long Term Assets,BS_Total Assets,BS_Accounts Payable,BS_Accrued Expenses,BS_Notes Payable/Short Term Debt,BS_Current Port. of LT Debt/Capital Leases,"BS_Other Current liabilities, Total",BS_Customer Advances,BS_Income Taxes Payable,BS_Other Current Liabilities,BS_Total Current Liabilities,BS_Total Long Term Debt,BS_Long Term Debt,BS_Total Debt,"BS_Other Liabilities, Total",BS_Other Long Term Liabilities,BS_Total Liabilities,"BS_Redeemable Preferred Stock, Total",BS_Redeemable Convertible Preferred Stock,"BS_Common Stock, Total",BS_Common Stock,BS_Additional Paid-In Capital,BS_Retained Earnings (Accumulated Deficit),BS_Unrealized Gain (Loss),"BS_Other Equity, Total",BS_Translation Adjustment,BS_Other Equity,BS_Other Comprehensive Income,BS_Total Equity,BS_Total Liabilities & Shareholders' Equity,BS_Total Common Shares Outstanding,BS_Shares Outs - Common Stock Primary Issue,BS_Treas Shares - Common Stock Prmry Issue,BS_Total Equity & Minority Interest,BS_Full-Time Employees,BS_Intangibles - Net,BS_Goodwill - Net,"BS_Accumulated Intangible Amort, Suppl.",BS_Wgt Avg Rem Lease Term (Yrs)-Oper Lease,BS_Wgt Avg Disc Rate - Operating Lease,"BS_Right-of-Use Assets-Op.Lease, Gross-Sup.",BS_Deferred Revenue - Current,BS_Deferred Revenue - Long Term,"BS_Curr Port of LT Operating Leases, Suppl.","BS_Long-Term Operating Lease Liabs., Suppl.","BS_Curr Derivative Liab. Hedging, Suppl.",BS_Total Current Assets less Inventory,BS_Rvlvng Line of Credit - Principal Amount,BS_Net Debt Incl. Pref.Stock & Min.Interest,"BS_Tangible Book Value, Common Equity","BS_Total Operating Leases, Supplemental",BS_Operating Lease Payments Due in Year 1,BS_Operating Lease Payments Due in Year 2,BS_Operating Lease Payments Due in Year 3,BS_Operating Lease Payments Due in Year 4,BS_Operating Lease Payments Due in Year 5,BS_Operating Lease Pymts. Due in 2-3 Years,BS_Operating Lease Pymts. Due in 4-5 Years,BS_Oper. Lse. Pymts. Due in Year 6 & Beyond,BS_Operating Leases - Interest Cost,CF_Earnings Quality Score,CF_Net Income/Starting Line,CF_Depreciation/Depletion,CF_Depreciation,CF_Deferred Taxes,CF_Non-Cash Items,CF_Unusual Items,CF_Other Non-Cash Items,CF_Changes in Working Capital,CF_Accounts Receivable,CF_Prepaid Expenses,CF_Other Assets,CF_Accounts Payable,CF_Accrued Expenses,CF_Other Liabilities,CF_Cash from Operating Activities,CF_Capital Expenditures,CF_Purchase of Fixed Assets,CF_Purchase/Acquisition of Intangibles,"CF_Other Investing Cash Flow Items, Total",CF_Acquisition of Business,CF_Sale/Maturity of Investment,"CF_Investment, Net",CF_Purchase of Investments,CF_Other Investing Cash Flow,CF_Cash from Investing Activities,CF_Financing Cash Flow Items,CF_Other Financing Cash Flow,"CF_Issuance (Retirement) of Stock, Net",CF_Sale/Issuance of Common,CF_Repurchase/Retirement of Common,"CF_Common Stock, Net",CF_Sale/Issuance of Common/Preferred,CF_Options Exercised,CF_Warrants Converted,"CF_Issuance (Retirement) of Debt, Net",CF_Long Term Debt Issued,CF_Long Term Debt Reduction,"CF_Long Term Debt, Net",CF_Cash from Financing Activities,CF_Foreign Exchange Effects,CF_Net Change in Cash,CF_Net Cash - Beginning Balance,CF_Net Cash - Ending Balance,CF_Cash Interest Paid,CF_Cash Taxes Paid,CF_Net Changes in Working Capital,CF_Free Cash Flow,IS_Earnings Quality Score,IS_Revenue,IS_Net Sales,IS_Total Revenue,"IS_Cost of Revenue, Total",IS_Cost of Revenue,IS_Gross Profit,"IS_Selling/General/Admin. Expenses, Total",IS_Selling/General/Administrative Expense,IS_Labor & Related Expense,IS_Research & Development,IS_Unusual Expense (Income),IS_Litigation,IS_Other Unusual Expense (Income),IS_Total Operating Expense,IS_Operating Income,"IS_Interest Expense, Net Non-Operating",IS_Interest Expense - Non-Operating,IS_Interest/Invest Income - Non-Operating,IS_Interest Income - Non-Operating,IS_Investment Income - Non-Operating,"IS_Interest Inc.(Exp.),Net-Non-Op., Total","IS_Other, Net",IS_Other Non-Operating Income (Expense),IS_Net Income Before Taxes,IS_Provision for Income Taxes,IS_Net Income After Taxes,IS_Net Income Before Extra. Items,IS_Extraordinary Item,IS_Total Extraordinary Items,IS_Net Income,IS_Preferred Dividends,IS_Total Adjustments to Net Income,IS_Income Available to Com Excl ExtraOrd,IS_Income Available to Com Incl ExtraOrd,IS_Basic Weighted Average Shares,IS_Basic EPS Excluding Extraordinary Items,IS_Basic EPS Including Extraordinary Items,IS_Dilution Adjustment,IS_Diluted Net Income,IS_Diluted Weighted Average Shares,IS_Diluted EPS Excluding ExtraOrd Items,IS_Diluted EPS Including ExtraOrd Items,IS_DPS - Common Stock Primary Issue,IS_Gross Dividends - Common Stock,"IS_Other Unusual Expense(Income), Suppl.","IS_Non-Recurring Items, Supplemental, Total",IS_Total Special Items,IS_Normalized Income Before Taxes,IS_Effect of Special Items on Income Taxes,IS_Inc Tax Ex Impact of Sp Items,IS_Normalized Income After Taxes,IS_Normalized Inc. Avail to Com.,IS_Basic Normalized EPS,IS_Diluted Normalized EPS,"IS_Amort of Intangibles, Supplemental","IS_Depreciation, Supplemental","IS_Interest Expense, Supplemental","IS_Rental Expense, Supplemental",IS_Labor & Related Expense Suppl.,"IS_Stock-Based Compensation, Supplemental",IS_Income Taxes - Non-Recurring Tax Change,"IS_Research & Development Exp, Supplemental",IS_COVID-19 Non-Recurring Inc/Exp - Other,IS_Normalized EBIT,IS_Normalized EBITDA,Revenue from Business Activities - Total,Revenue from Business Activities - Total,Revenue from Business Activities - Total,Revenue from Business Activities - Total,Gross Profit - Industrials/Property - Total,Gross Profit - Industrials/Property - Total,Gross Profit - Industrials/Property - Total,Gross Profit - Industrials/Property - Total,Operating Profit before Non-Recurring Income/Expense,Operating Profit before Non-Recurring Income/Expense,Operating Profit before Non-Recurring Income/Expense,Operating Profit before Non-Recurring Income/Expense,"Earnings before Interest, Taxes, Depreciation & Amortization (EBITDA)","Earnings before Interest, Taxes, Depreciation & Amortization (EBITDA)","Earnings before Interest, Taxes, Depreciation & Amortization (EBITDA)","Earnings before Interest, Taxes, Depreciation & Amortization (EBITDA)",Income before Discontinued Operations & Extraordinary Items,Income before Discontinued Operations & Extraordinary Items,Income before Discontinued Operations & Extraordinary Items,Income before Discontinued Operations & Extraordinary Items,Cash & Cash Equivalents,Cash & Short-Term Investments,Total Assets,Debt - Total,Common Equity - Total,Net Cash Flow from Operating Activities,"Depreciation, Depletion & Amortization including Impairment - Cash Flow - to Reconcile",Capital Expenditures - Net - Cash Flow,Net Change in Cash - Total,Free Cash Flow Net of Dividends,"Dividend Yield - Common Stock - Net - Issue Specific - %, TTM",EPS - Diluted - excluding Extraordinary Items Applicable to Common - Total,EPS - Diluted - excluding Extraordinary Items Applicable to Common - Total,EPS - Diluted - excluding Extraordinary Items Applicable to Common - Total,EPS - Diluted - excluding Extraordinary Items Applicable to Common - Total,Shares used to calculate Diluted EPS - Total,Shares used to calculate Diluted EPS - Total,Shares used to calculate Diluted EPS - Total,Shares used to calculate Diluted EPS - Total,Non-GAAP Free Cash Flow - Company Reported,Gross Profit Margin - %,Gross Profit Margin - %,Gross Profit Margin - %,Gross Profit Margin - %,EBITDA Margin - %,EBITDA Margin - %,EBITDA Margin - %,EBITDA Margin - %,Operating Margin - %,Operating Margin - %,Operating Margin - %,Operating Margin - %,Income before Tax Margin - %,Income before Tax Margin - %,Income before Tax Margin - %,Income before Tax Margin - %,Income Tax Rate - %,Income Tax Rate - %,Income Tax Rate - %,Income Tax Rate - %,Net Margin - %,Net Margin - %,Net Margin - %,Net Margin - %,"Free Cash Flow Yield - %, TTM","Return on Average Common Equity - % (Income available to Common excluding Extraordinary Items), TTM","Return on Average Total Assets - % (Income before Discontinued Operations & Extraordinary Items), TTM","Return on Invested Capital - %, TTM",Common Shares - Outstanding - Total,Total Debt Percentage of Total Assets,Total Debt Percentage of Total Capital,Total Debt Percentage of Total Equity,Interest Coverage Ratio,Earnings Retention Rate,Dividend Payout Ratio - %,Market Capitalization,Preferred Shareholders Equity,Enterprise Value,"Asset Turnover, TTM","Income before Tax Margin - %, TTM","Pretax ROA - %, TTM","Total Assets to Total Shareholders Equity - including Minority Interest & Hybrid Debt, Average TTM","Pretax ROE - %, TTM","Tax Complement, TTM","Earnings Retention Rate, TTM",Current Ratio,Current Ratio,Current Ratio,Current Ratio,Working Capital to Total Assets,Working Capital to Total Assets,Working Capital to Total Assets,Working Capital to Total Assets,"Accounts Receivable Turnover, TTM","Average Receivables Collection Days, TTM","Payables Turnover, TTM","Average Payables Payment Days, TTM","Average Net Trade Cycle Days, TTM",Employment Number,재고자산회전율(비율),당기순이익(천원),매출액(천원),매출원가(천원),매출총이익(천원),영업이익(천원),영업이익증가율(YoY)(연도),운전자본증감(천원),순부채(천원),"BPS(지배, Adj.)(원/주)",BPS증가율(YoY)(비율),Free Cash Flow2(천원),부채비율(비율),부채총계(천원),유동자산(천원),이익잉여금(천원),자본금(천원),자산총계(천원),현금배당성향(%),비유동비율(천원),비유동자산(천원),EBITDA2(천원),EBITDA2마진율(비율),EBITDA2증가율(YoY)(비율),"EPS(지배, Adj.)(원/주)",EPS증가율(YoY)(비율),순이익률(비율),순이익증가율(YoY)(비율),매출액이익률(비율),매출액증가율(YoY)(연도),영업이익률(비율),CAPEX(천원),ROA(비율),ROE(지배)(비율),총자산회전율(비율),유동비율(비율),인력수,인당매출,무형자산,무형자산회전율,매입채무회전율,매출채권회전율,이자보상율,자기자본비율,인당영업이익,인당순이익,SG&A,단기투자자산,채무총계,무형자산감상비 누계,유형자산감상비 누계,Gross Investment (GI),ROGI(%),EBIT(천원),투자비 대비 매출 (Rev/GI),Opex Margin,Y1,Y2,Y3,Y4,인당매출s,무형자산회전율s,인당영업이익s,인당순이익s,투자비 대비 매출 (Rev/GI)s
2011-06,49.0,60,60,0,24,30,5.0,5.0,7,0.0,0.0,7,97,12,3.0,3.0,8,1,5.0,9,-2,0.0,1.0,1.0,0.0,0.0,0.0,2,2,0.0,0,109,2,8,0,1.0,78,67,7.0,4.0,88,0,415.0,0,11,11,99,68.0,68.0,0,0,3,-61,0.0,0,0.0,0.0,0.0,9,109,120,120,0.0,9,375.0,6.0,0.0,0.0,9.0,4.0,394.0,67,8,42.0,381.0,3.0,97,18.0,8,-58,47.0,8.0,12.0,9.0,4.0,3.0,21.0,7.0,11.0,-103.0,49.0,9.8,1.5,1.5,-0.2,6.9,0.1,6.8,19.3,-14.8,-2.9,-5.9,0.3,5.4,37.1,37.5,-8.7,-8.7,0.0,0.4,0.0,0.0,0.4,0.0,7.0,-8.4,0.1,0.1,1.1,0.0,0.0,0.0,0.0,1.1,84.5,562.9,1481.6,0.0,562.9,1.2,0.1,30.5,29.4,59.9,0.0,1.4,19.3,28.7,49.0,29.5,29.5,29.5,9.5,9.5,20.0,15.4,14.6,0.8,2.4,0.6,270.0,0.6,27.2,2.3,-7.1,-7.1,1.1,0.7,0.5,-6.0,0.1,0.1,2.3,0.3,2.0,2.0,0.0,0.0,2.0,-1.7,-1.7,0.4,0.4,120.3,0.0,0.0,0.0,0.4,120.3,0.0,0.0,0.0,0.0,0.8,0.8,0.6,2.3,0.2,0.3,2.0,0.4,0.0,0.0,0.4,0.6,7.1,2.0,0.8,1.1,0.0,2.4,8.4,2.3,2.8,,,,,,,,,,,,,,,,,,,,,,,,,,,,,,,,,,,,,,,,,,,,,,,,,,,,,,,,,,,,,,,,,,,,,,,,,,,,,,,,,,,,,,,,,,,,,,,,,,,242.0,0.30412371134020616,2.0,29.5,9.5,20.0,2.3,,19.3,8,386.96299196354914,,28.7,990.0,99,97,-61,0,109,0.0,1.3333333333333333,12,,,,,,,,,,,,,,,,242.0,0.12190082644628099,6.0,4.916666666666667,4.75,-1.9932432432432432,38.33333333333333,9.174311926605505,0.009504132231404958,0.008264462809917356,15.4,60,0,0.0,-2,-48.0,,2.3,-0.6145833333333334,0.18305084745762712,32.16649974759345,29.6,,,,,,,
2011-12,49.0,68,68,0,45,50,5.0,5.0,12,0.0,2.0,11,131,25,3.0,3.0,18,4,5.0,21,-4,0.0,1.0,1.0,0.0,0.0,0.0,5,5,0.0,1,156,9,13,0,1.0,104,91,7.0,5.0,127,0,415.0,0,19,19,146,68.0,68.0,0,0,10,-68,0.0,1,0.0,0.0,1.0,11,156,22,22,0.0,11,242.0,6.0,0.0,0.0,9.0,4.0,394.0,91,14,42.0,381.0,3.0,131,18.0,0,-57,47.0,8.0,12.0,9.0,4.0,3.0,21.0,7.0,11.0,-103.0,49.0,-6.7,2.0,2.0,-0.2,9.2,0.1,9.1,8.7,-20.4,-1.4,-8.4,1.5,6.9,30.4,13.2,-8.0,-8.0,0.0,0.0,0.0,0.0,0.0,0.0,7.0,-8.0,0.0,0.0,2.1,0.0,0.0,0.0,0.0,2.1,84.5,562.9,1481.6,0.0,562.9,2.2,0.8,8.2,59.9,68.1,0.0,0.4,8.7,5.3,49.0,39.2,39.2,39.2,16.0,16.0,23.2,24.1,24.1,1.9,4.3,0.6,270.0,0.6,44.4,-5.2,-7.1,-7.1,1.1,0.7,0.5,-6.0,-0.7,-0.7,-5.9,0.9,-6.8,-6.8,0.0,0.0,-6.8,-0.2,-0.2,-6.8,-6.8,120.3,-0.06,-0.06,0.0,-6.8,120.3,-0.06,-0.06,0.0,0.0,0.8,0.8,0.6,-5.9,0.2,0.9,-6.8,-6.8,-0.06,-0.06,0.4,1.2,7.1,2.3,1.9,2.4,0.0,4.3,8.4,-5.2,-4.0,39.18,,39.18,,23.19,,23.19,,-5.18,,-5.18,,-3.96,,-3.96,,-6.8,,-6.8,,68.09,68.09,156.32,,-57.43,,,,,,,-0.06,,-0.06,,120.29,,120.29,,,59.18,67.82,59.18,67.82,-10.11,9.61,-10.11,9.61,-13.23,7.7,-13.23,7.7,-15.06,7.92,-15.06,7.92,12.77,,12.77,,-17.37,6.91,-17.37,6.91,,,,,120.29,,,,,1.0,0.0,,68.17,,,12.05,,,,0.88,1.0,1.03,1.1,1.03,1.1,0.03,0.08,0.03,0.08,,,,,,242.0,0.29923664122137406,-6.8,39.2,16.0,23.2,-5.2,,8.7,0,386.96299196354914,,5.3,1460.0,146,131,-68,0,156,-0.0,2.272727272727273,25,-3.96,9.61,,-0.06,,6.91,,67.82,,7.7,,,,,1.1,242.0,0.1619834710743802,6.0,6.533333333333334,1.7777777777777777,-1.9215686274509807,-86.66666666666667,6.41025641025641,-0.021487603305785124,-0.028099173553719006,24.1,68,0,0.0,-4,-54.0,,-5.2,-0.725925925925926,-0.02295918367346944,32.16649974759345,29.6,,,,,,,
2012-03,49.0,95,80,15,43,43,0.0,5.0,15,0.0,2.0,13,153,30,3.0,3.0,24,3,5.0,24,-6,0.0,1.0,1.0,0.0,0.0,0.0,8,6,0.0,2,185,7,16,0,1.0,110,98,6.0,7.0,133,0,415.0,0,24,24,157,68.0,68.0,0,0,33,-74,0.0,1,0.0,0.0,1.0,28,185,120,120,0.0,28,729.0,6.0,0.0,0.0,9.0,4.0,394.0,98,18,42.0,381.0,3.0,153,18.0,-27,-40,47.0,8.0,12.0,9.0,4.0,3.0,21.0,7.0,11.0,-103.0,49.0,-5.6,2.0,2.0,-0.2,5.3,0.1,5.3,14.4,2.1,4.2,-5.3,1.4,1.0,11.0,16.1,-8.6,-8.6,0.0,-15.3,0.0,0.0,0.0,-15.3,7.0,-23.9,1.0,1.0,19.0,17.8,-1.1,16.8,0.0,2.2,84.5,562.9,1481.6,0.0,562.9,19.9,-0.1,12.1,68.1,80.1,0.0,0.4,14.4,7.5,49.0,47.4,47.4,47.4,21.2,21.2,26.2,25.7,25.7,1.9,6.0,0.6,270.0,0.6,53.0,-5.6,-7.1,-7.1,1.1,0.7,0.5,-6.0,0.5,0.5,-5.1,0.6,-5.6,-5.6,0.0,0.0,-5.6,-0.2,-0.2,-5.8,-5.8,120.3,-0.05,-0.05,0.0,-5.8,120.3,-0.05,-0.05,0.0,0.0,0.8,0.8,0.6,-5.1,0.2,0.6,-5.6,-5.8,-0.05,-0.05,0.4,2.0,7.1,3.5,1.9,3.9,0.0,6.0,8.4,-5.6,-3.5,47.43,,47.43,,26.2,,26.2,,-5.58,,-5.58,,-3.53,,-3.53,,-5.64,,-5.64,,80.14,95.48,185.0,,-40.2,16.08,2.05,8.56,12.05,7.52,,-0.05,,-0.05,,120.29,,120.29,,,55.23,,55.23,,-7.45,,-7.45,,-11.77,,-11.77,,-10.73,,-10.73,,,,,,-11.89,,-11.89,,,,,,120.29,,,,,,,,68.33,,,,,,,,,1.15,,1.15,,0.11,,0.11,,,,,,,1077.0,0.30980392156862746,-5.6,47.4,21.2,26.2,-5.6,,14.4,-27,138.2010685584104,,7.5,560.7142857142857,157,153,-74,0,185,-0.0,1.1428571428571428,32,-3.53,-7.45,,-0.05,,-11.89,,55.23,,-11.77,8.56,,,,1.15,1077.0,0.04401114206128134,6.0,7.8999999999999995,3.0285714285714285,22.57142857142857,-93.33333333333333,15.135135135135137,-0.005199628597957288,-0.005199628597957288,25.7,95,0,0.0,-6,-61.0,,-5.6,-0.7770491803278688,0.010548523206751054,32.16649974759345,29.6,,,0.3278954395819425,19.35,-0.017183099672337453,-0.02503433934175894,-2.1175584395871283
2012-06,49.0,88,65,23,47,47,0.0,5.0,12,0.0,2.0,10,152,44,3.0,3.0,34,6,5.0,35,-8,0.0,1.0,1.0,0.0,0.0,0.0,13,8,0.0,5,200,9,19,0,1.0,125,113,3.0,9.0,152,0,415.0,0,23,23,175,68.0,68.0,0,0,39,-83,0.0,0,0.0,0.0,0.0,25,200,123,123,0.0,25,882.0,6.0,0.0,0.0,9.0,4.0,394.0,113,18,42.0,381.0,3.0,152,18.0,-20,-43,47.0,8.0,12.0,9.0,4.0,3.0,21.0,7.0,11.0,-103.0,49.0,-14.4,4.9,4.9,-0.2,15.6,0.1,15.6,17.1,-2.7,5.2,-15.0,1.0,2.0,26.8,23.0,-20.2,-20.2,0.0,-22.9,0.0,1.0,0.0,-23.9,7.0,-43.1,-0.9,-0.9,19.0,17.8,-2.0,15.9,0.0,3.2,84.5,562.9,1481.6,0.0,562.9,18.1,-0.7,-2.6,68.1,65.5,0.0,0.4,17.1,2.8,49.0,56.8,56.8,56.8,22.9,22.9,33.9,33.7,29.8,3.9,9.3,0.6,270.0,0.6,65.9,-9.1,-7.1,-7.1,1.1,0.7,0.5,-6.0,0.0,0.0,-9.1,-0.4,-8.7,-8.7,0.0,0.0,-8.7,-0.2,-0.2,-8.9,-8.9,120.3,-0.07,-0.07,0.0,-8.9,120.3,-0.07,-0.07,0.0,0.0,0.8,0.8,0.6,-9.1,0.2,-0.4,-8.7,-8.9,-0.07,-0.07,0.4,2.8,7.1,4.1,3.9,6.5,0.0,9.3,8.4,-9.1,-6.3,56.77,,56.77,,33.88,,33.88,,-9.12,,-9.12,,-6.29,,-6.29,,-8.72,,-8.72,,65.48,88.28,200.47,,-43.13,6.94,2.83,11.67,-14.66,-4.73,,-0.07,,-0.07,,120.29,,120.29,,,59.68,,59.68,,-11.08,,-11.08,,-16.06,,-16.06,,-15.99,,-15.99,,,,,,-15.37,,-15.37,,,,,,123.2,,,,,,,2959.13,68.48,2939.33,,,,8.88,,,,1.0,,1.0,,0.0,,0.0,,,,,,,1077.0,0.3736842105263158,-8.7,56.8,22.9,33.9,-9.1,-4.9565217391304355,17.1,-20,152.50246837447264,-0.6058990871436152,2.8,700.0,175,152,-83,0,200,-0.0,1.92,48,-6.29,-11.08,,-0.07,,-15.37,-5.35,59.68,0.9254237288135592,-16.06,11.67,,,,1.0,1077.0,0.05273909006499535,6.0,9.466666666666667,2.5444444444444443,-21.037037037037035,-151.66666666666666,12.5,-0.008449396471680594,-0.008077994428969358,33.7,88,0,0.0,-8,-55.0,0.3864077669902912,-9.1,-1.0327272727272727,0.07218309859154926,31.69211728480313,34.77,,,0.25873370320065686,23.9,-0.03513662837542301,-0.04137679658064566,-2.5357023789810675
2012-09,1.0,256,117,139,56,56,0.0,6.0,14,0.0,2.0,12,332,51,3.0,1.0,45,5,5.0,39,-12,0.0,1.0,1.0,0.0,0.0,0.0,11,10,0.0,2,382,6,20,0,1.0,140,129,3.0,8.0,167,0,415.0,1,24,24,191,0.0,0.0,0,0,286,-96,0.0,0,0.0,0.0,0.0,191,382,123,123,0.0,191,963.0,6.0,0.0,0.0,9.0,4.0,394.0,129,19,42.0,381.0,3.0,332,18.0,-256,191,57.0,4.0,14.0,10.0,5.0,5.0,24.0,10.0,18.0,-103.0,1.0,-27.4,8.8,8.8,-0.2,31.0,0.1,31.0,19.7,-11.1,4.2,-20.6,-0.1,4.2,43.0,32.1,-32.2,-32.2,0.0,-140.1,0.0,6.8,0.0,-146.9,7.0,-172.2,0.5,0.5,189.1,187.6,-2.0,185.7,0.0,3.4,84.5,562.9,1481.6,0.0,562.9,189.6,-0.6,48.9,68.1,117.0,0.0,0.4,19.7,-0.1,1.0,64.3,64.3,64.3,27.6,27.6,36.8,39.3,34.8,4.5,10.8,0.6,270.0,0.6,77.7,-13.3,-7.1,-7.1,1.1,0.7,0.5,-6.0,0.6,0.6,-12.7,0.3,-13.1,-13.1,0.0,0.0,-13.1,0.0,0.0,-13.1,-13.1,117.7,-0.11,-0.11,0.0,-13.1,117.7,-0.11,-0.11,0.0,0.0,0.8,0.8,0.6,-12.7,0.2,0.3,-13.1,-13.1,-0.11,-0.11,0.4,4.0,7.1,4.7,4.5,8.2,0.0,10.8,8.4,-13.3,-9.4,64.35,,64.35,,36.77,,36.77,,-13.35,,-13.35,,-9.38,,-9.38,,-13.05,,-13.05,,116.98,256.46,382.2,0.6,191.27,9.08,3.97,11.93,51.49,-2.85,,-0.11,,-0.11,,117.7,,117.7,,,57.15,,57.15,,-14.57,,-14.57,,-20.74,,-20.74,,-19.79,,-19.79,,,,,,-20.29,,-20.29,,,,,,123.37,0.16,0.31,0.31,,,,4765.45,0.0,4509.59,,,,,,,,1.99,,1.99,,0.43,,0.43,,,,,,,1077.0,0.1936746987951807,-13.1,64.3,27.6,36.8,-13.3,-6.782608695652175,19.7,-256,19.42503817704519,-0.949801302500589,-0.1,100.0,191,332,-96,0,382,-0.0,0.2617801047120419,50,-9.38,-14.57,,-0.11,,-20.29,-7.55,57.15,1.1796610169491526,-20.74,11.93,,,,1.99,1077.0,0.05970287836583101,6.0,10.716666666666667,4.6000000000000005,-5.792792792792793,-221.66666666666669,50.0,-0.012349117920148561,-0.012163416898792943,39.3,256,1,0.0,-12,-52.0,,-13.3,-1.2365384615384616,0.03110419906687403,31.52236441644547,30.26,24.95,,0.3184365815664879,34.61666666666667,-0.04748574629557157,-0.05354021347943859,-3.772240840519529
2012-12,58.0,315,119,196,78,78,0.0,14.0,15,0.0,2.0,15,422,59,3.0,1.0,47,5,5.0,42,-16,0.0,1.0,1.0,0.0,0.0,0.0,13,11,0.0,2,478,10,37,0,2.0,163,154,3.0,9.0,212,0,415.0,2,23,23,235,0.0,0.0,0,0,349,-105,0.0,0,0.0,0.0,0.0,243,478,126,126,0.0,243,1077.0,6.0,0.0,0.0,9.0,4.0,394.0,154,16,42.0,381.0,3.0,422,18.0,-313,243,57.0,4.0,14.0,10.0,5.0,5.0,24.0,10.0,18.0,-103.0,58.0,-37.3,13.5,13.5,-0.7,44.1,0.0,44.1,29.2,-33.3,-2.5,-29.5,4.9,22.9,66.8,48.8,-42.1,-42.1,0.0,-197.1,0.0,43.5,0.0,-240.6,7.0,-239.1,52.3,52.3,189.6,187.6,-2.0,185.7,0.0,3.9,84.5,562.9,1481.6,0.0,562.9,241.8,-0.6,50.9,68.1,119.0,0.0,1.5,29.2,6.7,58.0,75.2,75.2,75.2,32.3,32.3,42.9,39.2,34.2,4.9,13.2,0.6,270.0,0.6,84.7,-9.5,-7.1,-7.1,1.1,0.7,0.5,-6.0,0.5,0.5,-9.1,0.8,-9.9,-9.9,0.0,0.0,-9.9,0.0,0.0,-9.9,-9.9,124.0,-0.08,-0.08,0.0,-9.9,124.0,-0.08,-0.08,0.0,0.0,0.8,0.8,0.6,-9.1,0.2,0.8,-9.9,-9.9,-0.08,-0.08,0.4,4.7,7.1,1.0,4.9,9.3,0.0,13.2,8.4,-9.5,-4.9,75.16,,75.16,,42.85,,42.85,,-9.54,,-9.54,,-4.87,,-4.87,,-9.93,,-9.93,,118.99,314.69,478.11,1.52,243.41,16.67,4.66,9.91,2.01,6.76,,-0.08,,-0.08,,124.0,,124.0,,,57.02,,57.02,,-6.48,,-6.48,,-12.69,,-12.69,,-12.08,,-12.08,,,,,,-13.21,,-13.21,,0.19,,,,126.37,0.32,0.62,0.62,,,,3754.4,,3441.22,,-14.76,,,,,,1.99,,1.99,,0.44,,0.44,,,,,,,1077.0,0.17819905213270143,-9.9,75.2,32.3,42.9,-9.5,0.8269230769230769,29.2,-313,32.30798031583044,-0.9165088626385395,6.7,96.70781893004116,235,422,-105,0,478,-0.0,0.23045267489711935,56,-4.87,-6.48,0.2297979797979799,-0.08,0.3333333333333335,-13.21,0.4558823529411766,57.02,0.9183673469387754,-12.69,9.91,,,,1.99,1077.0,0.06982358402971217,6.0,12.533333333333333,3.2299999999999995,-2.2582582582582584,-158.33333333333331,50.836820083682014,-0.008820798514391829,-0.009192200557103064,39.2,315,2,0.0,-16,-54.0,0.6944444444444444,-9.5,-1.3925925925925926,0.11569148936170207,63.313219489893534,52.34,15.59,,0.22627669452181984,40.61666666666667,-0.034818941504178275,-0.03463324048282265,-4.438907507186196
2013-03,54.0,339,145,194,80,80,0.0,10.0,18,0.0,1.0,18,447,75,3.0,1.0,61,5,6.0,54,-20,0.0,1.0,1.0,0.0,0.0,0.0,14,12,0.0,2,516,10,26,0,1.0,192,179,3.0,13.0,229,0,415.0,1,23,23,252,0.0,0.0,0,0,384,-119,0.0,-1,-1.0,0.0,0.0,264,516,133,133,0.0,264,1077.0,6.0,0.0,0.0,9.0,4.0,394.0,179,16,42.0,381.0,3.0,447,18.0,-337,264,114.0,11.0,19.0,13.0,12.0,11.0,32.0,23.0,48.0,-103.0,54.0,-13.4,4.4,4.4,-0.7,17.2,0.0,17.2,6.8,-2.9,3.9,-9.5,-1.5,-9.0,25.8,15.0,-10.4,-10.4,0.0,-0.6,0.0,55.4,0.0,-55.9,7.0,-11.0,1.2,1.2,21.5,0.0,0.0,0.0,0.0,21.5,84.5,562.9,1481.6,0.0,562.9,22.6,-0.8,25.8,119.0,144.8,0.0,1.5,6.8,4.6,54.0,85.9,85.9,85.9,32.3,32.3,53.6,50.5,44.2,6.3,16.0,0.6,270.0,0.6,98.9,-12.9,-7.1,-7.1,1.1,0.7,0.5,-6.0,0.1,0.1,-12.8,0.6,-13.4,-13.4,0.0,0.0,-13.4,0.0,0.0,-13.4,-13.4,129.8,-0.1,-0.1,0.0,-13.4,129.8,-0.1,-0.1,0.0,0.0,0.8,0.8,0.6,-12.8,0.2,0.6,-13.4,-13.4,-0.1,-0.1,0.4,4.4,7.1,1.0,4.9,12.0,0.0,16.0,8.4,-12.9,-8.5,85.94,,85.94,,53.63,,53.63,,-12.91,,-12.91,,-8.55,,-8.55,,-13.36,,-13.36,,144.78,338.87,515.95,1.44,263.93,15.02,4.36,10.42,25.79,4.61,,-0.1,,-0.1,,129.78,,129.78,,,62.41,,62.41,,-9.95,,-9.95,,-15.03,,-15.03,,-14.89,,-14.89,,,,,,-15.54,,-15.54,,0.09,-40.42,-12.86,,132.89,0.28,0.54,0.55,,,,4774.78,,4437.36,0.81,-15.48,-12.46,2.4,-29.91,,,1.95,,1.95,,0.42,,0.42,,4.6,79.59,13.65,26.81,52.78,1830.0,0.19217002237136466,-13.4,85.9,32.3,53.6,-12.9,1.3035714285714288,6.8,-337,22.702395134834422,-0.8357292358760648,4.6,95.45454545454545,252,447,-119,0,516,-0.0,0.26136363636363635,69,-8.55,-9.95,1.4220963172804537,-0.1,1.0,-15.54,1.3928571428571432,62.41,0.8122362869198314,-15.03,10.42,-12.86,-40.42,0.81,1.95,1830.0,0.046939890710382515,6.0,14.316666666666668,3.2299999999999995,-29.620689655172416,-215.0,51.162790697674424,-0.007049180327868852,-0.0073224043715847,50.5,339,1,0.0,-20,-54.0,0.7791304347826087,-12.9,-1.5907407407407408,0.10942956926658903,46.17436298610391,38.53,18.23,,0.229205443170921,47.03333333333334,-0.036668493234089834,-0.036756016256450065,-5.252599067599068
2013-06,57.0,254,120,134,93,93,0.0,9.0,21,0.0,1.0,21,377,82,4.0,1.0,67,3,8.0,57,-25,0.0,1.0,1.0,0.0,92.0,92.0,16,14,0.0,2,542,10,32,0,1.0,206,192,3.0,14.0,249,0,415.0,1,25,25,274,0.0,0.0,0,0,410,-140,-1.0,-1,-1.0,0.0,0.0,268,542,136,136,0.0,268,1077.0,6.0,0.0,0.0,9.0,4.0,394.0,192,18,42.0,381.0,3.0,377,18.0,-253,268,114.0,7.0,19.0,14.0,12.0,12.0,33.0,24.0,49.0,-103.0,57.0,-34.8,9.7,9.7,0.0,39.4,0.0,39.4,10.4,-15.9,5.8,-21.0,-0.1,0.3,41.3,24.8,-22.2,-22.2,0.0,-34.2,0.0,150.7,-0.2,-184.8,7.0,-56.4,1.9,1.9,31.8,0.0,0.0,0.0,0.0,31.8,84.5,562.9,1481.6,0.0,562.9,33.7,-0.8,1.2,119.0,120.2,0.0,1.5,10.4,2.5,57.0,102.2,102.2,102.2,36.0,36.0,66.2,67.6,59.6,8.1,18.0,0.6,270.0,0.6,121.6,-19.3,-7.1,-7.1,1.1,0.7,0.5,-6.0,-1.3,-1.3,-20.7,0.7,-21.4,-21.4,0.0,0.0,-21.4,0.0,0.0,-21.4,-21.4,134.5,-0.16,-0.16,0.0,-21.4,134.5,-0.16,-0.16,0.0,0.0,0.8,0.8,0.6,-20.7,0.2,0.7,-21.4,-21.4,-0.16,-0.16,0.4,5.3,7.1,1.0,4.9,26.9,0.0,18.0,8.4,-19.3,-14.0,102.22,,102.22,,66.22,,66.22,,-19.34,,-19.34,,-14.0,,-14.0,,-21.4,,-21.4,,120.23,253.78,542.33,1.27,267.9,9.74,5.34,11.82,-24.55,-2.08,,-0.16,,-0.16,,134.45,,134.45,,,64.78,,64.78,,-13.7,,-13.7,,-18.92,,-18.92,,-20.22,,-20.22,,,,,,-20.94,,-20.94,,0.13,-51.38,-15.55,,136.18,0.23,0.47,0.47,,,,5424.38,,5171.87,0.88,-16.87,-14.88,2.53,-37.7,,,1.51,,1.51,,0.24,,0.24,,4.68,78.24,13.81,26.5,51.74,1830.0,0.2710875331564987,-21.4,102.2,36.0,66.2,-19.3,1.120879120879121,10.4,-253,26.501683557007983,-0.8262212812717719,2.5,102.23880597014924,274,377,-140,0,542,-0.0,0.6156716417910447,165,-14.0,-13.7,1.2257551669316373,-0.16,1.2857142857142856,-20.94,1.4597701149425286,64.78,0.7992957746478875,-18.92,11.82,-15.55,-51.38,0.88,1.51,1830.0,0.055846994535519126,6.0,17.033333333333335,3.6,-6.427672955974843,-321.6666666666667,49.44649446494465,-0.010546448087431694,-0.01169398907103825,67.6,254,1,0.0,-25,40.0,7.333333333333333,-19.3,2.555,0.06457925636007829,52.806328574558655,49.885000000000005,20.53,,0.2323133476414448,54.6,-0.03876554484984093,-0.040372010898518954,-1.6648717948717944
2013-09,67.0,220,121,99,85,85,0.0,13.0,25,0.0,1.0,25,342,100,5.0,1.0,83,3,9.0,69,-31,9.0,6.0,7.0,-1.0,133.0,133.0,20,17,0.0,4,579,8,33,0,1.0,226,211,3.0,15.0,268,0,415.0,1,23,23,291,0.0,0.0,0,0,443,-155,0.0,-1,-1.0,0.0,0.0,288,579,139,139,0.0,288,1077.0,6.0,9.0,1.0,9.0,4.0,394.0,211,15,42.0,381.0,3.0,342,18.0,-219,273,126.0,4.0,23.0,18.0,14.0,14.0,40.0,28.0,54.0,-103.0,67.0,-49.5,16.3,16.3,0.0,67.4,0.0,67.4,11.2,-7.0,2.8,-36.6,-0.4,-2.6,55.1,45.5,-39.1,-39.1,0.0,-54.1,-13.3,192.9,-0.2,-233.4,7.0,-93.1,1.1,1.1,47.8,0.0,0.0,0.0,0.0,47.8,84.5,562.9,1481.6,0.0,562.9,49.0,0.8,2.1,119.0,121.1,0.0,1.5,11.2,6.4,67.0,111.3,111.3,111.3,41.6,41.6,69.7,62.9,52.6,10.3,20.8,0.6,270.0,0.6,125.9,-14.7,-7.1,-7.1,1.1,0.7,0.5,-6.0,0.6,0.6,-14.1,0.7,-14.7,-14.7,0.0,0.0,-14.7,0.0,0.0,-14.7,-14.7,137.5,-0.11,-0.11,0.0,-14.7,137.5,-0.11,-0.11,0.0,0.0,0.8,0.8,0.6,-13.5,0.2,0.9,-14.3,-14.3,-0.1,-0.1,0.4,6.2,7.1,1.0,17.9,17.9,0.0,20.8,8.4,-14.1,-7.4,111.26,,111.26,,69.68,,69.68,,-14.05,,-14.05,,-7.41,,-7.41,,-14.71,,-14.71,,121.09,220.14,578.74,1.25,287.6,20.72,6.61,16.82,0.86,3.9,,-0.11,,-0.11,,137.46,,137.46,,,62.63,,62.63,,-6.66,,-6.66,,-12.63,,-12.63,,-12.63,,-12.63,,,,,,-13.22,,-13.22,,0.19,-24.81,-12.36,,138.74,0.22,0.43,0.44,,,,7205.47,,6986.58,0.78,-15.11,-11.78,2.01,-23.64,,,1.28,,1.28,,0.13,,0.13,,5.33,68.62,20.89,17.52,51.1,1830.0,0.3254385964912281,-14.7,111.3,41.6,69.7,-14.7,0.10526315789473673,11.2,-219,30.227665555070697,0.5561187205691622,6.4,101.04166666666667,291,342,-155,0,579,-0.0,0.8229166666666666,237,-7.41,-6.66,-0.2100213219616205,-0.11,0.0,-13.22,0.12213740458015265,62.63,0.7309486780715397,-12.63,16.82,-12.36,-24.81,0.78,1.28,1830.0,0.06081967213114754,6.0,18.55,5.2,-15.9,-244.99999999999997,49.740932642487046,-0.008032786885245901,-0.008032786885245901,62.9,220,1,-1.0,-31,101.0,-2.2775510204081635,-14.1,1.1019801980198018,0.15363881401617252,63.313219489893534,52.34,25.06,,0.23343014140676133,62.43333333333334,-0.034449213814938276,-0.03624138088497192,0.6736468646864686
2013-12,58.0,635,366,268,108,108,0.0,24.0,31,0.0,1.0,31,798,114,8.0,1.0,91,1,14.0,76,-38,9.0,6.0,7.0,-1.0,255.0,255.0,25,21,0.0,4,1168,7,68,0,1.0,253,253,3.0,15.0,328,415,415.0,415,31,31,774,0.0,0.0,0,0,574,-179,0.0,0,-1.0,0.0,0.0,394,1168,140,140,0.0,394,1830.0,6.0,9.0,1.0,9.0,4.0,394.0,253,14,42.0,381.0,3.0,798,18.0,-220,380,140.0,20.0,21.0,17.0,15.0,14.0,38.0,30.0,52.0,-103.0,58.0,-73.7,24.2,24.2,-0.2,102.1,0.0,102.1,29.4,-29.5,3.5,-54.9,-0.3,16.3,94.4,81.7,-55.3,-55.3,0.0,-347.5,-13.3,236.7,-0.2,-570.7,7.0,-402.8,-134.9,-134.9,140.5,0.0,0.0,0.0,0.0,56.0,84.5,562.9,1481.6,0.0,562.9,568.6,-0.2,247.3,119.0,366.3,0.0,0.9,29.4,26.4,58.0,125.2,125.2,125.2,45.4,45.4,79.9,75.3,75.3,10.3,23.9,0.6,270.0,0.6,144.6,-19.4,-7.1,-7.1,1.1,0.7,0.5,-6.0,-4.3,-4.3,-23.7,0.5,-24.2,-24.2,0.0,0.0,-24.2,0.0,0.0,-24.2,-24.2,139.6,-0.17,-0.17,0.0,-24.2,139.6,-0.17,-0.17,0.0,0.0,0.8,0.8,0.6,-23.7,0.2,0.5,-24.2,-24.2,-0.17,-0.17,0.4,7.8,7.1,1.0,17.9,19.2,0.0,23.9,8.4,-19.4,-11.5,125.23,,125.23,,79.85,,79.85,,-19.36,,-19.36,,-11.52,,-11.52,,-24.23,,-24.23,,366.3,634.55,1168.48,414.78,394.26,36.27,7.84,16.26,245.21,20.01,,-0.17,,-0.17,,139.55,,139.55,,,63.76,,63.76,,-9.2,,-9.2,,-15.46,,-15.46,,-18.91,,-18.91,,,,,,-19.35,,-19.35,,0.35,-23.12,-8.95,,140.35,35.5,51.27,105.2,,,,7768.59,,7548.81,0.52,-16.77,-8.65,2.58,-22.33,,,2.43,,2.43,,0.4,,0.4,,4.55,80.37,18.26,20.05,60.32,1830.0,0.1568922305764411,-24.2,125.2,45.4,79.9,-19.4,1.0421052631578944,29.4,-220,18.565315174302352,-0.42536441483451015,26.4,196.44670050761422,774,798,-179,0,1168,-0.0,0.9390862944162437,370,-11.52,-9.2,1.3655030800821355,-0.17,1.125,-19.35,1.4444444444444442,63.76,0.6648936170212765,-15.46,16.26,-8.95,-23.12,0.52,2.43,1830.0,0.0684153005464481,6.0,20.866666666666667,6.485714285714286,-4.244067796610169,-323.3333333333333,33.73287671232877,-0.010601092896174863,-0.013224043715846994,75.3,635,415,-1.0,-38,213.0,-0.8264150943396227,-19.4,0.587793427230047,0.036741214057508055,52.39780930283042,66.94,19.94,,0.23202185792349725,70.76666666666667,-0.03622950819672131,-0.04027322404371585,2.654032884509108
2014-03,58.0,656,338,318,108,108,0.0,32.0,33,0.0,1.0,33,829,130,9.0,1.0,103,4,14.0,86,-44,9.0,6.0,7.0,-1.0,269.0,269.0,26,22,0.0,5,1224,23,38,0,1.0,305,294,4.0,6.0,366,422,422.0,422,33,33,821,0.0,0.0,0,0,626,-223,0.0,0,0.0,0.0,0.0,404,1224,143,143,0.0,404,1385.0,6.0,9.0,1.0,9.0,4.0,394.0,294,14,42.0,381.0,3.0,829,18.0,-234,389,140.0,20.0,21.0,17.0,15.0,14.0,38.0,30.0,52.0,-103.0,58.0,-43.3,7.9,7.9,-0.2,48.8,0.0,48.8,10.8,0.0,-8.9,-13.2,12.1,-21.3,42.2,24.2,-11.0,-11.0,0.0,-64.7,-13.3,70.2,-0.1,-134.9,7.0,-75.7,0.9,0.9,22.2,0.0,0.0,0.0,0.0,22.2,84.5,562.9,1481.6,0.0,562.9,23.2,-0.1,-28.4,366.3,337.9,0.0,0.9,10.8,13.2,58.0,139.1,139.1,139.1,53.1,53.1,86.0,91.0,75.1,15.9,31.1,0.6,270.0,0.6,175.3,-36.2,-7.1,-7.1,1.1,0.7,0.5,-6.0,0.0,0.0,-42.1,1.2,-43.3,-43.3,0.0,0.0,-43.3,0.0,0.0,-43.3,-43.3,142.1,-0.3,-0.3,0.0,-43.3,142.1,-0.3,-0.3,0.0,0.0,0.8,0.8,0.6,-42.1,0.2,1.2,-43.3,-43.3,-0.3,-0.3,0.4,7.5,7.1,1.0,23.8,29.2,0.0,31.1,8.4,-36.2,-28.2,139.09,,139.09,,85.98,,85.98,,-36.18,,-36.18,,-28.24,,-28.24,,-43.31,,-43.31,,337.92,655.76,1224.26,421.84,403.74,24.22,7.94,10.97,-28.38,13.25,,-0.3,,-0.3,,142.06,,142.06,,,61.81,,61.81,,-20.31,,-20.31,,-26.01,,-26.01,,-30.3,,-30.3,,,,,,-31.14,,-31.14,,0.42,-31.05,-11.91,,143.43,34.46,51.1,104.48,-5.11,,,8592.53,,8358.61,0.55,-21.04,-11.56,2.61,-30.12,,,2.27,,2.27,,0.38,,0.38,,5.09,71.92,10.86,33.71,38.21,2826.0,0.1677925211097708,-43.3,139.1,53.1,86.0,-36.2,1.806201550387597,10.8,-234,20.866731154238913,-0.08085772314740824,13.2,203.72208436724563,821,829,-223,0,1224,-0.0,0.9777227722772277,395,-28.24,-20.31,2.3029239766081866,-0.3,1.9999999999999996,-31.14,2.231343283582089,61.81,0.6193247962747379,-26.01,10.97,-11.91,-31.05,0.55,2.27,2826.0,0.04922151450813871,6.0,23.183333333333334,2.3086956521739133,0.0,-603.3333333333334,32.92483660130719,-0.012809624911535741,-0.015322009907997168,91.0,656,422,-1.0,-44,214.0,-1.1125,-36.2,0.65,0.07836089144500363,59.17869567317581,59.96,21.29,,0.23430348172125345,79.63333333333333,-0.041989952780388196,-0.04827282958012832,4.894773625249849
2014-06,63.0,677,329,348,109,109,0.0,24.0,34,0.0,1.0,34,845,148,14.0,1.0,117,1,16.0,96,-52,9.0,5.0,7.0,-2.0,280.0,280.0,28,22,0.0,5,1262,22,48,0,1.0,333,316,4.0,13.0,403,429,429.0,429,32,32,864,0.0,0.0,0,0,670,-273,0.0,0,0.0,0.0,0.0,398,1262,146,146,0.0,398,1553.0,6.0,9.0,2.0,9.0,4.0,394.0,316,13,42.0,381.0,3.0,845,18.0,-248,384,140.0,20.0,21.0,17.0,15.0,14.0,38.0,30.0,52.0,-103.0,63.0,-93.7,16.6,16.6,-0.2,106.4,0.0,106.4,36.9,-2.1,-1.1,-28.0,11.0,-6.2,63.3,66.3,-27.4,-27.4,0.0,-105.3,-13.3,136.1,-0.1,-241.3,7.0,-132.7,0.6,0.6,28.8,0.0,0.0,0.0,0.0,28.8,84.5,562.9,1481.6,0.0,562.9,29.4,0.0,-37.0,366.3,329.3,0.0,0.9,36.9,38.9,63.0,166.8,166.8,166.8,58.9,58.9,107.8,116.9,96.7,20.1,35.4,0.6,270.0,0.6,211.2,-44.5,-7.1,-7.1,1.1,0.7,0.5,-6.0,-5.2,-5.2,-49.7,0.7,-50.4,-50.4,0.0,0.0,-50.4,0.0,0.0,-50.4,-50.4,144.5,-0.35,-0.35,0.0,-50.4,144.5,-0.35,-0.35,0.0,0.0,0.8,0.8,0.6,-49.7,0.2,0.7,-50.4,-50.4,-0.35,-0.35,0.5,8.2,7.1,1.0,37.6,37.6,0.0,35.4,8.4,-44.5,-35.8,166.76,,166.76,,107.82,,107.82,,-44.47,,-44.47,,-35.78,,-35.78,,-50.36,,-50.36,,329.28,677.48,1262.24,429.03,398.12,42.06,8.69,16.44,-8.64,25.62,,-0.35,,-0.35,,144.46,,144.46,,,64.66,,64.66,,-21.46,,-21.46,,-26.67,,-26.67,,-29.81,,-29.81,,,,,,-30.2,,-30.2,,0.72,-39.82,-14.7,,145.7,33.99,51.87,107.76,,,,8925.98,,8677.53,0.6,-23.89,-14.36,2.71,-38.91,,,2.1,,2.1,,0.35,,0.35,,5.37,68.16,12.25,29.87,38.3,2826.0,0.19739644970414202,-50.4,166.8,58.9,107.8,-44.5,1.3056994818652847,36.9,-248,22.987516536051665,-0.13260165201946383,38.9,217.0854271356784,864,845,-273,0,1262,-0.0,1.0477386934673367,417,-35.78,-21.46,1.5557142857142856,-0.35,1.1875,-30.2,1.3551401869158881,64.66,0.6320939334637965,-26.67,16.44,-14.7,-39.82,0.6,2.1,2826.0,0.05902335456475584,6.0,27.8,2.6772727272727272,-79.42857142857143,-741.6666666666667,31.537242472266243,-0.015746638358103325,-0.017834394904458598,116.9,677,429,-2.0,-52,204.0,-0.9360655737704918,-44.5,0.8176470588235295,0.06654676258992802,63.31509744877898,61.26,22.68,,0.23747984175049014,90.4,-0.04719014305105983,-0.05441323541354866,3.1574206840733785
2014-09,57.0,646,235,411,111,111,0.0,28.0,36,0.0,1.0,36,821,157,14.0,1.0,122,5,16.0,97,-60,58.0,58.0,63.0,-5.0,238.0,238.0,32,25,0.0,6,1305,11,48,0,1.0,359,338,4.0,17.0,419,436,436.0,436,32,32,887,0.0,0.0,0,0,738,-314,0.0,-6,-6.0,0.0,0.0,417,1305,148,148,0.0,417,2611.0,6.0,58.0,5.0,9.0,4.0,394.0,338,12,42.0,381.0,3.0,821,18.0,-210,301,140.0,20.0,21.0,17.0,15.0,14.0,38.0,30.0,52.0,-103.0,57.0,-134.7,28.7,28.7,-0.2,169.2,0.0,169.2,28.1,-6.9,-2.4,-47.1,3.9,-11.8,92.4,91.3,-45.5,-45.5,0.0,-228.2,-99.8,232.4,-0.1,-360.8,7.0,-273.7,1.2,1.2,53.9,0.0,0.0,0.0,0.0,53.9,84.5,562.9,1481.6,0.0,562.9,55.1,-3.9,-131.2,366.3,235.1,0.0,0.9,28.1,45.8,57.0,178.7,178.7,178.7,66.1,66.1,112.6,106.2,84.0,22.2,39.7,1.2,270.0,1.2,213.2,-34.5,-7.1,-7.1,1.1,0.7,0.5,-6.0,-5.9,-5.9,-40.4,0.6,-41.1,-41.1,0.0,0.0,-41.1,0.0,0.0,-41.1,-41.1,146.3,-0.28,-0.28,0.0,-41.1,146.3,-0.28,-0.28,0.0,0.0,0.8,0.8,1.2,-39.2,0.4,1.0,-40.3,-40.3,-0.28,-0.28,2.8,9.3,7.1,1.0,41.5,41.5,0.0,39.7,8.4,-33.3,-21.2,178.71,,178.71,,112.63,,112.63,,-33.3,,-33.3,,-21.19,,-21.19,,-41.05,,-41.05,,235.09,646.07,1304.61,436.33,417.42,25.0,12.1,18.09,-94.19,6.91,,-0.28,,-0.28,,146.34,,146.34,,,63.02,,63.02,,-11.86,,-11.86,,-18.63,,-18.63,,-22.63,,-22.63,,,,,,-22.97,,-22.97,,0.78,-45.09,-16.88,,148.3,33.45,51.11,104.53,,,,8564.25,,8354.51,0.65,-25.58,-16.56,2.67,-44.25,,,1.96,,1.96,,0.31,,0.31,,6.23,58.73,23.11,15.84,42.89,2826.0,0.2176613885505481,-41.1,178.7,66.1,112.6,-34.5,1.3469387755102042,28.1,-210,25.960080600453004,-0.14118142688997048,45.8,212.20095693779905,887,821,-314,0,1305,-0.0,1.160671462829736,484,-21.19,-11.86,1.8596491228070176,-0.28,1.5454545454545459,-22.97,1.795918367346939,63.02,0.6055705300988319,-18.63,18.09,-16.88,-45.09,0.65,1.96,2826.0,0.06323425336164189,6.0,29.78333333333333,6.009090909090909,-25.89855072463768,-575.0,32.03065134099617,-0.012208067940552018,-0.014543524416135881,106.2,646,436,-5.0,-60,273.0,-0.7133689839572193,-33.3,0.6545787545787546,0.16004476776720758,74.17165885843714,63.51,20.88,,0.2398944229809845,101.63333333333334,-0.051365424106365944,-0.06092397294443864,2.710019240632332
2014-12,63.0,669,252,416,159,159,0.0,36.0,43,0.0,1.0,43,907,171,15.0,1.0,129,10,18.0,104,-67,55.0,55.0,62.0,-8.0,267.0,267.0,37,29,0.0,8,1425,18,59,0,1.0,430,410,8.0,13.0,507,443,443.0,443,46,46,996,0.0,0.0,0,0,799,-359,-1.0,-11,-11.0,0.0,0.0,429,1425,150,150,0.0,429,2826.0,6.0,55.0,8.0,9.0,4.0,394.0,410,13,42.0,381.0,3.0,907,18.0,-225,319,140.0,20.0,21.0,17.0,15.0,14.0,38.0,30.0,52.0,-103.0,63.0,-179.4,42.1,42.1,-1.2,236.2,0.0,236.2,41.2,-56.8,-5.5,-73.8,10.2,-1.3,168.4,138.9,-54.4,-54.4,0.0,-262.5,-99.8,358.7,-0.1,-521.4,7.0,-316.9,2.0,2.0,68.7,0.0,0.0,0.0,0.0,68.7,0.0,0.0,1481.6,0.0,0.0,70.8,-6.6,-113.8,366.3,252.5,0.0,0.9,41.2,84.5,63.0,198.0,198.0,198.0,70.6,70.6,127.4,122.0,96.6,25.4,42.0,0.0,270.0,0.0,234.7,-36.7,-7.1,-7.1,1.1,0.7,0.5,-6.0,-6.6,-6.6,-43.2,1.4,-44.7,-44.7,0.0,0.0,-44.7,0.0,0.0,-44.7,-44.7,148.7,-0.3,-0.3,0.0,-44.7,148.7,-0.3,-0.3,0.0,0.0,0.8,0.8,0.0,-43.2,0.0,1.4,-44.7,-44.7,-0.3,-0.3,3.1,10.3,7.1,1.0,46.0,42.1,0.0,42.0,8.4,-36.7,-23.3,198.0,,198.0,,127.37,,127.37,,-36.68,,-36.68,,-23.28,,-23.28,,-44.66,,-44.66,,252.46,668.79,1424.75,443.44,428.68,47.62,13.33,8.88,17.37,38.74,,-0.3,,-0.3,,148.7,,148.7,,,64.32,,64.32,,-11.76,,-11.76,,-18.53,,-18.53,,-21.84,,-21.84,,,,,,-22.56,,-22.56,,0.86,-43.6,-13.84,,149.51,31.12,50.85,103.44,,,,10062.16,,9836.8,0.53,-25.72,-13.54,3.15,-42.66,,,1.79,,1.79,,0.28,,0.28,,5.1,71.72,19.72,18.56,53.16,2826.0,0.21830209481808158,-44.7,198.0,70.6,127.4,-36.7,0.891752577319588,41.2,-225,24.0476805220493,0.2953014961650371,84.5,232.16783216783216,996,907,-359,0,1425,-0.0,1.2074592074592074,518,-23.28,-11.76,1.0208333333333335,-0.3,0.7647058823529409,-22.56,0.8471074380165291,64.32,0.5814696485623003,-18.53,8.88,-13.84,-43.6,0.53,1.79,2826.0,0.07006369426751592,6.0,33.0,3.922222222222222,-3.4859154929577465,-611.6666666666667,30.105263157894736,-0.012986553432413306,-0.015817409766454352,122.0,669,443,-8.0,-67,278.0,-0.6138492871690427,-36.7,0.7122302158273381,0.1555555555555556,69.37763916583154,60.925,23.66,,0.24154281670205235,113.76666666666667,-0.05375088464260439,-0.063517338995046,2.8344560292296226
2015-03,69.0,745,308,437,143,143,0.0,54.0,42,0.0,1.0,42,984,188,23.0,1.0,143,4,19.0,115,-73,55.0,50.0,60.0,-10.0,254.0,254.0,36,28,0.0,8,1494,18,46,0,1.0,476,451,7.0,18.0,541,451,451.0,451,46,46,1039,0.0,0.0,0,0,887,-417,0.0,-15,-15.0,0.0,0.0,455,1494,154,154,0.0,455,2826.0,6.0,55.0,10.0,9.0,4.0,394.0,451,13,42.0,381.0,3.0,984,18.0,-294,350,140.0,20.0,21.0,17.0,15.0,14.0,38.0,30.0,52.0,-103.0,69.0,-58.1,13.8,13.8,-1.2,81.1,0.0,81.1,30.5,10.4,-18.9,-15.4,0.0,-1.5,55.9,67.4,-26.7,-26.7,0.0,-7.6,-1.1,125.8,0.0,-132.4,7.0,-34.3,0.0,0.0,29.7,0.0,0.0,0.0,0.0,29.7,0.0,0.0,1481.6,0.0,0.0,29.7,-7.2,55.5,252.5,308.0,0.0,0.9,30.5,40.7,69.0,212.0,212.0,212.0,76.9,76.9,135.1,139.4,107.4,32.1,49.8,0.0,270.0,0.0,266.2,-54.2,-7.6,-7.6,4.8,0.9,3.8,-2.8,-0.1,-0.1,-57.1,1.0,-58.1,-58.1,0.0,0.0,-58.1,0.0,0.0,-58.1,-58.1,151.6,-0.38,-0.38,0.0,-58.1,151.6,-0.38,-0.38,0.0,0.0,0.8,0.8,0.0,-57.1,0.0,1.0,-58.1,-58.1,-0.38,-0.38,3.0,10.8,7.6,1.0,58.1,58.1,0.0,49.8,8.4,-54.2,-40.4,211.96,,211.96,,135.07,,135.07,,-54.23,,-54.23,,-40.41,,-40.41,,-58.09,,-58.09,,307.98,745.01,1493.64,451.32,454.91,67.37,13.82,26.7,55.53,40.67,,-0.38,,-0.38,,151.6,,151.6,,,63.72,,63.72,,-19.06,,-19.06,,-25.59,,-25.59,,-26.94,,-26.94,,,,,,-27.41,,-27.41,,0.96,-45.23,-14.29,,153.8,30.22,49.8,99.21,-7.16,,,11856.39,,11562.7,0.56,-25.22,-14.02,3.17,-44.37,,,1.82,,1.82,,0.3,,0.3,,6.03,60.72,13.34,27.43,33.29,3686.0,0.21544715447154472,-58.1,212.0,76.9,135.1,-54.2,0.49723756906077354,30.5,-294,24.785037710967703,0.18777768917259552,40.7,228.35164835164835,1039,984,-417,0,1494,-0.0,1.120879120879121,510,-40.41,-19.06,0.4309490084985834,-0.38,0.26666666666666683,-27.41,0.34180138568129337,63.72,0.5240833932422717,-25.59,26.7,-14.29,-45.23,0.56,1.82,3686.0,0.05751492132392838,6.0,35.333333333333336,4.272222222222222,20.384615384615383,-1935.7142857142858,30.455153949129855,-0.014704286489419426,-0.015762344004340748,139.4,745,451,-10.0,-73,244.0,-0.7366812227074235,-54.2,0.8688524590163934,0.1306603773584905,74.38781107183578,77.555,26.63,,0.24983622351784202,125.91666666666669,-0.05564554622048807,-0.06395767309138958,3.053308488246016
2015-06,76.0,723,325,397,143,143,0.0,44.0,44,0.0,1.0,44,954,207,24.0,1.0,157,7,20.0,125,-82,57.0,47.0,61.0,-13.0,333.0,333.0,46,28,0.0,18,1563,21,57,0,1.0,513,488,7.0,19.0,592,459,459.0,459,50,50,1100,0.0,0.0,0,0,954,-479,-1.0,-12,-12.0,0.0,0.0,463,1563,156,156,0.0,463,2826.0,6.0,57.0,13.0,9.0,4.0,394.0,488,15,42.0,381.0,3.0,954,18.0,-264,358,2.0,2.0,21.0,17.0,15.0,14.0,38.0,30.0,0.0,-103.0,76.0,-120.0,28.9,28.9,0.0,170.4,0.0,170.4,68.4,11.3,-8.0,-32.8,1.6,5.7,90.6,147.6,-41.8,-41.8,0.0,-57.5,-1.1,285.0,0.1,-341.5,7.0,-99.3,-12.4,-12.4,41.7,0.0,0.0,0.0,0.0,41.7,0.0,0.0,1481.6,0.0,0.0,29.2,-4.6,72.9,252.5,325.4,0.0,0.9,68.4,105.7,76.0,246.7,246.7,246.7,79.7,79.7,167.0,167.0,130.4,36.6,53.3,0.0,270.0,0.0,300.0,-53.2,-7.7,-7.7,4.8,0.9,3.8,-7.7,0.5,0.5,-60.4,1.5,-61.9,-61.9,0.0,0.0,-61.9,0.0,0.0,-61.9,-61.9,154.5,-0.4,-0.4,0.0,-61.9,154.5,-0.4,-0.4,0.0,0.0,0.8,0.8,0.0,-60.4,0.0,1.5,-61.9,-61.9,-0.4,-0.4,2.9,12.1,7.7,1.0,66.3,66.3,0.0,53.3,8.4,-53.2,-38.2,246.72,,246.72,,167.0,,167.0,,-53.23,,-53.23,,-38.2,,-38.2,,-61.92,,-61.92,,325.35,722.52,1563.31,459.01,463.11,80.19,15.03,15.12,17.37,65.06,,-0.4,,-0.4,,154.47,,154.47,,,67.69,,67.69,,-15.48,,-15.48,,-21.58,,-21.58,,-24.49,,-24.49,,,,,,-25.1,,-25.1,,1.36,-47.78,-14.56,,156.1,29.36,49.78,99.11,-6.91,,,11428.88,,11165.37,0.59,-24.09,-14.24,3.28,-46.73,,,1.61,,1.61,,0.23,,0.23,,6.62,55.3,13.51,27.09,28.21,3686.0,0.2585953878406708,-61.9,246.7,79.7,167.0,-53.2,0.19550561797752808,68.4,-264,27.45640567508222,0.19440504292936245,105.7,237.58099352051838,1100,954,-479,0,1563,-0.0,1.3153347732181426,609,-38.2,-15.48,0.06763555058692017,-0.4,0.14285714285714302,-25.1,0.22817460317460325,67.69,0.4790167865707433,-21.58,15.12,-14.56,-47.78,0.59,1.61,3686.0,0.06692892023874118,6.0,41.11666666666667,3.7952380952380955,21.831858407079643,-690.9090909090909,29.62252079334613,-0.01443298969072165,-0.016793271839392294,167.0,723,459,-13.0,-82,294.0,-0.7124497991967872,-53.2,0.8391156462585033,0.14835832995541143,82.28036134345028,72.86,25.05,,0.25774178919182733,139.23333333333335,-0.0543318975531064,-0.06291655002632328,3.0747770756809896
2015-09,91.0,729,349,380,160,160,0.0,45.0,48,0.0,1.0,48,982,223,23.0,1.0,163,16,20.0,133,-90,56.0,45.0,61.0,-16.0,401.0,401.0,48,30,0.0,18,1663,31,58,0,1.0,546,519,7.0,20.0,635,467,467.0,467,44,44,1146,0.0,0.0,0,0,1051,-520,-1.0,-14,-14.0,0.0,0.0,517,1663,159,159,0.0,517,3402.0,6.0,56.0,16.0,9.0,4.0,394.0,519,9,42.0,381.0,3.0,982,18.0,-262,417,2.0,2.0,21.0,17.0,15.0,14.0,38.0,30.0,0.0,-103.0,91.0,-161.0,44.0,44.0,0.0,260.7,0.0,260.7,67.6,-5.3,-8.9,-54.2,8.3,11.9,115.8,211.2,-62.6,-62.6,0.0,-108.4,-1.1,446.3,-0.4,-553.2,7.0,-171.0,-12.6,-12.6,73.3,0.0,0.0,0.0,0.0,73.3,0.0,-0.1,1481.6,-0.1,-0.1,60.6,-4.2,96.6,252.5,349.1,0.0,0.9,67.6,148.6,91.0,261.2,261.2,261.2,81.9,81.9,179.3,151.5,116.3,35.2,55.8,0.0,270.0,0.0,289.2,-28.0,-7.7,-7.7,4.8,0.9,3.8,-7.7,-11.8,-11.8,-39.8,1.2,-41.0,-41.0,0.0,0.0,-41.0,0.0,0.0,-41.0,-41.0,156.9,-0.26,-0.26,0.0,-41.0,156.9,-0.26,-0.26,0.0,0.0,0.8,0.8,0.0,-39.8,0.0,1.2,-41.0,-41.0,-0.26,-0.26,2.9,12.2,7.7,1.0,65.1,65.1,0.0,55.8,8.4,-28.0,-12.9,261.15,,261.15,,179.26,,179.26,,-28.04,,-28.04,,-12.94,,-12.94,,-41.03,,-41.03,,349.07,728.95,1662.89,466.83,516.93,63.65,15.1,20.77,23.72,42.88,,-0.26,,-0.26,,156.93,,156.93,,,68.64,,68.64,,-4.96,,-4.96,,-10.74,,-10.74,,-15.25,,-15.25,,,,,,-15.71,,-15.71,,1.76,-44.03,-13.86,,159.0,28.07,47.45,90.31,,,,10841.15,,10579.03,0.62,-21.86,-13.52,3.18,-42.94,,,1.55,,1.55,,0.21,,0.21,,6.78,54.02,14.7,24.9,29.12,3686.0,0.2659877800407332,-41.0,261.2,81.9,179.3,-28.0,-0.18840579710144922,67.6,-262,18.503301376460833,-0.2872402185015578,148.6,221.6634429400387,1146,982,-520,0,1663,-0.0,1.3172147001934236,681,-12.94,-4.96,-0.38933459178857954,-0.26,-0.07142857142857151,-15.71,-0.0024330900243308973,68.64,0.46166759932848356,-10.74,20.77,-13.86,-44.03,0.62,1.55,3686.0,0.07086272381985892,6.0,43.53333333333333,2.641935483870968,-49.283018867924525,-363.6363636363636,31.08839446782922,-0.007596310363537711,-0.01112316874660879,151.5,729,467,-16.0,-90,361.0,-0.5429022082018928,-28.0,0.7235457063711911,0.24119448698315474,60.97008802823614,86.94999999999999,21.36,,0.26537025965004435,152.98333333333335,-0.04972013997609209,-0.059496194356796185,3.143744027473426
2015-12,93.0,801,412,389,203,203,0.0,29.0,52,0.0,1.0,52,1086,246,38.0,1.0,180,2,26.0,145,-101,56.0,43.0,62.0,-19.0,423.0,423.0,55,33,0.0,22,1807,37,72,0,1.0,623,593,9.0,20.0,732,475,475.0,475,34,34,1240,0.0,0.0,0,0,1141,-557,-2.0,-14,-14.0,0.0,0.0,567,1807,161,161,0.0,567,3686.0,6.0,56.0,19.0,9.0,4.0,394.0,593,11,42.0,381.0,3.0,1086,18.0,-327,468,317.0,42.0,36.0,35.0,32.0,30.0,71.0,62.0,141.0,-103.0,93.0,-198.4,60.4,60.4,-1.3,352.5,0.0,352.5,101.9,-50.9,-11.0,-80.1,14.8,33.2,195.9,315.1,-89.2,-87.5,-1.8,-142.5,-1.1,582.1,-0.2,-723.3,7.0,-231.7,-10.1,-10.1,93.3,0.0,0.0,0.0,0.0,93.3,0.0,-0.2,1481.6,-0.2,-0.2,83.0,-6.5,159.9,252.5,412.3,0.0,3.6,101.9,225.9,93.0,285.7,285.7,285.7,90.9,90.9,194.7,166.0,129.1,36.8,58.4,1.2,270.0,1.2,316.5,-30.9,-7.7,-7.7,4.8,0.9,3.8,-7.7,-4.8,-4.8,-35.7,1.7,-37.4,-37.4,0.0,0.0,-37.4,0.0,0.0,-37.4,-37.4,159.8,-0.23,-0.23,0.0,-37.4,159.8,-0.23,-0.23,0.0,0.0,0.8,0.8,1.2,-34.5,0.4,2.1,-36.6,-36.6,-0.23,-0.23,3.0,13.4,7.7,1.0,65.1,61.7,0.0,58.4,8.4,-29.7,-13.3,285.65,,285.65,,194.74,,194.74,,-29.66,,-29.66,,-13.26,,-13.26,,-37.38,,-37.38,,412.31,801.25,1807.05,474.53,566.81,105.07,16.4,26.64,63.23,78.43,,-0.23,,-0.23,,159.77,,159.77,,,68.17,,68.17,,-4.64,,-4.64,,-10.38,,-10.38,,-12.48,,-12.48,,,,,,-13.09,,-13.09,,1.68,-39.87,-12.28,,160.79,26.26,45.57,83.72,,,,13763.04,,13436.32,0.62,-19.2,-11.94,3.25,-38.78,,,1.48,,1.48,,0.2,,0.2,,5.55,65.98,11.94,30.66,35.31,3686.0,0.2630755064456722,-37.4,285.7,90.9,194.7,-30.9,-0.1580381471389647,101.9,-327,19.552992484479507,-0.1869073415811815,225.9,218.69488536155202,1240,1086,-557,0,1807,-0.0,1.271604938271605,721,-13.26,-4.64,-0.43041237113402064,-0.23,-0.23333333333333328,-13.09,-0.16331096196868022,68.17,0.44292929292929295,-10.38,26.64,-12.28,-39.87,0.62,1.48,3686.0,0.07750949538795442,6.0,47.61666666666667,2.4567567567567568,-5.6129666011787815,-401.2987012987013,31.37797454344217,-0.008383071079761259,-0.010146500271296799,166.0,801,475,-19.0,-101,361.0,-0.5167449139280125,-29.7,0.7914127423822714,0.2296114805740287,69.37763916583154,60.925,24.55,,0.27281606077048287,167.6,-0.04511665762344005,-0.05382528486163862,3.2229265540283594
2016-03,93.0,901,453,447,190,190,0.0,47.0,56,0.0,1.0,56,1193,268,40.0,1.0,197,3,28.0,154,-113,57.0,46.0,67.0,-21.0,362.0,362.0,61,36,0.0,25,1874,40,318,0,1.0,690,672,8.0,10.0,1048,483,483.0,483,41,41,1572,0.0,0.0,0,0,1207,-890,-1.0,-14,-14.0,0.0,0.0,302,1874,163,163,0.0,302,3991.0,6.0,57.0,21.0,9.0,4.0,394.0,672,10,42.0,381.0,3.0,1193,18.0,-418,199,317.0,42.0,36.0,35.0,32.0,30.0,71.0,62.0,141.0,-103.0,93.0,-333.3,17.5,17.5,-1.3,102.6,0.0,102.6,292.0,15.8,-19.8,-24.0,3.4,245.7,70.8,78.7,-34.8,-29.1,-5.8,3.4,-0.5,184.7,-0.5,-180.4,7.0,-31.4,-28.5,-28.5,19.9,0.0,0.0,0.0,0.0,19.9,0.0,-0.1,1481.6,-0.1,-0.1,-8.7,2.6,41.1,412.3,453.5,0.0,3.6,292.0,43.9,93.0,305.9,305.9,305.9,94.3,94.3,211.6,199.8,158.4,41.4,65.9,270.0,270.0,1.2,630.0,-324.2,-8.1,-8.1,0.5,1.8,-1.3,-7.6,0.2,0.2,-331.6,1.8,-333.3,-333.3,0.0,0.0,-333.3,0.0,0.0,-333.3,-333.3,162.1,-2.06,-2.06,0.0,-333.3,162.1,-2.06,-2.06,0.0,0.0,0.8,0.8,270.0,-61.6,94.5,96.3,-157.8,-157.8,-0.97,-0.97,2.9,14.6,8.1,1.0,65.1,75.3,0.0,65.9,8.4,-54.2,-36.7,305.88,,305.88,,211.62,,211.62,,-54.15,,-54.15,,-36.65,,-36.65,,-333.33,,-333.33,,453.45,900.87,1874.04,482.64,302.36,78.69,17.45,34.83,41.15,43.86,,-2.06,,-2.06,,162.07,,162.07,,,69.18,,69.18,,-11.98,,-11.98,,-17.7,,-17.7,,-108.4,,-108.4,,,,,,-108.98,,-108.98,,2.36,-125.1,-28.13,,162.8,25.75,61.48,159.63,-6.68,,,9874.45,,9456.22,0.65,-42.52,-27.76,4.45,-123.46,,,1.14,,1.14,,0.08,,0.08,,6.6,55.43,12.0,30.51,24.92,4801.0,0.25641240569991613,-333.3,305.9,94.3,211.6,-324.2,4.981549815498155,292.0,-418,39.69364797543789,0.6015165455194338,43.9,520.5298013245033,1572,1193,-890,0,1874,-0.0,2.2549668874172184,681,-36.65,-11.98,-0.09304627567433799,-2.06,4.421052631578948,-108.98,4.736660929432014,69.18,0.4429245283018868,-17.7,34.83,-28.13,-125.1,0.65,1.14,4801.0,0.06371589252239117,6.0,50.98333333333333,2.3575,19.360759493670884,-4265.78947368421,16.115261472785487,-0.06752759841699646,-0.06942303686731931,199.8,901,483,-21.0,-113,18.0,-1.2603053435114506,-54.2,16.994444444444444,0.17391304347826084,73.95115168773746,73.075,32.94,,0.2790170319689457,183.25,-0.09793996955101708,-0.10748597772461718,19.34851853945641
2016-06,61.0,807,289,518,197,197,0.0,37.0,57,0.0,1.0,57,1098,293,40.0,1.0,222,3,29.0,167,-127,83.0,65.0,90.0,-25.0,224.0,224.0,77,40,0.0,38,1714,41,79,0,1.0,732,698,10.0,24.0,852,491,491.0,491,47,47,1390,0.0,0.0,0,0,1269,-929,0.0,-16,-16.0,0.0,0.0,324,1714,164,164,0.0,324,4241.0,6.0,83.0,25.0,9.0,4.0,394.0,698,15,42.0,381.0,3.0,1098,18.0,-316,176,317.0,42.0,36.0,35.0,32.0,30.0,71.0,62.0,141.0,-103.0,61.0,-383.0,37.5,37.5,-6.4,210.0,0.0,210.0,72.4,7.0,-10.0,-48.4,-0.3,19.7,104.4,-69.5,-63.7,-52.9,-10.8,36.1,-34.3,251.4,-0.6,-180.4,7.0,-27.5,-59.8,-59.8,34.2,0.0,0.0,0.0,0.0,34.2,0.0,-0.2,1481.6,-0.2,-0.2,-25.9,-0.3,-123.2,412.3,289.1,0.0,3.6,72.4,-133.2,61.0,341.3,341.3,341.3,96.6,96.6,244.7,222.6,178.6,43.9,70.4,0.0,0.0,1.2,389.6,-48.3,-8.2,-8.2,2.3,2.0,0.4,-5.9,-0.1,-0.1,-54.3,-4.6,-49.6,-49.6,0.0,0.0,-49.6,0.0,0.0,-49.6,-49.6,163.8,-0.3,-0.3,0.0,-49.6,163.8,-0.3,-0.3,0.0,0.0,0.8,0.8,0.0,-54.3,0.0,-4.6,-49.6,-49.6,-0.3,-0.3,3.7,16.3,8.2,1.0,65.1,71.9,0.0,70.4,8.4,-48.3,-28.3,341.31,,341.31,,244.66,,244.66,,-48.28,,-48.28,,-28.28,,-28.28,,-49.62,,-49.62,,289.11,806.71,1714.34,490.89,324.28,-148.17,20.0,28.85,-164.34,-177.02,,-0.3,,-0.3,,163.84,,163.84,,,71.68,,71.68,,-8.29,,-8.29,,-14.14,,-14.14,,-15.9,,-15.9,,,,,,-14.54,,-14.54,,-0.12,-117.19,-28.15,,164.5,28.63,60.22,151.38,-5.85,,,10922.8,,10606.98,0.73,-38.64,-28.15,4.16,-117.17,,,1.29,,1.29,,0.14,,0.14,,7.01,52.19,11.72,31.23,20.96,4801.0,0.3108378870673953,-49.6,341.3,96.6,244.7,-48.3,-0.0921052631578948,72.4,-316,41.08108829870105,0.4962296516467839,-133.2,429.01234567901236,1390,1098,-929,0,1714,-0.0,1.9012345679012346,616,-28.28,-8.29,-0.25968586387434556,-0.3,-0.2500000000000001,-14.54,-0.19870759289176088,71.68,0.3834616943656264,-14.14,28.85,-28.15,-117.19,0.73,1.29,4801.0,0.07108935638408666,6.0,56.88333333333333,2.3560975609756096,48.75714285714286,-818.64406779661,18.903150525087515,-0.010060404082482816,-0.01033118100395751,222.6,807,491,-25.0,-127,160.0,-0.705726872246696,-48.3,2.133125,0.19367125695868734,81.25929553589218,76.75,33.68,,0.2831774681142911,199.01666666666665,-0.09356738394277825,-0.1010238868891824,20.642527893197908
2016-09,74.0,807,325,482,220,220,0.0,37.0,63,0.0,1.0,63,1127,316,42.0,1.0,239,5,30.0,176,-140,84.0,61.0,90.0,-29.0,281.0,281.0,84,45,0.0,39,1813,30,91,0,1.0,778,744,11.0,23.0,898,499,499.0,499,53,53,1451,0.0,0.0,0,0,1344,-965,-1.0,-16,-16.0,0.0,0.0,363,1813,166,166,0.0,363,4501.0,6.0,84.0,29.0,9.0,4.0,394.0,744,18,42.0,381.0,3.0,1127,18.0,-308,217,317.0,42.0,36.0,35.0,32.0,30.0,71.0,62.0,141.0,-103.0,74.0,-419.2,59.7,59.7,-5.1,319.8,0.0,319.8,72.0,-15.8,-11.7,-79.2,-8.6,36.3,151.0,27.2,-94.9,-84.1,-10.8,15.7,-34.3,484.7,-0.3,-434.4,7.0,-79.1,-88.6,-88.6,55.1,0.0,0.0,0.0,0.0,55.1,0.0,-1.4,1481.6,-1.4,-1.4,-34.9,-0.5,-87.2,412.3,325.1,0.0,3.6,72.0,-67.6,74.0,357.7,357.7,357.7,102.8,102.8,254.8,206.6,161.2,45.4,75.0,0.0,0.0,1.2,384.4,-26.8,-8.4,-8.4,1.7,2.0,-0.3,-6.6,0.0,0.0,-33.4,2.9,-36.3,-36.3,0.0,0.0,-36.3,0.0,0.0,-36.3,-36.3,165.4,-0.22,-0.22,0.0,-36.3,165.4,-0.22,-0.22,0.0,0.0,0.8,0.8,0.0,-33.4,0.0,2.9,-36.3,-36.3,-0.22,-0.22,4.3,18.0,8.4,1.0,65.1,73.9,0.0,75.0,8.4,-26.8,-4.5,357.66,,357.66,,254.82,,254.82,,-26.77,,-26.77,,-4.51,,-4.51,,-36.26,,-36.26,,325.07,806.88,1813.11,499.28,362.5,96.72,22.26,31.18,35.95,65.54,,-0.22,,-0.22,,165.38,,165.38,,,71.25,,71.25,,-1.26,,-1.26,,-7.49,,-7.49,,-9.33,,-9.33,,,,,,-10.14,,-10.14,,0.07,-103.84,-26.27,,166.01,27.54,57.94,137.73,-3.19,,,13020.18,,12712.58,0.74,-35.25,-26.17,3.95,-103.44,,,1.25,,1.25,,0.13,,0.13,,6.79,53.87,12.68,28.86,25.0,4801.0,0.3173913043478261,-36.3,357.7,102.8,254.8,-26.8,-0.042857142857142816,72.0,-308,39.88669680005563,1.1556529825968194,-67.6,400.82872928176795,1451,1127,-965,0,1813,-0.0,1.8898071625344353,686,-4.51,-1.26,-0.651468315301391,-0.22,-0.15384615384615385,-10.14,-0.11463414634146352,71.25,0.369448698315467,-7.49,31.18,-26.27,-103.84,0.74,1.25,4801.0,0.0745053113934597,6.0,59.61666666666667,3.4266666666666667,-22.639240506329113,-406.06060606060606,19.966905681191395,-0.00558217038117059,-0.007560924807331806,206.6,807,499,-29.0,-140,223.0,-0.5445205479452054,-26.8,1.6040358744394618,0.2616717920044731,87.29736542696577,77.86,36.25,,0.28682005568789193,215.10000000000002,-0.09155324396041112,-0.09746164294990542,21.52301806126618
2016-12,82.0,899,401,498,323,323,0.0,44.0,77,0.0,1.0,77,1343,332,43.0,1.0,255,3,32.0,182,-151,83.0,66.0,99.0,-33.0,263.0,263.0,99,62,0.0,37,2034,38,127,0,1.0,907,862,19.0,25.0,1071,508,508.0,508,67,67,1647,0.0,0.0,0,0,1405,-997,-2.0,-19,-19.0,0.0,0.0,387,2034,167,167,0.0,387,4801.0,6.0,83.0,33.0,9.0,4.0,394.0,862,33,42.0,381.0,3.0,1343,18.0,-392,239,298.0,34.0,36.0,36.0,35.0,35.0,72.0,70.0,123.0,-103.0,82.0,-414.2,83.1,83.1,-0.7,424.3,0.0,424.3,66.6,-126.4,-24.2,-151.9,-3.6,87.6,285.1,159.1,-124.3,-105.6,-18.8,16.1,-34.3,569.5,-0.3,-519.2,7.0,-108.2,-119.9,-119.9,66.4,0.0,0.0,0.0,0.0,66.4,0.0,-2.2,1481.6,-2.2,-2.2,-55.8,-5.9,-10.9,412.8,401.9,0.0,4.3,66.6,34.8,82.0,386.1,386.1,386.1,105.2,105.2,280.9,189.9,139.7,50.2,73.9,0.0,0.0,1.2,369.1,17.0,-8.5,-8.5,1.7,2.0,-0.3,-8.5,0.3,0.3,8.8,3.8,5.0,5.0,0.0,0.0,5.0,0.0,0.0,5.0,5.0,166.8,0.03,0.03,0.0,5.0,166.8,0.03,0.03,0.0,0.0,0.8,0.8,0.0,8.8,0.0,3.8,5.0,5.0,0.03,0.03,4.2,19.2,8.5,1.0,65.1,76.7,0.0,73.9,8.4,17.0,40.4,386.14,,386.14,,280.89,,280.89,,17.04,,17.04,,40.4,,40.4,,4.97,,4.97,,401.24,899.36,2033.77,507.81,386.96,131.85,23.37,29.45,76.38,102.4,,0.03,,0.03,,166.83,,166.83,,,72.74,,72.74,,10.46,,10.46,,4.41,,4.41,,2.28,,2.28,,43.48,,43.48,,1.29,,1.29,,0.28,-86.87,-21.57,,167.43,24.97,56.75,131.23,2.0,1.0,0.0,12228.93,,11837.38,0.72,-29.51,-21.37,4.03,-86.06,,,1.25,,1.25,,0.13,,0.13,,5.29,69.21,10.58,34.6,34.61,4801.0,0.28749069247952347,5.0,386.1,105.2,280.9,17.0,-1.5501618122977345,66.6,-392,43.00870710057115,1.199597178524463,34.8,425.5813953488372,1647,1343,-997,0,2034,0.0,1.7855297157622738,691,40.4,10.46,-4.046757164404223,0.03,-1.1304347826086956,1.29,-1.1336898395721926,72.74,0.3514175708785441,4.41,29.45,-21.57,-86.87,0.72,1.25,4801.0,0.08042074567798375,6.0,64.35000000000001,2.768421052631579,-3.054588607594937,200.0,19.02654867256637,0.003540928973130598,0.0010414496979795876,189.9,899,508,-33.0,-151,180.0,-0.41515711645101666,17.0,2.145,0.3657083657083657,99.786388776505,87.29,32.17,,0.28973130597792124,231.83333333333334,-0.07962924390751927,-0.08627369298062904,22.876605318883904
2017-03,85.0,975,440,535,278,278,0.0,64.0,79,0.0,1.0,79,1396,357,44.0,1.0,275,3,34.0,190,-167,97.0,68.0,105.0,-38.0,326.0,326.0,93,62,0.0,32,2170,34,101,0,1.0,1005,962,19.0,24.0,1140,516,516.0,516,87,87,1743,0.0,0.0,0,0,1477,-1038,6.0,-17,-17.0,0.0,0.0,427,2170,170,170,0.0,427,5223.0,6.0,97.0,38.0,9.0,4.0,394.0,962,50,42.0,381.0,3.0,1396,18.0,-459,263,298.0,34.0,36.0,36.0,35.0,35.0,72.0,70.0,123.0,-103.0,85.0,-21.5,25.2,25.2,-3.3,119.3,0.0,119.3,67.9,48.5,-16.5,-31.0,0.7,-18.8,84.9,187.6,-33.2,-33.2,0.0,-94.6,-15.0,144.1,-0.3,-223.6,7.0,-127.8,-53.0,-53.0,34.8,0.0,0.0,0.0,0.0,34.8,0.0,-1.4,1481.6,-1.4,-1.4,-19.6,-0.8,39.4,401.9,441.3,0.0,4.3,67.9,154.4,85.0,428.8,428.8,428.8,116.1,116.1,312.7,250.0,196.7,53.3,84.5,0.0,0.0,1.2,450.6,-21.8,-8.7,-8.7,7.8,2.7,5.0,-0.9,0.0,0.0,-22.7,-1.2,-21.5,-21.5,0.0,0.0,-21.5,0.0,0.0,-21.5,-21.5,168.7,-0.13,-0.13,0.0,-21.5,168.7,-0.13,-0.13,0.0,0.0,0.8,0.8,0.0,-22.7,0.0,-1.2,-21.5,-21.5,-0.13,-0.13,4.7,20.5,8.7,1.0,65.1,89.9,0.0,84.5,8.4,-21.8,3.4,428.77,,428.77,,312.69,,312.69,,-21.79,,-21.79,,3.43,,3.43,,-21.51,,-21.51,,439.92,975.31,2170.26,516.49,427.34,187.61,25.23,33.19,39.37,154.42,,-0.13,,-0.13,,168.74,,168.74,,,72.93,,72.93,,0.8,,0.8,,-5.08,,-5.08,,-5.3,,-5.3,,,,,,-5.02,,-5.02,,1.0,-28.08,-5.07,,169.72,23.8,54.72,120.86,-2.51,,,14388.82,,13929.99,0.75,-6.71,-5.02,5.54,-27.85,,,1.22,,1.22,,0.12,,0.12,,6.46,56.62,11.49,31.87,24.75,6222.0,0.307163323782235,-21.5,428.8,116.1,312.7,-21.8,-0.932757557063541,67.9,-459,43.82605616596345,0.1041075436826231,154.4,408.1967213114754,1743,1396,-1038,0,2170,-0.0,1.8126463700234192,774,3.43,0.8,-1.093587994542974,-0.13,-0.9368932038834952,-5.02,-0.9354935493549354,72.93,0.40176528277214785,-5.08,33.19,-5.07,-28.08,0.75,1.22,6222.0,0.06891674702667952,6.0,71.46666666666667,3.414705882352941,8.841237113402062,-2422.222222222222,19.67741935483871,-0.0035036965605914497,-0.0034554805528768883,250.0,975,516,-38.0,-167,173.0,-0.8366492146596859,-21.8,2.478612716763006,0.27052238805970147,110.92902183086186,106.255,34.74,1266.36,0.2949321604822096,252.3166666666667,-0.015605342051114258,-0.020306136666186615,8.360773591202468
2017-06,87.0,1692,1173,519,279,279,0.0,55.0,85,0.0,1.0,85,2111,402,47.0,1.0,313,8,35.0,214,-189,104.0,73.0,116.0,-43.0,320.0,320.0,103,68,0.0,35,2924,24,121,0,1.0,1072,1019,17.0,36.0,1217,1140,1140.0,1140,85,85,2442,0.0,0.0,0,0,1578,-1095,6.0,-7,-7.0,0.0,0.0,482,2924,171,171,0.0,482,5571.0,6.0,104.0,43.0,9.0,4.0,394.0,1019,47,42.0,381.0,3.0,2111,18.0,-552,305,364.0,19.0,43.0,45.0,45.0,44.0,89.0,89.0,167.0,-103.0,87.0,-97.1,52.4,52.4,-4.8,256.6,0.0,256.6,109.0,51.0,-11.9,-61.3,-7.9,-6.6,145.7,316.1,-75.3,-69.1,-6.2,-81.0,-21.5,299.9,-0.8,-358.6,7.0,-156.3,-215.4,-215.4,40.0,0.0,-55.0,-55.0,0.0,40.9,54.1,769.6,1481.6,-2.6,769.6,594.2,18.2,772.2,401.2,1173.5,0.0,4.3,109.0,240.9,87.0,448.3,448.3,448.3,122.1,122.1,326.1,273.9,215.1,58.8,90.0,0.0,0.0,1.2,486.1,-37.8,-11.3,-11.3,-8.4,3.4,-11.8,-19.8,0.0,0.0,-57.6,-1.8,-55.8,-55.8,0.0,0.0,-55.8,0.0,0.0,-55.8,-55.8,175.4,-0.32,-0.32,0.0,-55.8,175.4,-0.32,-0.32,0.0,0.0,0.8,0.8,0.0,-57.6,0.0,-1.8,-55.8,-55.8,-0.32,-0.32,4.8,22.4,11.3,1.0,65.1,98.1,0.0,90.0,8.4,-37.8,-10.6,471.7,,471.7,,350.02,,350.02,,-38.74,,-38.74,,-11.56,,-11.56,,-56.47,,-56.47,,1173.46,1692.18,2924.41,1140.06,482.43,128.73,27.18,42.09,733.54,86.64,,-0.33,,-0.33,,170.42,,170.42,,,74.2,,74.2,,-2.45,,-2.45,,-8.21,,-8.21,,-12.28,,-12.28,,,,,,-11.97,,-11.97,,2.3,-31.84,-5.54,,170.71,38.98,70.27,236.32,-3.42,,,18007.24,,17455.13,0.7,-7.72,-5.43,5.75,-31.23,,,1.73,,1.73,,0.31,,0.31,,6.85,53.41,13.61,26.89,26.52,6222.0,0.2123638086215064,-55.8,448.3,122.1,326.1,-37.8,-0.21739130434782605,109.0,-552,45.136141119679785,0.09870850527362873,240.9,506.63900414937757,2442,2111,-1095,0,2924,-0.0,1.6867219917012448,813,-11.56,-2.45,-0.5912305516265912,-0.33,0.10000000000000009,-11.97,0.125,74.2,0.313507178435394,-8.21,42.09,-5.54,-31.84,0.7,1.73,6222.0,0.072050787528126,6.0,74.71666666666667,5.0874999999999995,8.790196078431373,-190.9090909090909,16.484268125854992,-0.006075216972034715,-0.00896817743490839,273.9,1692,1140,-43.0,-189,162.0,-0.43105590062111804,-37.8,2.767283950617284,0.24760205219718945,124.03432166297408,116.08,37.51,2468.2,0.29589359162624895,270.15,-0.011620154940666157,-0.018943133097137497,8.994932541819752
2017-09,76.0,1672,1105,567,292,292,0.0,67.0,97,0.0,1.0,97,2127,443,55.0,1.0,345,7,36.0,231,-212,108.0,69.0,117.0,-48.0,425.0,425.0,109,69,0.0,40,3070,21,126,0,1.0,1134,1082,19.0,33.0,1281,1157,1157.0,1157,81,81,2518,0.0,0.0,0,0,1670,-1119,3.0,-4,-4.0,0.0,0.0,551,3070,173,173,0.0,551,5895.0,6.0,108.0,48.0,9.0,4.0,394.0,1082,42,42.0,381.0,3.0,2127,18.0,-515,374,352.0,10.0,44.0,46.0,46.0,44.0,90.0,90.0,162.0,-103.0,76.0,-99.5,81.8,81.8,-6.1,391.6,0.0,391.6,90.3,45.9,-17.4,-114.5,-11.1,-0.8,188.3,458.2,-122.0,-115.9,-6.2,-243.6,-26.5,428.6,-0.8,-645.7,7.0,-365.7,-259.1,-259.1,75.8,0.0,-55.0,-55.0,0.0,76.7,54.1,769.4,1481.6,-2.7,769.4,586.1,25.8,704.4,401.9,1106.3,0.0,4.3,90.3,336.1,76.0,492.4,492.4,492.4,127.5,127.5,364.9,270.3,209.0,61.3,98.5,0.0,0.0,1.2,496.3,-3.9,-16.6,-16.6,0.4,4.8,-4.4,-16.2,0.2,0.2,-19.9,2.3,-22.2,-22.2,0.0,0.0,-22.2,0.0,0.0,-22.2,-22.2,171.9,-0.13,-0.13,0.0,-22.2,171.9,-0.13,-0.13,0.0,0.0,0.8,0.8,0.0,-19.9,0.0,2.3,-22.2,-22.2,-0.13,-0.13,4.8,24.6,16.6,1.0,65.1,100.4,0.0,98.5,8.4,-3.9,25.5,492.37,,492.37,,364.89,,364.89,,-3.91,,-3.91,,25.49,,25.49,,-22.18,,-22.18,,1104.87,1671.9,3069.52,1156.63,551.39,142.01,29.4,46.75,-67.84,95.26,,-0.13,,-0.13,,171.88,,171.88,,,74.11,,74.11,,5.18,,5.18,,-0.79,,-0.79,,-4.04,,-4.04,,,,,,-4.51,,-4.51,,2.2,-20.69,-3.87,,172.71,37.68,67.72,209.77,-0.24,,,20063.79,,19548.52,0.72,-5.21,-3.75,5.34,-20.02,,,1.66,,1.66,,0.28,,0.28,,6.86,53.37,18.55,19.73,33.64,6222.0,0.2314997649271274,-22.2,492.4,127.5,364.9,-3.9,-0.8544776119402985,90.3,-515,48.25364239070528,0.2097678239085965,336.1,456.15942028985506,2518,2127,-1119,0,3070,-0.0,1.7114337568058076,943,25.49,5.18,-6.651884700665188,-0.13,-0.40909090909090906,-4.51,-0.38842975206611563,74.11,0.37657254682694985,-0.79,46.75,-3.87,-20.69,0.72,1.66,6222.0,0.0791385406621665,6.0,82.06666666666666,6.071428571428571,10.727668845315904,-24.074074074074076,17.980456026058633,-0.000626808100289296,-0.003567984570877531,270.3,1672,1157,-48.0,-212,297.0,-0.17884615384615385,-3.9,1.6579124579124578,0.31661251015434605,154.950614308722,127.57,36.81,332.94,0.30052682089495575,292.6,-0.006664792659784863,-0.014950192860683222,9.048809125292747
2017-12,89.0,1779,726,1053,437,437,0.0,96.0,110,0.0,1.0,110,2422,480,63.0,1.0,373,5,39.0,245,-235,129.0,87.0,135.0,-48.0,391.0,391.0,276,224,0.0,52,3550,32,175,0,543.0,1289,1211,26.0,53.0,2039,630,630.0,1173,102,102,2772,0.0,0.0,0,0,1731,-959,3.0,6,-4.0,0.0,6.0,779,3550,174,174,0.0,779,6222.0,6.0,129.0,48.0,9.0,4.0,394.0,1211,36,42.0,381.0,3.0,2422,18.0,-606,563,352.0,10.0,44.0,46.0,46.0,44.0,90.0,90.0,162.0,-103.0,89.0,-116.8,113.9,113.9,-5.7,545.6,0.0,545.6,106.0,-99.7,-34.3,-190.2,-5.5,66.5,369.2,642.9,-157.2,-150.5,-6.7,-726.8,-58.2,525.7,-0.8,-1194.3,7.0,-883.9,-310.0,-310.0,81.6,0.0,-55.0,-55.0,0.0,82.6,54.1,767.2,1481.6,-4.9,767.2,538.9,28.0,325.9,401.9,727.8,0.0,4.3,106.0,485.8,89.0,549.1,549.1,549.1,134.2,134.2,414.9,311.3,245.4,65.9,104.6,0.0,0.0,1.2,550.0,-0.9,-16.8,-16.8,4.8,6.2,-1.3,-12.0,-0.3,-0.3,-13.2,4.2,-17.3,-17.3,0.0,0.0,-17.3,0.0,0.0,-17.3,-17.3,173.6,-0.1,-0.1,0.0,-17.3,173.6,-0.1,-0.1,0.0,0.0,0.8,0.8,0.0,-13.2,0.0,4.2,-17.3,-17.3,-0.1,-0.1,5.4,26.7,16.8,1.0,65.1,105.6,0.0,104.6,8.4,-0.9,31.2,549.09,,549.09,,414.93,,414.93,,-0.9,,-0.9,,31.17,,31.17,,-17.35,,-17.35,,726.5,1779.3,3550.25,1173.44,778.74,184.78,32.07,35.15,-378.48,149.63,,-0.1,,-0.1,,173.62,,173.62,,,75.57,,75.57,,5.68,,5.68,,-0.16,,-0.16,,-2.4,,-2.4,,,,,,-3.16,,-3.16,,2.18,-20.05,-4.19,,174.28,33.05,60.11,150.68,-0.05,,,22518.35,,21912.49,0.69,-5.91,-4.06,4.79,-19.46,,,1.19,,1.19,,0.11,,0.11,,5.05,72.48,14.24,25.7,46.78,6222.0,0.22671345995045417,-17.3,549.1,134.2,414.9,-0.9,-1.0529411764705883,106.0,-606,42.215417517630954,-0.018444860039274702,485.8,356.2982005141388,2772,2422,-959,0,3550,-0.0,1.44801026957638,1128,31.17,5.68,-0.22846534653465345,-0.1,-4.333333333333334,-3.16,-4.46,75.57,0.4221704221704221,-0.16,35.15,-4.19,-20.05,0.69,1.19,6222.0,0.08825136612021858,6.0,91.51666666666667,4.19375,-5.507522567703109,-7.5,21.91549295774648,-0.0001446480231436837,-0.0027804564448730314,311.3,1779,1173,-48.0,-235,455.0,-0.20283464566929135,-0.9,1.2068131868131868,0.30868694226916765,189.19121445113413,181.23,29.18,442.86,0.30835744133719056,319.76666666666665,-0.010350369656059144,-0.018772099003535842,8.110622312105935
2018-03,73.0,1886,683,1203,371,371,0.0,117.0,116,0.0,1.0,116,2490,530,70.0,1.0,409,11,40.0,267,-262,129.0,83.0,124.0,-42.0,451.0,451.0,285,234,0.0,51,3704,38,146,0,517.0,1397,1293,22.0,83.0,2098,638,638.0,1155,104,104,2839,0.0,0.0,0,0,1819,-941,3.0,-13,-4.0,0.0,-13.0,865,3704,177,177,0.0,865,6675.0,6.0,129.0,42.0,9.0,4.0,394.0,1293,50,42.0,381.0,3.0,2490,18.0,-731,654,358.0,37.0,49.0,50.0,48.0,46.0,100.0,94.0,127.0,-103.0,73.0,10.6,33.4,33.4,-24.3,135.9,-18.5,154.4,94.5,69.5,-15.8,-42.5,0.9,-1.3,83.7,250.1,-43.2,-35.4,-7.9,-194.0,0.0,182.1,-0.8,-376.1,7.0,-237.2,-85.6,-85.6,52.7,0.0,-55.0,-55.0,0.0,52.7,54.1,-28.9,1481.6,-28.9,-28.9,-61.8,6.5,-42.5,727.8,685.4,0.0,4.3,94.5,206.9,73.0,589.2,589.2,589.2,143.5,143.5,445.7,348.8,274.9,73.9,117.3,0.0,0.0,1.2,609.5,-20.3,-17.1,-17.1,32.0,7.2,24.9,15.0,-2.0,-2.0,-7.4,-18.0,10.6,10.6,0.0,0.0,10.6,0.0,0.0,10.6,10.6,175.5,0.06,0.06,0.0,10.6,190.2,0.06,0.06,0.0,0.0,0.8,0.8,0.8,-6.6,0.3,-17.7,11.1,11.1,0.06,0.06,5.7,27.7,17.1,1.0,65.1,121.3,0.0,117.3,8.4,-19.5,13.9,589.22,,589.22,,445.75,,445.75,,-19.48,,-19.48,,13.93,,13.93,,10.62,,10.62,,682.85,1885.96,3704.49,1154.72,865.16,250.08,33.41,43.22,-42.47,206.86,,0.06,,0.06,,190.25,,190.25,,,75.65,,75.65,,2.36,,2.36,,-3.31,,-3.31,,-1.25,,-1.25,,,,,,1.8,,1.8,,1.84,-13.11,-2.88,,176.56,31.17,57.17,133.47,-1.14,1.0,0.0,28904.12,,28172.88,0.71,-4.72,-3.34,4.55,-15.17,,,1.19,,1.19,,0.11,,0.11,,6.41,57.14,14.77,24.77,32.37,8154.0,0.2366265060240964,10.6,589.2,143.5,445.7,-20.3,-0.06880733944954132,94.5,-731,38.385038307715654,-0.12415029629048491,206.9,328.2080924855491,2839,2490,-941,0,3704,0.0,1.4034682080924856,1214,13.93,2.36,3.0612244897959178,0.06,-1.4615384615384615,1.8,-1.4930232558139536,75.65,0.37406716417910446,-3.31,43.22,-2.88,-13.11,0.71,1.19,8154.0,0.07225901398086829,6.0,98.2,3.776315789473684,8.47769784172662,-135.33333333333331,23.353131749460044,-0.0024895756683836153,0.0012999754721609025,348.8,1886,1155,-42.0,-262,438.0,-0.20327332242225857,-19.5,1.345205479452055,0.2898845892735913,189.19121445113413,181.23,33.77,469.76,0.31169970829137933,346.5,-0.00933624876385131,-0.01401664297849805,6.977215074794983
2018-06,76.0,1750,705,1045,368,368,0.0,115.0,119,0.0,1.0,119,2352,571,70.0,1.0,445,16,40.0,287,-284,143.0,88.0,146.0,-59.0,305.0,305.0,299,240,0.0,59,3473,31,170,0,211.0,1425,1321,31.0,73.0,1837,646,646.0,857,98,98,2581,0.0,0.0,0,0,1890,-994,3.0,-4,-4.0,0.0,-4.0,892,3473,178,178,0.0,892,7150.0,6.0,143.0,59.0,9.0,4.0,394.0,1321,44,42.0,381.0,3.0,2352,18.0,-893,661,787.0,23.0,49.0,48.0,46.0,50.0,97.0,96.0,572.0,-103.0,76.0,-42.1,68.6,68.6,-30.9,245.2,-19.3,264.5,135.2,65.9,2.0,-93.0,-2.6,31.7,131.1,376.0,-99.2,-88.4,-10.9,88.3,-24.9,493.1,-0.8,-379.9,7.0,-10.9,-154.5,-154.5,61.4,0.0,0.0,0.0,0.0,61.4,0.0,-271.8,1481.6,-271.8,-271.8,-364.9,-7.5,-7.3,727.8,720.5,0.0,4.3,135.2,276.8,76.0,631.1,631.1,631.1,153.2,153.2,477.9,382.0,301.1,80.9,127.9,3.1,0.0,3.1,666.1,-35.1,-15.5,-15.5,9.1,7.5,1.6,-6.4,0.7,0.7,-40.8,11.9,-52.7,-52.7,0.0,0.0,-52.7,0.0,0.0,-52.7,-52.7,177.3,-0.3,-0.3,0.0,-52.7,177.3,-0.3,-0.3,0.0,0.0,0.8,0.8,3.1,-37.8,1.1,13.0,-50.7,-50.7,-0.29,-0.29,6.1,29.2,15.5,1.0,65.1,135.6,0.0,127.9,8.4,-32.0,3.3,631.06,,631.06,,477.89,,477.89,,-31.99,,-31.99,,3.31,,3.31,,-52.75,,-52.75,,704.85,1749.66,3472.88,857.13,891.71,125.9,35.21,55.99,35.13,69.91,,-0.3,,-0.3,,177.34,,177.34,,,75.73,,75.73,,0.52,,0.52,,-5.07,,-5.07,,-6.47,,-6.47,,,,,,-8.36,,-8.36,,1.7,-9.0,-1.93,,177.95,24.68,49.01,96.12,-2.06,,,30471.23,,29578.71,0.7,-2.68,-1.88,4.66,-8.77,,,1.28,,1.28,,0.15,,0.15,,6.96,52.59,20.25,18.07,34.52,8154.0,0.2683248299319728,-52.7,631.1,153.2,477.9,-35.1,-0.07142857142857129,135.2,-893,35.18894069750553,-0.2203821632823897,276.8,289.3497757847534,2581,2352,-994,0,3473,-0.0,1.256726457399103,1121,3.31,0.52,-1.2863321799307958,-0.3,-0.09090909090909094,-8.36,-0.05555555555555547,75.73,0.40776265893374974,-5.07,55.99,-1.93,-9.0,0.7,1.28,8154.0,0.07739759627176845,6.0,105.18333333333334,4.941935483870967,9.576631259484067,-548.4375,25.6838468183127,-0.004304635761589404,-0.00646308560215845,382.0,1750,857,-59.0,-284,342.0,-0.2234126984126984,-32.0,1.8453216374269006,0.2801457772143875,177.0362949925264,195.63,34.42,312.52,0.3170465170350218,376.96666666666664,-0.007565667553405998,-0.011511551145748112,6.0552527616046
2018-09,82.0,1626,704,922,425,425,0.0,115.0,126,0.0,1.0,126,2292,611,79.0,1.0,484,7,41.0,297,-314,143.0,84.0,149.0,-65.0,458.0,458.0,307,248,0.0,60,3581,43,164,0,161.0,1450,1363,29.0,58.0,1819,654,654.0,815,89,89,2561,0.0,0.0,0,0,2007,-986,3.0,-1,-4.0,0.0,-1.0,1020,3581,179,179,0.0,1020,7661.0,6.0,143.0,65.0,9.0,4.0,394.0,1363,41,42.0,381.0,3.0,2292,18.0,-811,793,811.0,11.0,50.0,52.0,51.0,55.0,102.0,106.0,591.0,-103.0,82.0,-33.7,106.5,106.5,-32.3,436.1,-19.3,455.3,44.9,7.5,1.5,-152.5,5.1,9.4,174.1,521.5,-149.9,-136.3,-13.6,49.7,-24.9,901.6,-0.8,-827.0,7.0,-100.3,-221.3,-221.3,100.4,0.0,0.0,0.0,0.0,100.4,0.0,-312.3,1481.6,-312.3,-312.3,-433.1,-9.6,-21.5,727.8,706.3,0.0,4.3,44.9,371.5,82.0,673.1,673.1,673.1,157.9,157.9,515.2,370.0,282.3,87.7,135.7,0.0,0.0,0.0,663.5,9.6,-11.2,-11.2,8.0,7.5,0.5,-3.2,0.9,0.9,7.2,-1.2,8.4,8.4,0.0,0.0,8.4,0.0,0.0,8.4,8.4,178.7,0.05,0.05,0.0,8.4,192.2,0.04,0.04,0.0,0.0,0.8,0.8,0.0,7.2,0.0,-1.2,8.4,8.4,0.05,0.04,6.4,31.5,11.2,1.0,65.1,144.4,0.0,135.7,8.4,9.6,47.5,673.1,,673.1,,515.24,,515.24,,9.57,,9.57,,47.47,,47.47,,8.4,,8.4,,703.63,1626.04,3581.44,814.61,1020.18,145.5,37.87,50.74,-14.17,94.76,,0.04,,0.04,,192.19,,192.19,,,76.55,,76.55,,7.05,,7.05,,1.42,,1.42,,1.07,,1.07,,-16.25,,-16.25,,1.25,,1.25,,1.45,-6.5,-1.54,,179.31,22.75,44.4,79.85,0.85,1.0,0.0,34802.58,,33991.15,0.73,-2.22,-1.63,4.23,-6.89,,,1.26,,1.26,,0.13,,0.13,,6.82,53.69,18.4,19.89,33.8,8154.0,0.293673647469459,8.4,673.1,157.9,515.2,9.6,-3.4615384615384617,44.9,-811,38.35409461183341,-0.20515648743603954,371.5,251.078431372549,2561,2292,-986,0,3581,0.0,1.2637254901960784,1289,47.47,7.05,0.8622989407610828,0.04,-1.3076923076923077,1.25,-1.3783783783783785,76.55,0.3669780666125102,1.42,50.74,-1.54,-6.5,0.73,1.26,8154.0,0.08254844248221732,6.0,112.18333333333334,3.672093023255814,89.74666666666667,299.99999999999994,28.483663781066742,0.001177336276674025,0.0010301692420897719,370.0,1626,815,-65.0,-314,588.0,-0.0967231638418079,9.6,1.1447278911564627,0.3460109939087803,218.92096532775645,180.33,34.38,357.94,0.3204564188550726,407.0833333333333,-0.005761523176442677,-0.006913397332780809,5.542068194848605
2018-12,90.0,1498,566,932,575,575,0.0,132.0,140,0.0,1.0,140,2345,686,81.0,1.0,552,10,43.0,347,-339,149.0,101.0,172.0,-72.0,582.0,582.0,356,282,0.0,73,3879,31,219,0,0.0,1763,1652,35.0,76.0,2013,662,662.0,662,94,94,2768,0.0,0.0,0,0,2094,-979,-4.0,0,0.0,0.0,-1.0,1111,3879,180,180,0.0,1111,8154.0,6.0,149.0,72.0,9.0,4.0,394.0,1652,39,42.0,381.0,3.0,2345,18.0,-836,862,899.0,55.0,61.0,63.0,68.0,72.0,124.0,140.0,579.0,-103.0,90.0,-26.7,149.6,149.6,-34.2,581.6,-19.3,600.9,140.8,-146.1,-19.9,-239.4,-4.8,82.1,468.9,811.1,-248.9,-224.5,-24.4,-98.6,-37.4,1234.7,-0.8,-1295.8,7.0,-347.4,-281.0,-281.0,104.2,0.0,0.0,0.0,0.0,104.2,0.0,-430.6,1481.6,-430.6,-430.6,-607.4,-15.5,-159.3,727.8,568.5,0.0,4.3,140.8,562.2,90.0,715.4,715.4,715.4,168.2,168.2,547.3,398.3,313.6,84.7,148.7,0.0,0.0,0.0,715.2,0.3,-8.9,-8.9,12.9,12.6,0.4,4.0,-2.3,-2.3,2.0,-5.1,7.0,7.0,0.0,0.0,7.0,0.0,0.0,7.0,7.0,179.8,0.04,0.04,0.0,7.0,179.8,0.04,0.04,0.0,0.0,0.8,0.8,0.0,2.0,0.0,-5.1,7.0,7.0,0.04,0.04,7.0,36.1,8.9,1.0,65.1,142.6,0.0,148.7,8.4,0.3,43.4,715.44,,715.44,,547.28,,547.28,,0.28,,0.28,,43.39,,43.39,,7.02,,7.02,,566.2,1497.92,3879.14,661.71,1111.2,289.61,43.11,98.91,-137.78,190.7,,0.04,,0.04,,179.79,,179.79,,,76.5,,76.5,,6.06,,6.06,,0.04,,0.04,,0.27,,0.27,,-258.82,,-258.82,,0.98,,0.98,,1.71,-2.83,-0.72,,180.18,17.06,37.32,59.55,0.03,1.0,0.0,31924.37,0.0,31088.15,0.7,-1.5,-1.05,3.93,-4.13,,,1.17,,1.17,,0.09,,0.09,,5.16,70.98,19.82,18.47,52.51,8154.0,0.3050746268656716,7.0,715.4,168.2,547.3,0.3,-1.3333333333333333,140.8,-836,42.46820324841423,0.005987995515564837,562.2,249.14491449144913,2768,2345,-979,0,3879,0.0,1.3807380738073807,1534,43.39,6.06,0.39204363169714473,0.04,-1.4,0.98,-1.4046242774566473,76.5,0.30285922418502986,0.04,98.91,-0.72,-2.83,0.7,1.17,8154.0,0.08773608045131223,6.0,119.23333333333333,5.425806451612903,-4.896646132785763,7.5,28.641402423304974,3.679175864606328e-05,0.0008584743684081432,398.3,1498,662,-72.0,-339,686.0,-0.0729184925503944,0.3,1.042857142857143,0.3266703941850712,262.41475978302674,241.37,28.87,290.06,0.3199411331861663,434.8,-0.0055800833946529306,-0.0032744665194996336,5.378112150892561
2019-03,90.0,1662,640,1022,423,423,0.0,137.0,152,3.0,1.0,149,2374,1119,84.0,1.0,594,4,437.0,744,-375,151.0,93.0,172.0,-78.0,675.0,675.0,361,283,0.0,78,4399,39,229,0,0.0,1831,1711,21.0,99.0,2098,670,670.0,670,436,436,3204,0.0,0.0,0,0,2165,-980,-4.0,10,0.0,0.0,10.0,1195,4399,185,185,0.0,1195,8666.0,6.0,151.0,78.0,9.0,4.0,394.0,1711,37,42.0,381.0,3.0,2374,18.0,-992,951,423.0,44.0,59.0,58.0,55.0,51.0,117.0,106.0,156.0,-103.0,90.0,-1.5,55.4,55.4,-1.5,205.9,0.0,205.9,102.5,151.1,-33.7,-46.6,6.6,-36.3,61.4,360.8,-47.1,-47.1,0.0,-153.7,-37.4,262.9,22.1,-438.8,7.0,-200.9,-139.5,-139.5,53.1,0.0,0.0,0.0,0.0,53.1,0.0,0.0,1481.6,0.0,0.0,-86.4,1.1,74.7,568.5,643.2,0.0,4.3,102.5,313.7,90.0,788.9,788.9,788.9,186.3,186.3,602.7,445.9,358.0,87.9,172.5,0.0,0.0,0.0,804.6,-15.7,-8.2,-8.2,12.4,12.5,-0.1,4.2,0.0,0.0,-11.5,-9.9,-1.5,-1.5,0.0,0.0,-1.5,0.0,0.0,-1.5,-1.5,182.1,-0.01,-0.01,0.0,-1.5,182.1,-0.01,-0.01,0.0,0.0,0.8,0.8,0.0,-11.5,0.0,-9.9,-1.5,-1.5,-0.01,-0.01,7.0,48.4,8.2,14.7,65.1,147.5,0.0,172.5,8.4,-15.7,39.7,788.93,,788.93,,602.67,,602.67,,-15.71,,-15.71,,39.74,,39.74,,-1.54,,-1.54,,639.72,1662.11,4398.9,669.88,1194.95,360.85,55.45,47.12,74.65,313.72,,-0.01,,-0.01,,182.06,,182.06,,313.72,76.39,,76.39,,5.04,,5.04,,-1.99,,-1.99,,-1.45,,-1.45,,,,,,-0.2,,-0.2,,1.48,-3.77,-0.96,,184.74,15.23,35.92,56.06,-2.02,,,44491.45,,43499.21,0.69,-1.54,-1.06,3.93,-4.19,,,1.13,,1.13,,0.06,,0.06,,7.08,51.71,17.42,21.01,30.7,10371.0,0.33230834035383316,-1.5,788.9,186.3,602.7,-15.7,-0.22660098522167493,102.5,-992,41.30059338723976,0.07595550787656924,313.7,268.11715481171547,3204,2374,-980,0,4399,-0.0,1.6945606694560669,2025,39.74,5.04,1.852835606604451,-0.01,-1.1666666666666667,-0.2,-1.1415094339622642,76.39,0.3389341479972843,-1.99,47.12,-0.96,-3.77,0.69,1.13,10371.0,0.07606788159290329,6.0,131.48333333333332,4.776923076923077,5.2210456651224355,-373.8095238095238,27.165264832916574,-0.0015138366599170765,-0.0001446340757882557,445.9,1662,670,-78.0,-375,656.0,-0.06910420475319927,-15.7,1.2025914634146342,0.31017872987704403,271.0280565499809,274.565,38.11,327.1,0.32375000079820127,468.0833333333333,-0.004604344386186391,-0.004719076067448792,5.23549813485514
2019-06,90.0,1653,584,1070,503,503,0.0,129.0,157,3.0,1.0,154,2442,1168,88.0,1.0,623,13,445.0,762,-406,152.0,122.0,208.0,-86.0,747.0,747.0,378,287,0.0,90,4603,66,291,0,0.0,1868,1752,25.0,91.0,2225,678,678.0,678,439,439,3342,0.0,0.0,0,0,2239,-992,4.0,10,10.0,0.0,10.0,1261,4603,187,187,0.0,1261,9382.0,6.0,152.0,86.0,9.0,4.0,398.0,1752,37,46.0,383.0,2.0,2442,18.0,-975,987,429.0,31.0,62.0,61.0,58.0,54.0,123.0,112.0,163.0,-100.0,90.0,-12.6,115.8,115.8,-3.1,421.9,0.0,421.9,82.6,71.4,-28.5,-97.2,25.1,11.7,100.2,604.6,-133.2,-97.0,-36.2,-270.2,0.0,508.3,22.1,-800.6,7.0,-403.4,-247.6,-247.6,63.3,0.0,0.0,0.0,0.0,63.3,0.0,0.0,1481.6,0.0,0.0,-184.3,1.3,18.2,568.5,586.7,0.0,4.3,82.6,471.4,90.0,833.9,833.9,833.9,198.1,198.1,635.8,479.3,387.7,91.7,183.4,0.0,0.0,0.0,860.9,-27.0,-8.3,-8.3,15.9,14.4,1.4,7.6,3.1,3.1,-16.3,-5.2,-11.1,-11.1,0.0,0.0,-11.1,0.0,0.0,-11.1,-11.1,186.7,-0.06,-0.06,0.0,-11.1,186.7,-0.06,-0.06,0.0,0.0,0.8,0.8,0.0,-16.3,0.0,-5.2,-11.1,-11.1,-0.06,-0.06,8.0,52.3,8.3,16.0,65.1,160.8,0.0,183.4,8.4,-27.0,33.3,833.9,,833.9,,635.76,,635.76,,-27.0,,-27.0,,33.33,,33.33,,-11.08,,-11.08,,583.58,1653.38,4602.7,678.15,1260.95,243.74,60.33,86.06,-56.49,157.68,,-0.06,,-0.06,,186.68,,186.68,,313.72,76.24,,76.24,,4.0,,4.0,,-3.24,,-3.24,,-1.96,,-1.96,,,,,,-1.33,,-1.33,,1.49,0.26,0.07,,187.46,14.73,34.97,53.78,-3.43,,,50937.2,,49961.96,0.75,-0.62,-0.46,3.75,-1.73,,1.0,1.1,,1.1,,0.05,,0.05,,6.91,52.93,14.74,24.82,28.11,10371.0,0.34148239148239146,-11.1,833.9,198.1,635.8,-27.0,-0.23076923076923084,82.6,-975,38.78408229985597,0.10216680386191013,471.4,265.02775574940523,3342,2442,-992,0,4603,-0.0,1.7137192704203013,2161,33.33,4.0,9.069486404833837,-0.06,-0.8,-1.33,-0.7893738140417458,76.24,0.3213436856282681,-3.24,86.06,0.07,0.26,0.75,1.1,10371.0,0.08040690386655096,6.0,138.98333333333332,3.0015151515151515,11.679271708683473,-355.2631578947369,27.395177058440147,-0.0026034133641886026,-0.0010702921608330923,479.3,1653,678,-86.0,-406,778.0,-0.058571428571428566,-27.0,1.0718508997429306,0.29751768797217887,261.9535499738531,260.265,40.82,304.84,0.3267593083929837,501.8833333333333,-0.0029031219887855897,0.0006737173738765655,4.462027397171171
2019-09,92.0,1471,623,848,539,539,0.0,123.0,164,3.0,1.0,161,2297,1235,95.0,1.0,663,21,456.0,806,-428,154.0,113.0,207.0,-94.0,1002.0,1002.0,385,293,0.0,92,4757,62,256,0,0.0,1874,1762,25.0,88.0,2193,687,687.0,687,448,448,3327,0.0,0.0,0,0,2361,-951,5.0,15,15.0,0.0,10.0,1429,4757,189,189,0.0,1429,9929.0,6.0,154.0,94.0,9.0,4.0,405.0,1762,41,49.0,388.0,1.0,2297,18.0,-785,1163,438.0,16.0,65.0,64.0,61.0,56.0,130.0,118.0,174.0,-98.0,92.0,28.0,179.8,179.8,-2.8,634.6,0.0,634.6,-24.7,28.3,-25.6,-158.3,30.1,-34.7,135.5,814.8,-223.2,-185.9,-37.4,-302.5,0.0,931.5,21.7,-1255.7,7.0,-525.7,-330.8,-330.8,105.2,0.0,0.0,0.0,0.0,105.2,0.0,0.0,1481.6,0.0,0.0,-225.6,-6.4,57.0,568.5,625.5,0.0,15.9,-24.7,591.5,92.0,885.8,885.8,885.8,200.8,200.8,685.0,438.6,356.1,82.6,190.1,0.0,0.0,0.0,829.5,56.3,-8.4,-8.4,12.6,14.6,-2.0,4.2,0.2,0.2,60.8,20.2,40.6,40.6,0.0,0.0,40.6,0.0,0.0,40.6,40.6,188.1,0.22,0.22,0.0,40.6,197.9,0.21,0.21,0.0,0.0,0.8,0.8,0.0,60.8,0.0,20.2,40.6,40.6,0.22,0.21,9.0,55.0,8.4,16.6,65.1,152.1,0.0,190.1,8.4,56.3,120.3,885.83,,885.83,,685.04,,685.04,,56.32,,56.32,,120.33,,120.33,,40.6,,40.6,,622.92,1471.07,4756.81,686.52,1429.47,210.18,64.01,90.07,38.84,120.11,,0.21,,0.21,,197.88,,197.88,,121.31,77.33,,77.33,,13.58,,13.58,,6.36,,6.36,,6.86,,6.86,,33.19,,33.19,,4.58,,4.58,,1.65,2.86,0.84,,188.6,14.43,32.44,48.03,7.07,1.0,0.0,47876.11,,47091.55,0.77,1.08,0.84,3.4,2.85,1.0,1.0,1.05,,1.05,,0.02,,0.02,,6.69,54.72,14.33,25.54,29.19,10371.0,0.38563343491510665,40.6,885.8,200.8,685.0,56.3,4.864583333333333,-24.7,-785,40.52150458043681,0.05651052359699538,591.5,232.65734265734267,3327,2297,-951,0,4757,0.0,1.72148355493352,2460,120.33,13.58,1.5348641247103436,0.21,4.25,4.58,3.833333333333333,77.33,0.31600059426533944,6.36,90.07,0.84,2.86,0.77,1.05,10371.0,0.08541124288882461,6.0,147.63333333333333,3.238709677419355,31.300353356890458,1340.4761904761904,30.06096279167543,0.005428598977919198,0.003914762318002122,438.6,1471,687,-94.0,-428,1168.0,0.01583143507972665,56.3,0.758390410958904,0.37130277715059834,308.0582219565372,277.45,33.49,198.89,0.32962210879959103,537.3333333333333,0.001348140712459583,0.003558310449788915,4.075689916973611
2019-12,97.0,1691,776,915,835,835,0.0,121.0,179,2.0,1.0,177,2827,1328,125.0,1.0,740,7,456.0,871,-457,157.0,144.0,249.0,-105.0,1013.0,1013.0,1011,333,600.0,78,6022,53,358,0,0.0,2342,2186,38.0,118.0,2753,695,695.0,695,447,447,3894,0.0,0.0,0,0,2455,-352,4.0,21,21.0,0.0,10.0,2128,6022,189,189,0.0,2128,10371.0,6.0,157.0,105.0,9.0,4.0,402.0,2186,40,53.0,383.0,1.0,2827,18.0,-996,1827,436.0,68.0,66.0,63.0,58.0,46.0,129.0,104.0,136.0,-95.0,97.0,626.7,252.1,252.1,-575.8,854.6,0.0,854.6,78.4,-259.8,-29.9,-255.6,21.4,65.1,537.2,1236.0,-337.6,-264.9,-72.7,-386.9,-7.4,1192.8,23.4,-1595.7,7.0,-724.5,-409.7,-409.7,107.9,0.0,0.0,0.0,0.0,107.9,0.0,0.0,1481.6,0.0,0.0,-301.9,-0.2,209.5,568.5,778.0,0.0,20.5,78.4,898.4,97.0,951.8,951.8,951.8,211.5,211.5,740.3,509.5,420.1,89.4,202.3,0.0,0.0,0.0,923.3,28.5,-8.5,-8.5,14.0,13.9,0.0,5.5,0.2,0.2,34.2,-564.5,598.7,598.7,0.0,0.0,598.7,0.0,0.0,598.7,598.7,188.8,3.17,3.17,0.0,598.7,198.7,3.01,3.01,0.0,0.0,0.8,0.8,0.0,34.2,0.0,-564.5,598.7,598.7,3.17,3.01,10.5,61.8,8.5,17.0,65.1,158.7,0.0,202.3,8.4,28.5,100.8,951.77,,951.77,,740.32,,740.32,,28.51,,28.51,,100.84,,100.84,,598.72,,598.72,,775.78,1691.1,6022.43,694.98,2127.94,421.21,72.33,114.33,152.45,306.88,,3.01,,3.01,,198.68,,198.68,,342.21,77.78,,77.78,,10.6,,10.6,,3.0,,3.0,,3.59,,3.59,,-1651.37,,-1651.37,,62.91,,62.91,,1.66,38.7,12.66,40.13,189.46,11.54,24.62,32.66,3.54,1.0,0.0,53245.55,0.0,52249.44,0.7,1.94,1.36,3.06,4.15,9.33,1.0,1.03,,1.03,,0.01,,0.01,,4.91,74.57,19.04,19.23,55.35,10371.0,0.3366819950477538,598.7,951.8,211.5,740.3,28.5,94.0,78.4,-996,30.738663377559476,-0.2761958117757839,898.4,182.98872180451127,3894,2827,-352,0,6022,0.0,1.5014097744360901,3195,100.84,10.6,1.3240377967273567,3.01,74.25,62.91,84.52857142857144,77.78,0.3304445065697512,3.0,114.33,12.66,38.7,0.7,1.03,10371.0,0.09177514222350786,6.0,158.63333333333333,3.990566037735849,-3.6635873749037717,518.1818181818181,35.337097309863836,0.0027480474399768588,0.05772828078295247,509.5,1691,695,-105.0,-457,1694.0,0.035378151260504205,28.5,0.5618654073199527,0.3364152132801008,346.4612058657127,287.0,25.14,177.58,0.3336611705717867,576.7333333333332,0.004059396393790379,0.06042811686433324,3.5946981814364216
2020-03,88.0,1859,809,1050,615,615,0.0,147.0,185,2.0,1.0,185,2806,1421,126.0,1.0,766,12,517.0,936,-485,208.0,171.0,286.0,-115.0,1101.0,1101.0,976,340,586.0,50,6197,74,431,0,0.0,2216,2215,38.0,1.0,2721,701,701.0,701,509,509,3931,0.0,0.0,0,0,2584,-304,-15.0,0,0.0,0.0,10.0,2266,6197,191,191,0.0,2266,11148.0,6.0,208.0,115.0,9.0,4.0,465.0,2215,40,61.0,441.0,1.0,2806,18.0,-1157,1887,502.0,56.0,73.0,72.0,67.0,53.0,145.0,120.0,180.0,-61.0,88.0,48.2,76.2,76.2,-1.5,248.3,0.0,248.3,120.3,208.8,-20.4,-70.8,20.7,-77.8,59.8,491.6,-83.2,-83.2,-72.7,-301.8,-82.9,312.6,-3.6,-527.8,7.0,-385.0,-125.7,-125.7,66.9,0.0,0.0,0.0,0.0,66.9,0.0,-2.2,1481.6,-2.2,-2.2,-61.0,-10.6,34.9,778.0,812.8,0.0,7.0,120.3,408.4,88.0,1046.3,1046.3,1046.3,223.4,223.4,823.0,538.6,442.7,95.8,226.7,8.4,0.0,8.4,997.0,49.3,-8.6,-8.6,7.5,14.0,-6.5,-1.1,0.1,0.1,48.4,0.1,48.2,48.2,0.0,0.0,48.2,0.0,0.0,48.2,48.2,190.2,0.25,0.25,0.0,48.2,199.9,0.24,0.24,0.0,0.0,0.8,0.8,8.4,56.8,0.0,0.2,56.6,56.6,0.3,0.28,10.3,65.9,8.6,19.4,65.1,176.3,0.0,226.7,8.4,57.7,134.0,1046.34,,1046.34,,822.97,,822.97,,57.74,,57.74,,133.97,,133.97,,48.23,,48.23,,808.73,1858.71,6197.42,701.29,2266.09,491.57,76.24,83.21,34.86,408.36,,0.24,,0.24,,199.94,,199.94,,408.36,78.65,,78.65,,12.8,,12.8,,5.52,,5.52,,4.62,,4.62,,0.27,,0.27,,4.61,,4.61,,1.77,39.09,12.77,,190.7,11.32,23.63,30.95,7.08,1.0,0.0,54650.81,,53493.39,0.7,3.42,2.4,3.06,7.34,5.33,1.0,1.03,,1.03,,0.01,,0.01,,7.16,51.08,14.81,24.71,26.37,13096.0,0.37287954383464006,48.2,1046.3,223.4,823.0,49.3,-4.140127388535031,120.3,-1157,37.355761720575245,-0.09551513291049496,408.4,173.477493380406,3931,2806,-304,0,6197,0.0,1.4964695498676082,3391,133.97,12.8,2.371162556618017,0.24,-25.0,4.61,-33.13333333333333,78.65,0.32627709468880717,5.52,83.21,12.77,39.09,0.7,1.03,13096.0,0.07989462431276725,6.0,174.38333333333333,3.018918918918919,5.011015325670497,4481.818181818181,36.566080361465225,0.0037645082467929135,0.0036805131337813075,538.6,1859,701,-115.0,-485,1708.0,0.09771573604060914,57.7,0.6125878220140515,0.36347127974768234,445.0481391105337,393.74,24.12,137.7,0.3374879132916507,619.6333333333333,0.00933774130050037,0.0642532640739028,3.004694540035839
2020-06,90.0,2343,837,1505,632,632,0.0,171.0,192,2.0,1.0,192,3337,1543,133.0,1.0,882,10,518.0,1010,-533,211.0,164.0,283.0,-119.0,804.0,804.0,995,356,594.0,45,6521,86,512,0,0.0,2251,2251,38.0,1.0,2849,696,696.0,696,498,498,4043,0.0,0.0,0,0,2712,-263,12.0,18,18.0,0.0,10.0,2479,6521,192,192,0.0,2479,11901.0,6.0,211.0,119.0,9.0,4.0,463.0,2251,31,66.0,436.0,1.0,3337,20.0,-1647,2104,502.0,41.0,81.0,76.0,59.0,83.0,157.0,142.0,163.0,-95.0,90.0,89.0,158.6,158.6,-3.2,520.8,-1.9,522.7,94.4,200.0,-32.4,-144.0,37.3,-35.8,69.2,859.6,-200.2,-193.7,-6.5,-427.9,-82.9,765.4,-2.6,-1107.7,7.0,-628.1,-238.6,-238.6,91.1,0.0,0.0,0.0,0.0,91.1,0.0,-15.7,1481.6,-15.7,-15.7,-163.2,-4.9,63.4,778.0,841.4,0.0,9.9,94.4,659.5,90.0,1070.8,1070.8,1070.8,232.9,232.9,837.9,530.6,421.6,108.9,245.1,8.4,0.0,8.4,1008.6,62.3,-8.5,-8.5,7.1,10.5,-3.3,-1.4,1.1,1.1,62.0,21.3,40.8,40.8,0.0,0.0,40.8,0.0,0.0,40.8,40.8,191.3,0.21,0.21,0.0,40.8,201.5,0.2,0.2,0.0,0.0,0.8,0.8,8.4,62.0,0.0,21.3,40.8,40.8,0.21,0.2,15.0,67.4,8.5,21.0,65.1,204.0,0.0,245.1,8.4,62.3,144.7,1070.84,,1070.84,,837.9,,837.9,,62.27,,62.27,,144.66,,144.66,,40.77,,40.77,,837.31,2342.67,6521.31,696.12,2478.81,368.05,82.39,116.96,28.56,251.09,,0.2,,0.2,,201.45,,201.45,,257.59,78.25,,78.25,,13.51,,13.51,,5.81,,5.81,,5.79,,5.79,,34.28,,34.28,,3.81,,3.81,,1.34,38.95,13.09,,191.8,10.67,21.93,28.08,7.71,1.0,0.0,77690.51,,76043.96,0.71,5.19,3.69,2.97,10.98,3.55,1.0,1.17,,1.17,,0.07,,0.07,,6.97,52.54,11.47,31.91,20.62,13096.0,0.32088702427329935,40.8,1070.8,232.9,837.9,62.3,-3.3074074074074074,94.4,-1647,39.96448459357559,0.03043522558026357,659.5,163.15577078288942,4043,3337,-263,0,6521,0.0,1.2843888664784187,3184,144.66,13.51,3.34023402340234,0.2,-4.333333333333334,3.81,-4.675675675675675,78.25,0.284086820961746,5.81,116.96,13.09,38.95,0.71,1.17,13096.0,0.08176542455711668,6.0,178.46666666666667,2.708139534883721,5.354,4450.0,38.00030670142616,0.00475717776420281,0.0031154551007941352,530.6,2343,696,-119.0,-533,1483.0,0.18115877930119417,62.3,0.722049898853675,0.38877474785207317,517.6790006423435,460.47,31.34,154.75,0.33884643398221637,659.1166666666666,0.01669833242889178,0.06843901133553004,2.6548935391465833
2020-09,85.0,2952,1348,1603,631,631,0.0,181.0,203,2.0,1.0,203,3967,1605,149.0,1.0,931,7,517.0,1022,-583,232.0,156.0,286.0,-130.0,1287.0,1287.0,1042,374,621.0,47,7705,51,510,0,0.0,2274,2274,38.0,1.0,2836,1706,1706.0,1706,490,490,5032,0.0,0.0,0,0,2872,-250,9.0,43,43.0,0.0,10.0,2674,7705,195,195,0.0,2674,12643.0,6.0,232.0,130.0,9.0,4.0,458.0,2274,38,68.0,430.0,1.0,3967,20.0,-1246,2286,498.0,21.0,84.0,83.0,78.0,60.0,167.0,138.0,172.0,-92.0,85.0,101.9,243.3,243.3,-6.4,778.0,41.7,736.4,-15.7,210.3,-41.7,-221.4,1.8,-31.2,66.5,1101.1,-291.8,-285.3,-6.5,-1038.5,-107.6,1299.0,-0.8,-2229.1,7.0,-1330.4,744.9,744.9,142.5,0.0,0.0,0.0,0.0,142.5,0.0,-87.2,1481.6,-1568.9,-87.2,800.1,3.0,573.8,778.0,1351.8,0.0,25.4,-15.7,809.2,85.0,1152.0,1152.0,1152.0,251.7,251.7,900.3,562.6,455.6,107.1,268.3,40.8,0.0,40.8,1123.4,28.6,-8.0,-8.0,4.9,8.2,-3.3,-3.1,-0.1,-0.1,25.4,12.6,12.9,12.9,0.0,0.0,12.9,0.0,0.0,12.9,12.9,193.2,0.07,0.07,0.0,12.9,201.9,0.06,0.06,0.0,0.0,0.8,0.8,40.8,66.2,20.1,32.7,33.5,33.5,0.17,0.17,10.0,74.7,8.0,21.0,65.1,206.9,0.0,268.3,8.4,69.3,154.1,1151.97,,1151.97,,900.27,,900.27,,69.33,,69.33,,154.05,,154.05,,12.86,,12.86,,1348.29,2951.61,7705.46,1705.53,2673.72,241.45,84.72,91.66,510.41,149.8,,0.06,,0.06,,201.86,,201.86,,149.8,78.15,,78.15,,13.37,,13.37,,6.02,,6.02,,2.21,,2.21,,49.44,,49.44,,1.12,,1.12,,1.15,34.15,11.24,30.63,195.1,22.13,38.95,63.79,8.69,1.0,0.0,94623.5,,93377.42,0.68,4.03,2.73,3.04,8.29,4.12,1.0,1.4,,1.4,,0.15,,0.15,,7.21,50.75,16.22,22.56,28.18,13096.0,0.2903957650617595,12.9,1152.0,251.7,900.3,28.6,-0.49200710479573706,-15.7,-1246,37.76803195514621,-0.0679508980182324,809.2,188.2528993640105,5032,3967,-250,0,7705,0.0,1.3979057591623036,3738,154.05,13.37,0.28022936923460495,0.06,-0.7142857142857143,1.12,-0.6822660098522167,78.15,0.30051930458342757,6.02,91.66,11.24,34.15,0.68,1.4,13096.0,0.08796579108124618,6.0,192.0,4.935294117647058,5.477888730385164,922.5806451612904,34.69175859831278,0.0021838729383017717,0.0009850335980452047,562.6,2952,1706,-130.0,-583,2140.0,0.13168077388149937,69.3,0.5383177570093458,0.3860243055555555,522.5359700626595,542.995,35.39,177.82,0.34140098217463793,703.4833333333333,0.013453606389274356,0.06550928261557311,2.4348208851970248
2020-12,86.0,3092,1677,1415,1009,1009,0.0,189.0,232,3.0,1.0,229,4522,1746,168.0,1.0,1046,9,523.0,1114,-632,241.0,153.0,295.0,-141.0,1496.0,1496.0,1189,444,673.0,72,8715,34,536,0,0.0,3167,2963,58.0,146.0,3737,1640,1640.0,1640,503,503,5881,0.0,0.0,0,0,2974,-234,7.0,87,87.0,0.0,10.0,2834,8715,196,196,0.0,2834,13096.0,6.0,241.0,141.0,9.0,4.0,454.0,2963,45,72.0,423.0,10.0,4522,21.0,-1452,2440,495.0,88.0,86.0,80.0,62.0,54.0,166.0,116.0,125.0,-88.0,86.0,118.5,336.4,336.4,-24.5,1074.7,46.6,1028.1,281.5,-151.4,-54.2,-365.3,-33.6,175.0,711.0,1786.6,-432.5,-419.3,-13.2,-1074.4,-107.2,1965.4,1.3,-2933.9,7.0,-1506.9,596.9,596.9,145.8,0.0,0.0,0.0,0.0,145.8,0.0,-146.1,1481.6,-1627.7,-146.1,596.6,25.1,901.4,778.0,1679.4,0.0,39.2,281.5,1354.1,86.0,1250.3,1250.3,1250.3,279.1,279.1,971.2,669.0,542.4,126.6,284.3,5.0,0.0,5.0,1237.4,13.0,-7.7,-7.7,5.9,6.8,-0.9,-1.8,2.2,2.2,13.4,-3.3,16.6,16.6,0.0,0.0,16.6,0.0,0.0,16.6,16.6,192.8,0.09,0.09,0.0,16.6,201.4,0.08,0.08,0.0,0.0,0.8,0.8,5.0,18.3,1.7,-1.6,19.9,19.9,0.1,0.1,11.0,82.0,7.7,22.0,65.1,231.7,0.0,284.3,8.4,17.9,111.0,1250.33,,1250.33,,971.23,,971.23,,17.93,,17.93,,110.96,,110.96,,16.65,,16.65,,1676.79,3092.04,8715.06,1640.15,2834.48,685.53,93.03,140.69,327.62,544.84,,0.08,,0.08,,201.4,,201.4,,551.53,77.68,,77.68,,8.87,,8.87,,1.43,,1.43,,1.07,,1.07,,-24.61,,-24.61,,1.33,,1.33,,1.22,4.78,1.61,3.96,195.84,18.82,36.65,57.86,2.33,1.0,0.0,107388.89,0.0,105937.01,0.61,3.3,2.02,2.97,6.01,0.79,1.0,1.21,,1.21,,0.09,,0.09,,4.9,74.69,22.64,16.17,58.53,13096.0,0.2764927023440955,16.6,1250.3,279.1,971.2,13.0,-0.543859649122807,281.5,-1452,34.14970792543235,0.11096918906249775,1354.1,207.51587861679604,5881,4522,-234,0,8715,0.0,1.4795342272406493,4193,110.96,8.87,0.1003570011900039,0.08,-0.973421926910299,1.33,-0.9722732587272424,77.68,0.3136163059466275,1.43,140.69,1.61,4.78,0.61,1.21,13096.0,0.09547189981673793,6.0,208.38333333333333,8.208823529411765,-8.258256274768824,722.2222222222223,32.518646012621915,0.0009926695174098962,0.0012675626145387906,669.0,3092,1640,-141.0,-632,2155.0,0.10766432839698624,17.9,0.580185614849188,0.342957690154363,501.9723664972784,487.57,38.03,197.92,0.345097739767868,753.2333333333333,0.011698228466707393,0.009048564447159438,2.4531410927262605
2021-03,84.0,3456,1821,1635,645,645,0.0,182.0,241,3.0,1.0,241,4524,1805,180.0,1.0,1094,6,525.0,1148,-657,361.0,221.0,375.0,-154.0,1385.0,1385.0,1183,471,643.0,69,8822,109,561,0,0.0,2994,2994,58.0,146.0,3664,1611,1611.0,1611,510,510,5785,0.0,0.0,0,0,3133,-152,0.0,56,56.0,0.0,10.0,3037,8822,197,197,0.0,3037,13096.0,6.0,361.0,154.0,8.0,3.0,455.0,2994,50,77.0,420.0,10.0,4524,18.0,-1845,2455,497.0,70.0,91.0,86.0,67.0,57.0,177.0,124.0,126.0,-95.0,84.0,82.0,106.0,106.0,1.0,332.0,46.6,332.0,206.0,354.0,-3.0,-114.0,89.0,-195.0,75.0,727.0,-107.0,-107.0,-13.2,-330.0,-225.0,532.0,1.3,-644.0,7.0,-437.0,-191.0,-191.0,95.0,0.0,0.0,0.0,0.0,95.0,0.0,-28.0,1481.6,-28.0,-28.0,-124.0,-18.0,148.0,1679.0,1827.0,15.0,12.0,206.0,620.0,84.0,1360.0,1360.0,1360.0,299.0,299.0,1061.0,650.0,524.0,126.0,314.0,5.0,0.0,5.0,1263.0,97.0,-7.0,-7.0,11.0,6.0,5.0,4.0,-2.0,-2.0,99.0,17.0,82.0,82.0,0.0,0.0,82.0,0.0,0.0,82.0,82.0,196.6,0.42,0.42,0.0,82.0,202.3,0.41,0.41,0.0,0.0,0.8,0.8,5.0,99.0,1.7,17.0,82.0,82.0,0.42,0.41,17.0,89.0,7.0,22.0,65.1,243.0,0.0,314.0,8.4,97.0,203.0,1360.0,,1360.0,,1061.0,,1061.0,,97.0,,97.0,,203.0,,203.0,,82.0,,82.0,,1821.0,3456.0,8822.0,1611.0,3037.0,727.0,106.0,107.0,148.0,620.0,,0.41,,0.41,,202.27,,202.27,,620.0,78.01,,78.01,,14.93,,14.93,,7.13,,7.13,,7.28,,7.28,,17.17,,17.17,,6.03,,6.03,,1.55,5.74,2.03,4.62,197.4,18.26,34.66,53.05,13.86,1.0,0.0,98745.24,,96900.24,0.64,4.13,2.66,2.83,7.54,0.76,1.0,1.23,,1.23,,0.1,,0.1,,7.67,47.72,11.62,31.5,16.22,16881.0,0.3006189213085765,82.0,1360.0,299.0,1061.0,97.0,0.9675456389452335,206.0,-1845,39.20486727298608,0.04949987544738943,620.0,190.48403029305237,5785,4524,-152,0,8822,0.0,1.4152123806387882,4298,203.0,14.93,0.5152646114801822,0.41,0.7083333333333333,6.03,0.7012448132780082,78.01,0.2998184077224506,7.13,107.0,2.03,5.74,0.64,1.23,16881.0,0.08056394763343404,6.0,226.66666666666666,2.743119266055046,3.84180790960452,2425.0,34.425300385400135,0.005746105088561104,0.004857532136721758,650.0,3456,1611,-154.0,-657,2003.0,0.13284828887092429,97.0,0.6789815277084373,0.3948529411764706,605.6214746086405,509.71,32.51,160.36,0.3457670630885348,805.5166666666667,0.013679825308475585,0.01022558345009989,2.519534798420646
2021-06,82.0,2984,1362,1622,781,781,0.0,205.0,255,3.0,1.0,255,4225,1912,183.0,1.0,1181,12,536.0,1198,-714,793.0,310.0,480.0,-170.0,1394.0,1394.0,1267,494,665.0,108,9187,98,688,0,99.0,3023,3023,58.0,146.0,3908,1483,1483.0,1582,521,521,5912,0.0,0.0,0,0,3298,-93,0.0,70,70.0,0.0,10.0,3275,9187,198,198,0.0,3275,13096.0,6.0,793.0,170.0,8.0,3.0,466.0,3023,49,80.0,427.0,10.0,4225,21.0,-1402,2172,507.0,48.0,94.0,89.0,71.0,61.0,183.0,132.0,144.0,-81.0,82.0,141.0,221.0,221.0,-16.0,682.0,46.6,682.0,-1.0,224.0,-57.0,-217.0,75.0,-111.0,85.0,1027.0,-198.0,-198.0,-13.2,-853.0,-738.0,1023.0,1.3,-1139.0,1.0,-1051.0,-315.0,-315.0,95.0,0.0,0.0,0.0,0.0,95.0,0.0,-53.0,1481.6,-53.0,-53.0,-273.0,-11.0,-308.0,1679.0,1371.0,15.0,20.0,-1.0,829.0,82.0,1409.0,1409.0,1409.0,329.0,329.0,1080.0,696.0,560.0,136.0,333.0,5.0,0.0,5.0,1358.0,51.0,-7.0,-7.0,5.0,5.0,5.0,-2.0,1.0,1.0,50.0,-9.0,59.0,59.0,0.0,0.0,59.0,0.0,0.0,59.0,59.0,197.8,0.3,0.3,0.0,59.0,202.3,0.29,0.29,0.0,0.0,0.8,0.8,5.0,50.0,1.7,-9.0,59.0,59.0,0.3,0.29,16.0,99.0,7.0,23.0,65.1,267.0,0.0,333.0,8.4,51.0,166.0,1409.0,,1409.0,,1080.0,,1080.0,,51.0,,51.0,,166.0,,166.0,,59.0,,59.0,,1362.0,2984.0,9187.0,1582.0,3275.0,300.0,115.0,91.0,-456.0,209.0,,0.29,,0.29,,202.27,,202.27,,209.0,76.65,,76.65,,11.78,,11.78,,3.62,,3.62,,3.55,,3.55,,-18.0,,-18.0,,4.19,,4.19,,1.37,5.93,2.17,4.9,198.1,17.22,32.57,48.31,7.29,1.0,0.0,108865.86,,107463.86,0.66,3.63,2.39,2.73,6.53,0.91,1.0,1.08,,1.08,,0.03,,0.03,,7.32,50.0,12.61,29.02,20.98,16881.0,0.33349112426035504,59.0,1409.0,329.0,1080.0,51.0,-0.1813804173354735,-1.0,-1402,39.316703987150845,-0.016208906808443557,829.0,180.51908396946567,5912,4225,-93,0,9187,0.0,1.515114503816794,4962,166.0,11.78,0.14751831881653543,0.29,0.44999999999999973,4.19,0.4460784313725492,76.65,0.3158386253268586,3.62,91.0,2.17,5.93,0.66,1.08,16881.0,0.08346661927610924,6.0,234.83333333333334,3.357142857142857,6.290178571428571,2550.0,35.64819854141722,0.0030211480362537764,0.0034950536105680945,696.0,2984,1582,-170.0,-714,2757.0,0.1109433962264151,51.0,0.5110627493652521,0.36905606813342795,650.9717166729981,651.03,33.24,169.5,0.3474682578075274,861.8833333333332,0.01194379558052655,0.010605181959873849,2.308547648932223
2021-09,84.0,3031,1400,1631,776,776,0.0,213.0,268,3.0,1.0,268,4288,2112,184.0,1.0,1231,21,676.0,1346,-766,770.0,302.0,491.0,-189.0,1448.0,1448.0,1324,524,694.0,106,9478,64,686,0,93.0,2949,2949,58.0,146.0,3792,1484,1484.0,1577,668,668,5944,0.0,0.0,0,0,3516,-30,-2.0,50,50.0,0.0,10.0,3534,9478,199,199,0.0,3534,13096.0,6.0,770.0,189.0,9.0,3.0,606.0,2949,53,82.0,568.0,10.0,4288,21.0,-1454,2462,650.0,25.0,97.0,104.0,86.0,75.0,201.0,161.0,263.0,-111.0,84.0,204.0,346.0,346.0,-21.0,1061.0,3.0,1058.0,-243.0,219.0,-78.0,-344.0,39.0,-126.0,47.0,1347.0,-292.0,-292.0,-13.2,-956.0,-778.0,1579.0,1.3,-1769.0,12.0,-1248.0,-457.0,-457.0,165.0,0.0,0.0,0.0,0.0,165.0,0.0,-59.0,0.0,-59.0,-59.0,-351.0,-21.0,-273.0,1679.0,1406.0,36.0,46.0,-243.0,1055.0,84.0,1512.0,1512.0,1512.0,350.0,350.0,1162.0,730.0,589.0,141.0,358.0,5.0,0.0,5.0,1438.0,74.0,-7.0,-7.0,5.0,5.0,5.0,-2.0,-4.0,-4.0,68.0,5.0,63.0,63.0,0.0,0.0,63.0,0.0,0.0,63.0,63.0,198.6,0.32,0.32,0.0,63.0,203.1,0.31,0.31,0.0,0.0,0.8,0.8,5.0,68.0,1.7,5.0,63.0,63.0,0.32,0.31,20.0,105.0,7.0,27.0,65.1,276.0,0.0,358.0,8.4,74.0,199.0,1512.0,,1512.0,,1162.0,,1162.0,,74.0,,74.0,,199.0,,199.0,,63.0,,63.0,,1400.0,3031.0,9478.0,1577.0,3534.0,320.0,125.0,94.0,35.0,226.0,,0.31,,0.31,,203.12,,203.12,,226.0,76.85,,76.85,,13.16,,13.16,,4.89,,4.89,,4.5,,4.5,,7.35,,7.35,,4.17,,4.17,,1.27,7.11,2.57,5.22,199.0,16.64,30.86,44.62,10.57,1.0,0.0,123831.73,,122377.73,0.64,4.16,2.68,2.77,7.42,0.96,1.0,1.13,,1.13,,0.05,,0.05,,7.86,46.54,21.79,16.79,29.75,16881.0,0.35261194029850745,63.0,1512.0,350.0,1162.0,74.0,1.5874125874125875,-243.0,-1454,31.140142253104756,-0.17548941151905462,1055.0,168.19468024900962,5944,4288,-30,0,9478,0.0,1.468590831918506,5190,199.0,13.16,0.2917883803959753,0.31,4.166666666666667,4.17,3.883720930232558,76.85,0.3125,4.89,94.0,2.57,7.11,0.64,1.13,16881.0,0.08956815354540608,6.0,252.0,5.46875,6.904109589041096,3700.0,37.286347330660476,0.00438362656240744,0.0037320063977252533,730.0,3031,1577,-189.0,-766,3035.0,0.09271497584541064,74.0,0.4981878088962109,0.37896825396825395,554.1251899419548,645.4649999999999,35.04,180.24,0.3490706202716873,921.8833333333332,0.01414354920463222,0.013352154759553897,2.2684177008190884
2021-12,88.0,3304,1728,1576,1390,1390,0.0,223.0,303,3.0,1.0,303,5220,2182,200.0,1.0,1303,14,665.0,1357,-825,777.0,287.0,498.0,-211.0,1630.0,1630.0,1527,623,692.0,212,10798,89,647,0,92.0,4121,3836,101.0,184.0,4949,1484,1484.0,1576,670,670,7103,0.0,0.0,0,0,3665,-4,-12.0,46,46.0,0.0,10.0,3695,10798,200,200,0.0,3695,16881.0,6.0,777.0,211.0,9.0,12.0,591.0,3836,63,82.0,556.0,10.0,5220,21.0,-1728,2631,638.0,97.0,104.0,86.0,75.0,56.0,190.0,131.0,220.0,-103.0,88.0,230.0,472.0,472.0,-34.0,1465.0,3.0,1462.0,58.0,-401.0,-93.0,-565.0,55.0,102.0,960.0,2191.0,-399.0,-392.0,-7.0,-1208.0,-785.0,2119.0,1.3,-2556.0,14.0,-1607.0,-612.0,-612.0,167.0,0.0,0.0,0.0,0.0,167.0,0.0,-61.0,0.0,-61.0,-61.0,-506.0,-25.0,53.0,1679.0,1732.0,41.0,36.0,58.0,1792.0,88.0,1614.0,1614.0,1614.0,374.0,374.0,1240.0,813.0,667.0,146.0,392.0,0.0,0.0,0.0,1579.0,35.0,-7.0,-7.0,5.0,5.0,5.0,-2.0,-1.0,-1.0,32.0,6.0,26.0,26.0,0.0,0.0,26.0,0.0,0.0,26.0,26.0,199.3,0.13,0.13,0.0,26.0,204.5,0.13,0.13,0.0,0.0,0.8,0.8,0.0,32.0,0.0,6.0,26.0,26.0,0.13,0.13,23.0,103.0,7.0,27.0,65.1,286.0,0.0,392.0,8.4,35.0,161.0,1614.0,,1614.0,,1240.0,,1240.0,,35.0,,35.0,,161.0,,161.0,,26.0,,26.0,,1728.0,3304.0,10798.0,1576.0,3695.0,844.0,126.0,107.0,326.0,737.0,0.0,0.13,,0.13,,204.48,,204.48,,,76.83,,76.83,,9.98,,9.98,,2.17,,2.17,,1.98,,1.98,,18.75,,18.75,,1.61,,1.61,,1.36,7.04,2.36,5.25,199.61,14.6,29.9,42.65,5.0,1.0,0.0,129172.89,0.0,127444.89,0.6,4.22,2.55,2.99,7.63,0.92,1.0,1.05,,1.05,,0.03,,0.03,,4.91,74.47,21.96,16.67,57.8,16881.0,0.30919540229885056,26.0,1614.0,374.0,1240.0,35.0,1.6923076923076925,58.0,-1728,25.469657603895822,-0.25417641464137464,1792.0,192.23274695534508,7103,5220,-4,0,10798,0.0,1.5096075778078484,5578,161.0,9.98,0.45097332372025956,0.13,0.625,1.61,0.5662650602409638,76.83,0.29089018635527486,2.17,107.0,2.36,7.04,0.6,1.05,16881.0,0.09561044961791364,6.0,269.0,4.202247191011236,-4.024937655860349,1750.0,34.21929987034636,0.0020733368876251408,0.0015401931165215331,813.0,3304,1576,-211.0,-825,3003.0,0.09965102753005041,35.0,0.5374625374625375,0.3550185873605948,472.204640473633,562.31,35.07,174.82,0.349209170072863,982.5,0.015224216574847464,0.01362478526153664,2.225694623432438
2022-03,89.0,4014,2252,1762,824,824,0.0,282.0,322,3.0,1.0,322,5442,2256,200.0,1.0,1387,10,659.0,1381,-875,774.0,266.0,497.0,-231.0,1484.0,1484.0,1646,655,686.0,305,10993,166,748,0,88.0,3850,3850,101.0,184.0,4852,1484,1484.0,1572,660,660,6996,0.0,0.0,0,0,3925,88,-49.0,33,33.0,0.0,10.0,3997,10993,201,201,0.0,3997,16881.0,6.0,774.0,231.0,9.0,3.0,583.0,3850,57,87.0,548.0,10.0,5442,21.0,-2442,2957,634.0,78.0,105.0,88.0,77.0,58.0,193.0,135.0,228.0,-99.0,89.0,75.0,101.0,101.0,-2.0,423.0,3.0,423.0,266.0,562.0,-46.0,-137.0,69.0,-203.0,21.0,863.0,-93.0,-93.0,-7.0,-187.0,0.0,577.0,1.3,-763.0,-1.0,-280.0,-150.0,-150.0,105.0,0.0,0.0,0.0,0.0,105.0,0.0,-6.0,0.0,-6.0,-6.0,-51.0,-5.0,527.0,1732.0,2259.0,11.0,9.0,266.0,770.0,89.0,1722.0,1722.0,1722.0,369.0,369.0,1353.0,852.0,694.0,158.0,414.0,0.0,0.0,0.0,1635.0,87.0,-6.0,-6.0,6.0,6.0,5.0,0.0,-2.0,-2.0,85.0,10.0,75.0,75.0,0.0,0.0,75.0,0.0,0.0,75.0,75.0,200.1,0.37,0.37,0.0,75.0,202.8,0.37,0.37,0.0,0.0,0.8,0.8,0.0,85.0,0.0,10.0,75.0,75.0,0.37,0.37,20.0,81.0,6.0,27.0,65.1,309.0,0.0,414.0,8.4,87.0,188.0,1722.0,,1722.0,,1353.0,,1353.0,,87.0,,87.0,,188.0,,188.0,,75.0,,75.0,,2252.0,4014.0,10993.0,1572.0,3997.0,863.0,101.0,93.0,527.0,770.0,,0.37,,0.37,,202.8,,202.8,,770.0,78.57,,78.57,,10.92,,10.92,,5.05,,5.05,,4.94,,4.94,,11.76,,11.76,,4.36,,4.36,,1.72,6.34,2.25,4.86,200.5,14.3,28.23,39.33,14.5,1.0,0.0,111378.0,,108936.0,0.63,3.76,2.37,2.82,6.68,0.95,1.0,1.12,,1.12,,0.05,,0.05,,8.52,42.96,10.35,35.37,7.59,,0.3164277839029768,75.0,1722.0,369.0,1353.0,87.0,-0.1030927835051546,266.0,-2442,23.134104076184624,-0.4099175514330827,770.0,175.0312734550913,6996,5442,88,0,10993,0.0,1.3887915936952715,5551,188.0,10.92,-0.07389162561576357,0.37,-0.09756097560975607,4.36,-0.08536585365853655,78.57,0.26617647058823524,5.05,93.0,2.25,6.34,0.63,1.12,,,6.0,287.0,2.2228915662650603,3.0640569395017794,0.0,36.359501500955155,,,852.0,4014,1572,-231.0,-875,2661.0,0.10591766723842196,87.0,0.6471251409244645,0.3826945412311266,462.1040179535729,475.52,27.94,152.57,0.2686452224394289,1042.8333333333333,0.00947811148628636,0.00876725312481488,2.193838236648465
