Date_x,BS_Earnings Quality Score,BS_Cash and Short Term Investments,BS_Cash & Equivalents,BS_Short Term Investments,"BS_Accounts Receivable - Trade, Net","BS_Accounts Receivable - Trade, Gross",BS_Provision for Doubtful Accounts,"BS_Total Receivables, Net",BS_Prepaid Expenses,"BS_Other Current Assets, Total",BS_Other Current Assets,BS_Total Current Assets,"BS_Property/Plant/Equipment, Total - Gross",BS_Buildings - Gross,BS_Machinery/Equipment - Gross,BS_Construction in Progress - Gross,BS_Other Property/Plant/Equipment - Gross,"BS_Property/Plant/Equipment, Total - Net","BS_Accumulated Depreciation, Total","BS_Goodwill, Net","BS_Intangibles, Net",BS_Intangibles - Gross,BS_Accumulated Intangible Amortization,BS_Long Term Investments,BS_LT Investment - Affiliate Companies,BS_LT Investments - Other,BS_Note Receivable - Long Term,"BS_Other Long Term Assets, Total",BS_Deferred Charges,BS_Restricted Cash - Long Term,BS_Other Long Term Assets,BS_Total Assets,BS_Accounts Payable,BS_Accrued Expenses,BS_Notes Payable/Short Term Debt,BS_Current Port. of LT Debt/Capital Leases,"BS_Other Current liabilities, Total",BS_Customer Advances,BS_Total Current Liabilities,BS_Total Long Term Debt,BS_Long Term Debt,BS_Total Debt,"BS_Other Liabilities, Total",BS_Other Long Term Liabilities,BS_Total Liabilities,"BS_Preferred Stock - Non Redeemable, Net",BS_Convertible Preferred Stock - Non Rdmbl,"BS_Common Stock, Total",BS_Common Stock,BS_Additional Paid-In Capital,BS_Retained Earnings (Accumulated Deficit),BS_Treasury Stock - Common,"BS_Other Equity, Total",BS_Other Comprehensive Income,BS_Total Equity,BS_Total Liabilities & Shareholders' Equity,BS_Total Common Shares Outstanding,BS_Shares Outs - Common Stock Primary Issue,BS_Treas Shares - Common Stock Prmry Issue,BS_Total Equity & Minority Interest,BS_Full-Time Employees,BS_Number of Common Shareholders,BS_Other Property/Plant/Equipment - Net,BS_Intangibles - Net,BS_Goodwill - Net,"BS_Accumulated Intangible Amort, Suppl.",BS_Wgt Avg Rem Lease Term (Yrs)-Oper Lease,BS_Wgt Avg Disc Rate - Operating Lease,"BS_Right-of-Use Assets-Op.Lease, Gross-Sup.",BS_Deferred Revenue - Current,BS_Deferred Revenue - Long Term,"BS_Curr Port of LT Operating Leases, Suppl.","BS_Long-Term Operating Lease Liabs., Suppl.",BS_Total Current Assets less Inventory,BS_Net Debt Incl. Pref.Stock & Min.Interest,"BS_Tangible Book Value, Common Equity","BS_Total Long Term Debt, Supplemental",BS_Long Term Debt Maturing within 1 Year,BS_Long Term Debt Maturing in Year 2,BS_Long Term Debt Maturing in Year 3,BS_Long Term Debt Maturing in 2-3 Years,BS_Long Term Debt Matur. in Year 6 & Beyond,"BS_Total Capital Leases, Supplemental",BS_Capital Lease Payments Due in Year 1,BS_Capital Lease Payments Due in Year 2,BS_Capital Lease Payments Due in Year 3,BS_Capital Lease Payments Due in Year 4,BS_Capital Lease Payments Due in Year 5,BS_Capital Lease Payments Due in 2-3 Years,BS_Capital Lease Payments Due in 4-5 Years,BS_Cap. Lease Pymts. Due in Year 6 & Beyond,"BS_Total Operating Leases, Supplemental",BS_Operating Lease Payments Due in Year 1,BS_Operating Lease Payments Due in Year 2,BS_Operating Lease Payments Due in Year 3,BS_Operating Lease Payments Due in Year 4,BS_Operating Lease Payments Due in Year 5,BS_Operating Lease Pymts. Due in 2-3 Years,BS_Operating Lease Pymts. Due in 4-5 Years,BS_Oper. Lse. Pymts. Due in Year 6 & Beyond,BS_Operating Leases - Interest Cost,CF_Earnings Quality Score,CF_Net Income/Starting Line,CF_Depreciation/Depletion,CF_Depreciation,CF_Deferred Taxes,CF_Non-Cash Items,CF_Unusual Items,CF_Other Non-Cash Items,CF_Changes in Working Capital,CF_Accounts Receivable,CF_Prepaid Expenses,CF_Other Assets,CF_Accounts Payable,CF_Accrued Expenses,CF_Other Liabilities,CF_Cash from Operating Activities,CF_Capital Expenditures,CF_Purchase of Fixed Assets,CF_Software Development Costs,"CF_Other Investing Cash Flow Items, Total",CF_Acquisition of Business,CF_Sale/Maturity of Investment,"CF_Investment, Net",CF_Purchase of Investments,CF_Other Investing Cash Flow,CF_Cash from Investing Activities,CF_Financing Cash Flow Items,CF_Other Financing Cash Flow,"CF_Issuance (Retirement) of Stock, Net",CF_Sale/Issuance of Common,CF_Repurchase/Retirement of Common,"CF_Common Stock, Net",CF_Options Exercised,CF_Warrants Converted,"CF_Issuance (Retirement) of Debt, Net",CF_Long Term Debt Issued,CF_Long Term Debt Reduction,"CF_Long Term Debt, Net",CF_Cash from Financing Activities,CF_Foreign Exchange Effects,CF_Net Change in Cash,CF_Net Cash - Beginning Balance,CF_Net Cash - Ending Balance,CF_Cash Interest Paid,CF_Cash Taxes Paid,CF_Net Changes in Working Capital,CF_Free Cash Flow,IS_Earnings Quality Score,IS_Revenue,IS_Net Sales,IS_Total Revenue,"IS_Cost of Revenue, Total",IS_Cost of Revenue,IS_Gross Profit,"IS_Selling/General/Admin. Expenses, Total",IS_Selling/General/Administrative Expense,IS_Labor & Related Expense,IS_Research & Development,IS_Depreciation/Amortization,IS_Amortization of Intangibles,IS_Unusual Expense (Income),IS_Restructuring Charge,IS_Other Unusual Expense (Income),IS_Total Operating Expense,IS_Operating Income,"IS_Interest Expense, Net Non-Operating",IS_Interest Expense - Non-Operating,IS_Interest/Invest Income - Non-Operating,IS_Interest Income - Non-Operating,IS_Investment Income - Non-Operating,"IS_Interest Income(Exp), Net Non-Operating","IS_Interest Inc.(Exp.),Net-Non-Op., Total","IS_Other, Net",IS_Other Non-Operating Income (Expense),IS_Net Income Before Taxes,IS_Provision for Income Taxes,IS_Net Income After Taxes,IS_Net Income Before Extra. Items,IS_Extraordinary Item,IS_Total Extraordinary Items,IS_Net Income,IS_Income Available to Com Excl ExtraOrd,IS_Income Available to Com Incl ExtraOrd,IS_Basic Weighted Average Shares,IS_Basic EPS Excluding Extraordinary Items,IS_Basic EPS Including Extraordinary Items,IS_Dilution Adjustment,IS_Diluted Net Income,IS_Diluted Weighted Average Shares,IS_Diluted EPS Excluding ExtraOrd Items,IS_Diluted EPS Including ExtraOrd Items,IS_DPS - Common Stock Primary Issue,IS_Gross Dividends - Common Stock,"IS_(Gain) Loss on Sale of Assets, Suppl.","IS_Impairment-Assets Held for Sale, Suppl.","IS_Impairment-Assets Held for Use, Suppl.","IS_Other Unusual Expense(Income), Suppl.","IS_Non-Recurring Items, Supplemental, Total",IS_Total Special Items,IS_Normalized Income Before Taxes,IS_Effect of Special Items on Income Taxes,IS_Inc Tax Ex Impact of Sp Items,IS_Normalized Income After Taxes,IS_Normalized Inc. Avail to Com.,IS_Basic Normalized EPS,IS_Diluted Normalized EPS,"IS_Amort of Intangibles, Supplemental","IS_Depreciation, Supplemental","IS_Interest Expense, Supplemental","IS_Rental Expense, Supplemental",IS_Labor & Related Expense Suppl.,"IS_Stock-Based Compensation, Supplemental",IS_Variable Operating Lease Expenses,IS_Income Taxes - Non-Recurring Tax Change,"IS_Research & Development Exp, Supplemental",IS_Normalized EBIT,IS_Normalized EBITDA,Revenue from Business Activities - Total,Gross Profit - Industrials/Property - Total,Operating Profit before Non-Recurring Income/Expense,"Earnings before Interest, Taxes, Depreciation & Amortization (EBITDA)",Income before Discontinued Operations & Extraordinary Items,Cash & Cash Equivalents,Cash & Short-Term Investments,Total Assets,Debt - Total,Common Equity - Total,Net Cash Flow from Operating Activities,"Depreciation, Depletion & Amortization including Impairment - Cash Flow - to Reconcile",Capital Expenditures - Net - Cash Flow,Net Change in Cash - Total,Free Cash Flow Net of Dividends,"Dividend Yield - Common Stock - Net - Issue Specific - %, TTM",EPS - Diluted - excluding Extraordinary Items Applicable to Common - Total,Shares used to calculate Diluted EPS - Total,Non-GAAP Income from Operations - Company Reported,Non-GAAP Adjusted Net Earnings - Company Reported,Non-GAAP EPS Diluted - Company Reported,Non-GAAP Operating Margin % - Company Reported,Non-GAAP Free Cash Flow - Company Reported,Gross Profit Margin - %,EBITDA Margin - %,Operating Margin - %,Income before Tax Margin - %,Income Tax Rate - %,Net Margin - %,"Free Cash Flow Yield - %, TTM","Return on Average Common Equity - % (Income available to Common excluding Extraordinary Items), TTM","Return on Average Total Assets - % (Income before Discontinued Operations & Extraordinary Items), TTM",Common Shares - Outstanding - Total,Total Debt Percentage of Total Assets,Total Debt Percentage of Total Capital,Total Debt Percentage of Total Equity,Interest Coverage Ratio,Earnings Retention Rate,Dividend Payout Ratio - %,Market Capitalization,Preferred Shareholders Equity,Enterprise Value,"Asset Turnover, TTM","Income before Tax Margin - %, TTM","Pretax ROA - %, TTM","Total Assets to Total Shareholders Equity - including Minority Interest & Hybrid Debt, Average TTM","Pretax ROE - %, TTM",Current Ratio,Working Capital to Total Assets,"Accounts Receivable Turnover, TTM","Average Receivables Collection Days, TTM","Payables Turnover, TTM","Average Payables Payment Days, TTM","Average Net Trade Cycle Days, TTM",Employment Number,재고자산회전율(비율),당기순이익(천원),매출액(천원),매출원가(천원),매출총이익(천원),영업이익(천원),영업이익증가율(YoY)(연도),운전자본증감(천원),순부채(천원),"BPS(지배, Adj.)(원/주)",BPS증가율(YoY)(비율),Free Cash Flow2(천원),부채비율(비율),부채총계(천원),유동자산(천원),이익잉여금(천원),자본금(천원),자산총계(천원),현금배당성향(%),비유동비율(천원),비유동자산(천원),EBITDA2(천원),EBITDA2마진율(비율),EBITDA2증가율(YoY)(비율),"EPS(지배, Adj.)(원/주)",EPS증가율(YoY)(비율),순이익률(비율),순이익증가율(YoY)(비율),매출액이익률(비율),매출액증가율(YoY)(연도),영업이익률(비율),CAPEX(천원),ROA(비율),ROE(지배)(비율),총자산회전율(비율),유동비율(비율),인력수,인당매출,무형자산,무형자산회전율,매입채무회전율,매출채권회전율,이자보상율,자기자본비율,인당영업이익,인당순이익,SG&A,단기투자자산,채무총계,무형자산감상비 누계,유형자산감상비 누계,Gross Investment (GI),ROGI(%),EBIT(천원),투자비 대비 매출 (Rev/GI),Opex Margin,Y1,Y2,Y3,Y4,인당매출s,무형자산회전율s,인당영업이익s,인당순이익s,투자비 대비 매출 (Rev/GI)s
2013-01,77.0,305.9,305.9,19.5,63.9,64.8,-0.8,63.9,6.9,52.5,52.5,376.7,22.9,4.1,16.1,14.7,2.7,13.2,-9.7,5.7,4.6,12.7,-1.8,91.6,0.4,91.6,468.9,0.5,37.9,0.0,0.5,390.4,1.6,35.8,0,0.0,79.6,79.6,117.0,0.0,0.0,0.0,35.9,35.9,152.9,0.0,0.0,0.1,0.1,328.3,-90.7,-229.5,-0.1,-0.1,237.5,390.4,100.9,100.9,0.0,237.5,736.0,192.0,12.7,4.6,5.7,1.8,8.5,6.0,201.7,79.6,35.1,39.1,179.2,376.7,-305.9,237.5,2.3,1.0,1.0,0.3,1.3,0.0,71.7,9.4,12.9,13.3,13.7,14.1,26.2,27.8,8.1,32.7,3.1,7.3,7.3,7.5,7.5,14.6,15.0,0.0,-54.2,77.0,-36.7,4.7,4.7,-1.4,33.1,0.0,33.1,45.6,-29.5,-2.7,-10.3,0.2,15.4,62.0,46.6,-9.1,-9.1,-2.6,0.5,0.0,15.0,-15.5,-250.9,0.5,-8.6,0.5,0.5,238.1,230.5,-192.2,230.5,6.9,0.6,-2.3,0.0,-2.3,-2.3,236.2,0.0,274.3,31.6,305.9,0.0,0.1,45.6,37.6,77.0,65.2,65.2,65.2,6.6,6.6,58.6,51.2,55.2,-4.0,13.3,1.2,1.2,3.3,5.1,3.3,71.1,-5.9,-2.1,-2.1,0.0,0.0,0.0,-0.4,0.0,0.0,0.0,-5.9,0.3,-6.2,-6.2,0.0,0.0,-6.2,-6.2,-6.2,99.0,-0.06,-0.06,0.0,-6.2,99.0,-0.06,-0.06,0.0,0.0,0.5,4.5,0.0,0.3,0.3,0.3,-5.9,0.1,0.3,-6.2,-6.2,-0.06,-0.06,0.8,1.3,2.1,1.3,-4.0,8.3,4.7,0.0,13.3,-5.9,-4.6,65.22,58.59,-5.92,-4.61,-6.16,305.94,305.94,390.45,0.0,237.54,24.78,1.32,3.36,32.62,21.42,0,-0.17,36.27,,,,,,89.83,-7.06,-9.08,-9.03,,-9.45,1.77,-37.45,-15.52,100.92,0.0,0.0,0.0,,,,3250.34,,2944.4,0.84,-18.08,-15.22,2.0,-30.38,3.22,0.67,4.04,90.55,13.88,26.37,64.18,736.0,0.17308202813910276,-6.2,65.2,6.6,58.6,-5.9,,45.6,-305.9,12.469360043163913,,37.6,64.37894736842105,152.9,376.7,-90.7,0.1,390.4,-0.0,0.05768421052631574,13.699999999999989,-4.61,-7.06,,-0.17,,-9.45,,89.83,,-9.08,3.36,-15.52,-37.45,0.84,3.22,736.0,0.08858695652173913,4.6,14.173913043478263,4.124999999999999,-2.210169491525424,0.0,60.83504098360656,-0.008016304347826088,-0.00842391304347826,51.2,305.9,0.0,-1.8,-9.7,-56.900000000000006,,-5.9,-1.1458699472759226,0.05214723926380366,29.913868790418476,32.620000000000005,14.0,-638.6984815618221,,,,,
2013-04,71.0,331.3,331.3,19.5,37.9,64.8,-0.8,37.9,7.2,52.5,52.5,376.4,22.9,4.1,16.1,14.7,2.7,12.7,-9.7,5.7,4.6,12.7,-1.8,91.6,0.4,91.6,468.9,0.5,37.9,0.0,0.5,389.5,2.5,30.6,0,0.0,84.9,84.9,118.1,0.0,0.0,0.0,33.5,33.5,151.5,0.0,0.0,0.1,0.1,344.9,-106.8,-229.5,-0.1,-0.1,238.0,389.5,103.1,103.1,0.0,238.0,736.0,192.0,12.7,4.6,5.7,1.8,8.5,6.0,201.7,84.9,32.4,39.1,179.2,376.4,-331.3,238.0,2.3,1.0,1.0,0.3,1.3,0.0,71.7,9.4,12.9,13.3,13.7,14.1,26.2,27.8,8.1,32.7,3.1,7.3,7.3,7.5,7.5,14.6,15.0,0.0,-54.2,71.0,-16.1,1.4,1.4,-1.4,9.7,0.0,9.7,24.8,26.0,-0.3,-10.3,0.9,-4.4,2.6,19.9,-1.3,-1.3,-2.6,0.5,0.0,15.0,-15.5,-250.9,0.5,-1.3,0.1,0.1,6.6,0.0,-192.2,0.0,6.6,0.6,0.0,0.0,0.0,0.0,6.7,0.0,25.3,305.9,331.3,0.0,0.2,24.8,18.6,71.0,57.2,57.2,57.2,6.7,6.7,50.5,51.8,45.7,6.1,14.5,1.2,1.2,3.3,5.1,3.3,72.9,-15.7,-2.1,-2.1,0.1,0.1,0.0,-0.4,0.1,-0.1,-0.1,-15.7,0.4,-16.1,-16.1,0.0,0.0,-16.1,-16.1,-16.1,102.0,-0.16,-0.16,0.0,-16.1,102.0,-0.16,-0.16,0.0,0.0,0.5,4.5,0.0,0.3,0.3,0.3,-15.7,0.1,0.4,-16.1,-16.1,-0.16,-0.16,0.8,1.4,2.1,1.2,6.1,9.8,4.7,0.0,14.5,-15.7,-14.3,57.21,50.53,-15.7,-14.27,-16.13,331.25,331.25,389.51,,237.98,19.85,1.43,1.26,25.31,18.59,0,-0.16,102.02,,,,,,88.32,-24.95,-27.44,-27.5,,-28.2,1.38,-14.0,-9.32,103.07,,,,,,,4202.86,,3871.61,0.63,-14.34,-9.05,1.5,-13.6,3.19,0.66,7.13,51.31,9.37,39.08,12.23,736.0,0.15196599362380447,-16.1,57.2,6.7,50.5,-15.7,,24.8,-331.3,14.174136495771352,,18.6,63.65546218487395,151.5,376.4,-106.8,0.1,389.5,-0.0,0.055042016806722785,13.100000000000023,-14.27,-24.95,,-0.16,,-28.2,,88.32,,-27.44,1.26,-9.32,-14.0,0.63,3.19,736.0,0.07771739130434784,4.6,12.434782608695654,2.68,2.2,-15699.999999999996,61.103979460847235,-0.021331521739130433,-0.021875000000000002,51.8,331.3,0.0,-1.8,-9.7,-81.80000000000001,,-15.7,-0.6992665036674816,0.08391608391608386,33.072985156799824,30.52,17.67,-271.3111422564821,,,,,
2013-07,73.0,347.1,347.1,19.5,40.7,64.8,-0.8,40.7,10.5,52.5,52.5,398.4,22.9,4.1,16.1,14.7,2.7,13.9,-9.7,5.7,4.6,12.7,-1.8,91.6,0.4,91.6,468.9,0.4,37.9,0.0,0.4,412.7,1.8,34.1,0,0.0,96.9,96.9,132.8,0.0,0.0,0.0,32.0,32.0,164.9,0.0,0.0,0.1,0.1,368.5,-120.5,-229.5,-0.2,-0.2,247.8,412.7,105.2,105.2,0.0,247.8,736.0,192.0,13.9,4.6,5.7,1.8,8.5,6.0,201.7,96.9,30.7,39.1,179.2,398.4,-347.1,247.8,2.3,1.0,1.0,0.3,1.3,0.0,71.7,9.4,12.9,13.3,13.7,14.1,26.2,27.8,8.1,32.7,3.1,7.3,7.3,7.5,7.5,14.6,15.0,0.0,-54.2,73.0,-29.8,2.9,2.9,-1.4,21.5,0.0,21.5,31.5,23.2,-3.6,-10.3,-0.1,-0.9,12.9,26.1,-3.2,-3.2,-2.6,0.5,0.0,15.0,-15.5,-250.9,0.5,-3.2,5.8,5.8,12.5,0.0,-192.2,0.0,12.5,0.6,0.0,0.0,0.0,0.0,18.4,-0.1,41.2,305.9,347.1,0.0,0.2,31.5,22.9,73.0,66.9,66.9,66.9,7.4,7.4,59.5,56.5,49.0,7.5,16.2,1.2,1.2,3.3,5.1,3.3,80.2,-13.3,-2.1,-2.1,0.1,0.1,0.0,-0.4,0.1,-0.1,-0.1,-13.3,0.4,-13.7,-13.7,0.0,0.0,-13.7,-13.7,-13.7,104.1,-0.13,-0.13,0.0,-13.7,104.1,-0.13,-0.13,0.0,0.0,0.5,4.5,0.0,0.3,0.3,0.3,-13.3,0.1,0.4,-13.7,-13.7,-0.13,-0.13,0.8,1.5,2.1,1.2,11.1,12.0,4.7,0.0,16.2,-13.3,-11.8,66.87,59.45,-13.3,-11.85,-13.69,347.11,347.11,412.67,,247.81,6.25,1.46,1.97,15.86,4.28,0,-0.13,104.1,,,,,,88.9,-17.72,-19.89,-19.93,,-20.48,1.14,-17.55,-11.34,105.24,,,,,,,5191.64,,4844.53,0.66,-16.7,-11.02,1.55,-17.05,3.0,0.64,6.49,56.43,14.59,25.09,31.34,736.0,0.16792168674698799,-13.7,66.9,7.4,59.5,-13.3,,31.5,-347.1,12.648919234955972,,22.9,66.54560129136401,164.9,398.4,-120.5,0.1,412.7,-0.0,0.05770782889426961,14.300000000000011,-11.85,-17.72,,-0.13,,-20.48,,88.9,,-19.89,1.97,-11.34,-17.55,0.66,3.0,736.0,0.09089673913043479,4.6,14.543478260869568,4.111111111111112,2.8836206896551726,-13300.0,60.043615216864545,-0.018070652173913043,-0.01861413043478261,56.5,347.1,0.0,-1.8,-9.7,-87.80000000000004,,-13.3,-0.7619589977220954,0.1569506726457399,30.109531089549375,28.23,21.24,-408.8210970464135,,,,,
2013-10,78.0,351.9,351.9,19.5,54.0,64.8,-0.8,54.0,8.7,52.5,52.5,414.6,30.6,7.6,18.9,14.7,4.1,14.4,-16.2,5.7,4.6,12.7,-1.8,91.6,0.4,91.6,468.9,0.5,37.9,0.0,0.5,439.8,2.0,43.4,0,0.0,107.7,107.7,153.2,0.0,0.0,0.0,36.6,36.6,189.7,0.0,0.0,0.1,0.1,387.2,-137.1,-229.5,-0.2,-0.2,250.1,439.8,106.8,106.8,0.0,250.1,736.0,192.0,13.9,4.6,5.7,1.8,8.5,6.0,201.7,107.7,33.4,39.1,179.2,414.6,-351.9,239.8,2.3,1.0,1.0,0.3,1.3,0.0,71.7,9.4,12.9,13.3,13.7,14.1,26.2,27.8,8.1,32.7,3.1,7.3,7.3,7.5,7.5,14.6,15.0,0.0,-54.2,78.0,-46.4,4.5,4.5,-1.4,37.7,2.1,35.6,43.6,10.0,-0.8,-10.3,0.3,7.8,26.4,39.4,-7.3,-7.3,-2.6,-9.0,-9.0,15.0,-15.5,-250.9,0.0,-16.2,-2.2,-2.2,24.9,6.1,-192.2,6.1,18.9,0.6,0.0,0.0,0.0,0.0,22.7,0.0,46.0,305.9,351.9,0.0,0.3,43.6,32.2,78.0,78.6,78.6,78.6,10.5,10.5,68.1,66.0,57.2,8.8,19.0,1.2,1.2,3.3,5.1,3.3,95.5,-16.8,-2.1,-2.1,0.1,0.1,0.0,-0.4,0.1,-0.3,-0.3,-17.1,-0.5,-16.6,-16.6,0.0,0.0,-16.6,-16.6,-16.6,106.0,-0.16,-0.16,0.0,-16.6,106.0,-0.16,-0.16,0.0,0.0,0.5,4.5,0.0,0.3,0.3,0.3,-17.1,0.1,-0.5,-16.6,-16.6,-0.16,-0.16,0.8,1.6,2.1,1.9,13.2,14.3,4.7,0.0,19.0,-16.8,-15.2,78.63,68.11,-16.82,-15.2,-16.55,351.9,351.9,439.83,,250.08,13.32,3.75,4.04,4.78,9.28,0,-0.16,106.01,,,,,,86.62,-19.33,-21.39,-21.68,,-21.05,0.98,-22.15,-13.65,106.79,,,,,,,6634.74,,6282.85,0.7,-19.41,-13.5,1.62,-21.92,2.71,0.59,5.69,64.32,19.46,18.81,45.51,736.0,0.18958031837916062,-16.6,78.6,10.5,68.1,-16.8,,43.6,-351.9,16.26682353139007,,32.2,75.84966013594561,189.7,414.6,-137.1,0.1,439.8,-0.0,0.10075969612155133,25.19999999999999,-15.2,-19.33,,-0.16,,-21.05,,86.62,,-21.39,4.04,-13.65,-22.15,0.7,2.71,736.0,0.10679347826086956,4.6,17.08695652173913,5.25,7.859999999999999,-16800.0,56.866757617098685,-0.02282608695652174,-0.022554347826086958,66.0,351.9,0.0,-1.8,-16.2,-83.79999999999995,,-16.8,-0.9379474940334134,0.13867684478371492,38.380495898119406,34.5,26.78,-413.34539473684214,0.3639945652173913,58.239130434782616,-0.07024456521739131,-0.07146739130434783,-3.545042942698913
2014-01,77.0,897.5,897.5,19.5,83.3,84.1,-0.8,83.3,12.0,52.5,52.5,992.8,32.9,7.1,20.5,14.7,5.4,15.5,-17.4,19.1,12.3,12.7,-1.8,91.6,0.4,91.6,468.9,0.6,37.9,0.0,0.6,1040.3,2.1,56.6,0,0.0,149.2,149.2,207.9,0.0,0.0,0.0,47.6,47.6,255.4,0.0,0.0,0.1,0.1,954.4,-169.7,-229.5,0.1,0.1,784.9,1040.3,116.1,116.1,0.0,784.9,736.0,192.0,13.9,12.3,19.1,1.8,8.5,6.0,201.7,149.2,43.2,39.1,179.2,992.8,-897.5,753.5,2.3,1.0,1.0,0.3,1.3,0.0,71.7,9.4,12.9,13.3,13.7,14.1,26.2,27.8,8.1,47.9,8.0,8.2,8.2,8.6,8.6,16.3,17.1,6.5,-54.2,77.0,-79.0,6.7,6.7,-1.4,71.1,2.1,69.0,76.4,-19.4,0.0,-10.3,0.2,18.2,77.4,73.8,-9.3,-9.3,-2.6,-29.7,-29.7,15.0,-15.5,-250.9,0.0,-39.0,-17.8,-17.8,574.5,550.8,-192.2,550.8,23.7,0.0,0.0,0.0,0.0,0.0,556.7,0.0,591.5,305.9,897.5,0.0,0.5,76.4,64.5,77.0,99.9,99.9,99.9,11.2,11.2,88.7,94.9,74.1,20.9,26.3,1.2,1.2,3.3,5.1,3.3,132.4,-32.5,-2.1,-2.1,0.1,0.1,0.0,-0.4,0.1,-0.5,-0.5,-32.9,-0.3,-32.6,-32.6,0.0,0.0,-32.6,-32.6,-32.6,108.1,-0.3,-0.3,0.0,-32.6,108.1,-0.3,-0.3,0.0,0.0,0.5,4.5,0.0,0.3,0.3,0.3,-32.6,0.1,-0.2,-32.4,-32.4,-0.3,-0.3,0.8,1.4,2.1,2.1,30.7,33.2,4.7,0.0,26.3,-32.2,-30.0,99.91,88.71,-32.48,-30.29,-32.63,897.45,897.45,1040.33,,784.91,34.43,2.19,2.04,545.56,32.39,0,-0.3,108.08,,,,,,88.79,-30.32,-32.51,-32.92,,-32.66,0.8,-15.45,-11.04,116.1,,,,,,,8757.74,0.0,7860.29,0.42,-26.11,-11.04,1.4,-15.45,4.78,0.75,4.11,89.07,19.31,18.96,70.12,1000.0,0.10062449637389204,-32.6,99.9,11.2,88.7,-32.5,4.508474576271186,76.4,-897.5,6.333201319056023,-0.49209892912442776,64.5,32.5391769652185,255.4,992.8,-169.7,0.1,1040.3,-0.0,0.06051726334564913,47.5,-30.29,-30.32,5.570498915401301,-0.3,0.7647058823529409,-32.66,4.258064516129032,88.79,0.5322085889570551,-32.51,2.04,-11.04,-15.45,0.42,4.78,1000.0,0.0999,12.3,8.121951219512194,5.333333333333333,-5.149484536082475,-32500.0,75.44938959915409,-0.0325,-0.032600000000000004,94.9,897.5,0.0,-1.8,-17.4,-93.40000000000006,1.0379241516966062,-32.2,-1.0695931477516054,0.1461461461461462,45.98454870792852,44.85,11.39,-259.50115549686365,0.37530760869565216,52.18716861081654,-0.09472826086956522,-0.09564347826086957,-3.4687661431745953
2014-04,73.0,827.0,667.7,159.2,52.1,84.1,-0.8,52.1,11.3,52.5,52.5,890.4,37.2,8.0,22.9,14.7,6.3,18.0,-19.2,19.1,11.4,12.7,-1.8,91.6,0.4,91.6,468.9,1.1,37.9,0.0,1.1,1031.6,2.2,47.2,0,0.0,153.5,153.5,202.9,0.0,0.0,0.0,44.9,44.9,247.9,0.0,0.0,0.1,0.1,1004.0,-220.5,-229.5,0.1,0.1,783.8,1031.6,118.3,118.3,0.0,783.8,736.0,192.0,13.9,0.5,19.1,1.8,8.5,6.0,201.7,153.5,40.5,39.1,179.2,890.4,-827.0,753.3,2.3,1.0,1.0,0.3,1.3,0.0,71.7,9.4,12.9,13.3,13.7,14.1,26.2,27.8,8.1,140.6,9.1,14.0,14.0,20.6,20.6,28.0,41.2,62.3,-54.2,73.0,-50.8,2.7,2.7,-0.3,42.8,2.1,42.8,24.5,31.2,0.5,-10.3,0.4,-9.3,1.7,18.9,-4.2,-4.2,-2.6,-250.9,-29.7,15.0,-15.5,-250.9,0.0,-255.1,0.5,0.5,5.8,550.8,-192.2,550.8,5.8,0.0,0.0,0.0,0.0,0.0,6.3,0.2,-229.7,897.5,667.7,0.0,0.5,24.5,14.7,73.0,85.9,85.9,85.9,14.2,14.2,71.7,92.1,65.2,26.8,29.7,1.2,1.2,3.3,5.1,3.3,136.0,-50.1,-2.1,-2.1,0.1,0.1,0.0,-0.4,0.1,-0.2,-0.2,-50.2,0.6,-50.8,-50.8,0.0,0.0,-50.8,-50.8,-50.8,117.3,-0.43,-0.43,0.0,-50.8,117.3,-0.43,-0.43,0.0,0.0,0.5,4.5,0.0,0.3,0.3,0.3,-50.2,0.1,0.6,-50.8,-50.8,-0.43,-0.43,0.9,1.7,2.1,2.2,39.4,43.2,4.7,0.0,29.7,-50.1,-47.5,85.91,71.72,-50.1,-47.45,-50.75,667.75,826.99,1031.63,,783.77,18.91,2.65,4.24,-229.71,14.67,0,-0.43,117.29,,,,,,83.49,-55.24,-58.32,-58.43,,-59.08,1.02,-22.24,-15.99,118.28,,,,,,,6451.04,,5624.05,0.47,-34.25,-15.97,1.39,-22.21,4.39,0.67,7.36,49.73,18.18,20.13,29.59,1000.0,0.09647349505840072,-50.8,85.9,14.2,71.7,-50.1,2.191082802547771,24.5,-827.0,8.677639734027014,-0.3877835354121316,14.7,31.632002041597552,247.9,890.4,-220.5,0.1,1031.6,-0.0,0.1801479969379943,141.19999999999993,-47.45,-55.24,2.3251576734407853,-0.43,1.6875,-59.08,2.15527950310559,83.49,0.5017482517482519,-58.32,4.24,-15.99,-22.24,0.47,4.39,1000.0,0.0859,0.5,171.8,6.454545454545454,2.7532051282051286,-50100.0,75.9693679720822,-0.0501,-0.0508,92.1,827.0,0.0,-1.8,-19.2,-22.3000000000001,2.159462055715656,-50.1,-3.852017937219714,0.07566938300349242,57.97669445487613,50.735,8.24,-118.52581664910431,0.38349021739130434,211.5523860021209,-0.1234967391304348,-0.12456847826086957,-6.621517576726829
2014-07,72.0,837.6,645.4,192.2,69.8,84.1,-0.8,69.8,9.5,52.5,52.5,916.9,55.0,9.1,24.3,14.7,6.9,33.9,-21.2,19.1,13.0,15.2,-2.7,96.6,0.4,96.6,468.9,2.2,37.9,0.0,2.2,1081.6,2.6,58.4,0,0.0,164.3,164.3,225.3,0.0,0.0,0.0,61.5,61.5,286.8,0.0,0.0,0.1,0.1,1075.9,-281.2,-229.5,0.0,0.0,794.8,1081.6,119.7,119.7,0.0,794.8,736.0,192.0,13.9,0.5,19.1,2.7,8.5,6.0,201.7,164.3,42.7,39.1,179.2,916.9,-837.6,762.8,2.3,1.0,1.0,0.3,1.3,0.0,71.7,9.4,12.9,13.3,13.7,14.1,26.2,27.8,8.1,150.8,9.4,16.8,16.8,21.6,21.6,33.7,43.1,64.6,-54.2,72.0,-111.5,5.5,5.5,-0.5,102.0,2.1,102.0,32.7,13.5,1.5,-10.3,0.4,2.7,14.7,28.2,-7.1,-7.1,-2.6,-291.5,-2.5,15.0,-15.5,-304.0,0.0,-298.6,9.2,9.2,9.4,550.8,-192.2,550.8,9.4,0.0,-0.5,0.0,-0.5,-0.5,18.1,0.2,-252.1,897.5,645.4,0.0,0.6,32.7,21.1,72.0,101.5,101.5,101.5,15.1,15.1,86.5,112.7,70.5,42.1,34.2,1.2,1.2,3.3,5.1,3.3,161.9,-60.4,-2.1,-2.1,0.2,0.2,0.0,-0.4,0.2,-0.1,-0.1,-60.2,0.5,-60.8,-60.8,0.0,0.0,-60.8,-60.8,-60.8,119.0,-0.51,-0.51,0.0,-60.8,119.0,-0.51,-0.51,0.0,0.0,0.5,4.5,0.0,0.3,0.3,0.3,-60.2,0.1,0.5,-60.8,-60.8,-0.51,-0.51,0.9,2.0,2.1,4.9,39.4,21.3,4.7,0.0,34.2,-60.4,-57.4,101.55,71.41,-75.43,-72.51,-60.78,645.4,837.62,1081.62,,794.8,9.34,2.89,2.91,-22.35,6.43,0,-0.51,119.01,,,,,,70.32,-71.4,-74.28,-59.33,,-59.86,1.19,-30.83,-21.51,119.75,,,,,,,5575.13,,4737.52,0.49,-43.82,-21.47,1.43,-30.77,4.07,0.64,6.62,55.29,36.14,10.13,45.16,1000.0,0.11069909477587524,-60.8,101.5,15.1,86.5,-60.4,3.541353383458646,32.7,-837.6,10.689521049140433,-0.1549063717950413,21.1,36.08454957221943,286.8,916.9,-281.2,0.1,1081.6,-0.0,0.2072219426270759,164.69999999999993,-72.51,-71.4,5.1189873417721525,-0.51,2.923076923076923,-59.86,3.437956204379562,70.32,0.5171898355754856,-74.28,2.91,-21.51,-30.83,0.49,4.07,1000.0,0.1015,0.5,203.0,5.8076923076923075,7.518518518518518,-30200.0,73.48372781065089,-0.060399999999999995,-0.0608,112.7,837.6,0.0,-2.7,-21.2,-18.900000000000123,2.98969072164948,-60.4,-5.370370370370336,0.15763546798029557,71.39522125930097,62.805,7.08,-65.33609157357606,0.39409347826086955,400.00890774125133,-0.16582608695652173,-0.16675434782608695,-11.229928949375068
2014-10,71.0,796.4,329.6,466.8,82.6,84.1,-0.8,82.6,13.5,52.5,52.5,892.4,66.4,9.7,26.5,23.1,7.2,43.2,-23.1,19.1,11.5,15.2,-3.7,160.9,0.4,160.9,468.9,2.0,37.9,0.0,2.0,1129.2,2.8,71.9,0,0.0,180.1,180.1,254.9,0.0,0.0,0.0,76.4,76.4,331.3,0.0,0.0,0.1,0.1,1127.8,-329.8,-229.5,-0.2,-0.2,797.9,1129.2,120.9,120.9,0.0,797.9,736.0,192.0,13.9,0.5,19.1,3.7,8.5,6.0,201.7,180.1,49.1,39.1,179.2,892.4,-796.4,767.3,2.3,1.0,1.0,0.3,1.3,0.0,71.7,9.4,12.9,13.3,13.7,14.1,26.2,27.8,8.1,148.9,9.6,18.6,18.6,20.9,20.9,37.2,41.8,60.3,-54.2,71.0,-160.1,9.0,9.0,-0.8,150.3,0.0,150.3,54.0,0.8,-2.0,-10.3,1.0,17.3,37.0,52.5,-11.2,-11.2,-2.6,-630.8,-2.5,63.0,-15.5,-691.3,0.0,-642.0,9.5,9.5,12.8,550.8,-192.2,550.8,12.8,0.0,-0.5,0.0,-0.5,-0.5,21.7,-0.1,-567.9,897.5,329.6,0.0,0.9,54.0,41.3,71.0,116.0,116.0,116.0,17.6,17.6,98.4,107.2,78.3,28.8,39.5,1.2,1.2,3.3,5.1,3.3,164.3,-48.3,-2.1,-2.1,0.2,0.2,0.0,-0.4,0.2,-0.1,-0.1,-48.1,0.4,-48.6,-48.6,0.0,0.0,-48.6,-48.6,-48.6,120.3,-0.4,-0.4,0.0,-48.6,120.3,-0.4,-0.4,0.0,0.0,0.5,4.5,0.0,0.3,0.3,0.3,-48.1,0.1,0.4,-48.6,-48.6,-0.4,-0.4,1.4,2.0,2.1,2.6,44.2,21.1,4.7,0.0,39.5,-48.3,-44.8,116.03,80.87,-65.83,-62.4,-48.55,329.55,796.39,1129.21,,797.89,24.21,3.43,4.05,-315.85,20.15,0,-0.4,120.33,,,,,,69.7,-53.78,-56.74,-41.46,,-41.84,0.96,-36.78,-24.57,120.93,,,,,,,7924.1,,7127.71,0.51,-47.46,-24.4,1.5,-36.53,3.5,0.56,5.91,61.94,43.26,8.46,53.48,1000.0,0.12998655311519497,-48.6,116.0,17.6,98.4,-48.3,1.8749999999999996,54.0,-796.4,10.928218177199053,-0.3281897872617304,41.3,41.52149392154405,331.3,892.4,-329.8,0.1,1129.2,-0.0,0.296779044993107,236.80000000000007,-62.4,-53.78,3.105263157894737,-0.4,1.5,-41.84,1.927710843373494,69.7,0.4758269720101782,-56.74,4.05,-24.57,-36.78,0.51,3.5,1000.0,0.116,0.5,232.0,6.2857142857142865,145.0,-24149.999999999996,70.66064470421539,-0.048299999999999996,-0.048600000000000004,107.2,796.4,0.0,-3.7,-23.1,28.300000000000058,6.882882882882895,-48.3,4.098939929328614,0.17327586206896559,72.48233818443163,86.09,10.02,-114.2261217948718,0.4033,614.9219512195123,-0.1913,-0.1928,-6.19304152601304
2015-01,73.0,850.2,387.3,462.8,128.4,128.9,-0.5,128.4,21.3,52.5,52.5,999.8,75.6,10.1,28.3,29.4,7.7,50.4,-25.2,19.1,10.4,15.2,-4.8,165.1,0.4,165.1,468.9,3.0,37.9,0.0,3.0,1247.8,3.7,93.0,0,0.0,249.9,249.9,346.6,0.0,0.0,0.0,87.8,87.8,434.5,0.0,0.0,0.1,0.1,1200.9,-386.8,-229.5,-0.8,-0.8,813.3,1247.8,123.5,123.5,0.0,813.3,736.0,192.0,13.9,0.5,19.1,4.8,8.5,6.0,201.7,249.9,54.2,39.1,179.2,999.8,-850.2,783.8,2.3,1.0,1.0,0.3,1.3,0.0,71.7,9.4,12.9,13.3,13.7,14.1,26.2,27.8,8.1,146.4,10.6,20.0,20.0,20.0,20.0,40.0,40.0,55.9,-54.2,73.0,-217.1,12.5,12.5,-0.3,214.1,0.0,214.1,94.8,-45.1,-11.3,-10.3,1.8,37.6,111.8,104.0,-14.0,-14.0,-2.6,-631.2,-2.5,192.0,-15.5,-820.7,0.0,-645.2,15.3,15.3,16.8,0.0,-192.2,0.0,16.8,0.0,-0.5,0.0,-0.5,-0.5,31.6,-0.6,-510.1,897.5,387.3,0.0,1.1,94.8,90.0,73.0,147.4,147.4,147.4,21.5,21.5,125.9,135.6,97.2,38.4,47.3,1.2,1.2,3.3,5.1,3.3,204.5,-57.1,-2.1,-2.1,0.3,0.3,0.0,-0.4,0.3,0.5,0.5,-56.3,0.7,-57.0,-57.0,0.0,0.0,-57.0,-57.0,-57.0,122.4,-0.47,-0.47,0.0,-57.0,122.4,-0.47,-0.47,0.0,0.0,0.5,4.5,0.0,0.0,0.0,0.0,-56.3,0.0,0.7,-57.0,-57.0,-0.47,-0.47,1.1,2.4,2.1,3.0,57.7,19.3,4.7,0.0,47.3,-57.1,-53.6,147.39,125.85,-57.1,-53.57,-57.03,387.32,850.16,1247.79,,813.32,51.53,3.53,2.75,57.76,48.78,0,-0.47,122.42,,,,,,85.39,-36.35,-38.74,-38.19,,-38.69,1.46,-27.17,-18.98,123.54,,,,,,,6263.22,0.0,5413.06,0.39,-47.65,-18.78,1.43,-26.88,2.88,0.52,4.26,85.95,23.56,15.54,70.41,1400.0,0.14742948589717944,-57.0,147.4,21.5,125.9,-57.1,0.756923076923077,94.8,-850.2,7.11144529846503,0.12288318974913093,90.0,53.42432066887988,434.5,999.8,-386.8,0.1,1247.8,-0.0,0.30493052993975167,248.0,-53.57,-36.35,0.7685704853086828,-0.47,0.5666666666666667,-38.69,0.7484662576687116,85.39,0.47547547547547553,-38.74,2.75,-18.98,-27.17,0.39,2.88,1400.0,0.10528571428571429,0.5,294.8,5.8108108108108105,-3.2682926829268295,-19033.333333333336,65.17871453758615,-0.040785714285714286,-0.04071428571428572,135.6,850.2,0.0,-4.8,-25.2,-6.9000000000000945,4.305084745762706,-57.1,-21.36231884057942,0.19470827679782904,47.25276520622229,46.5,7.85,-101.04648123949973,0.4086857142857143,901.6,-0.19958571428571428,-0.20091428571428574,-26.485767218840856
2015-04,78.0,865.1,413.5,451.6,81.3,128.9,-0.5,81.3,20.0,52.5,52.5,966.4,89.8,12.6,31.2,37.9,8.1,62.3,-27.5,19.1,9.3,15.2,-5.9,177.9,0.4,177.9,468.9,5.0,37.9,0.0,5.0,1240.0,4.0,74.4,0,0.0,249.4,249.4,327.7,0.0,0.0,0.0,98.2,98.2,425.9,0.0,0.0,0.1,0.1,1272.8,-458.0,-229.5,-0.8,-0.8,814.1,1240.0,125.3,125.3,0.0,814.1,736.0,192.0,13.9,0.5,19.1,5.9,8.5,6.0,201.7,249.4,55.9,39.1,179.2,966.4,-865.1,785.7,2.3,1.0,1.0,0.3,1.3,0.0,71.7,9.4,12.9,13.3,13.7,14.1,26.2,27.8,8.1,143.9,13.5,21.1,21.1,19.0,19.0,42.2,38.0,50.1,-54.2,78.0,-71.2,3.5,3.5,-0.3,66.0,0.0,66.0,30.7,47.1,-0.3,-10.3,0.4,-17.7,1.2,28.6,-6.4,-6.4,-2.6,-2.0,-2.5,160.0,-15.5,-160.5,-1.5,-8.4,0.5,0.5,5.4,0.0,-192.2,0.0,5.4,0.0,-0.5,0.0,-0.5,-0.5,5.8,0.2,26.2,387.3,413.5,0.0,0.5,30.7,22.2,78.0,125.7,125.7,125.7,23.1,23.1,102.6,128.9,89.4,39.5,44.7,1.2,1.2,3.3,5.1,3.3,196.6,-71.0,-2.1,-2.1,0.4,0.4,0.0,-0.4,0.4,0.1,0.1,-70.5,0.7,-71.2,-71.2,0.0,0.0,-71.2,-71.2,-71.2,124.5,-0.57,-0.57,0.0,-71.2,124.5,-0.57,-0.57,0.0,0.0,0.5,4.5,0.0,0.0,0.0,0.0,-70.5,0.0,0.7,-71.2,-71.2,-0.57,-0.57,1.1,2.3,2.1,2.9,59.6,66.1,4.7,0.0,44.7,-71.0,-67.5,125.67,102.58,-70.98,-67.51,-71.19,413.51,865.14,1239.99,,814.09,28.62,3.47,6.42,26.19,22.2,0,-0.57,124.55,,,,,,81.63,-53.72,-56.48,-56.13,,-56.65,1.21,-29.73,-20.91,125.34,,,,,,,8313.87,,7448.72,0.43,-47.93,-20.71,1.42,-29.44,2.95,0.52,7.35,49.78,24.94,14.68,35.1,1400.0,0.1300703642384106,-71.2,125.7,23.1,102.6,-71.0,0.41716566866267457,30.7,-865.1,8.298411742326556,-0.043701744175137724,22.2,52.31544036359169,425.9,966.4,-458.0,0.1,1240.0,-0.0,0.33607664906031204,273.6,-67.51,-53.72,0.4227608008429926,-0.57,0.3255813953488371,-56.65,0.4015748031496065,81.63,0.46332945285215366,-56.48,6.42,-20.91,-29.73,0.43,2.95,1400.0,0.08978571428571429,0.5,251.4,5.775,2.6687898089171975,-17750.0,65.65322580645162,-0.05071428571428571,-0.05085714285714286,128.9,865.1,0.0,-5.9,-27.5,-17.6,11.869674185463628,-71.0,-7.142045454545454,0.10501193317422425,54.26294778657067,43.48,10.21,-110.33506147237446,0.4125714285714286,981.1999999999999,-0.2002,-0.20097142857142858,-29.775794736166596
2015-07,84.0,855.4,326.2,529.2,99.7,128.9,-0.5,99.7,22.3,52.5,52.5,977.4,107.0,13.6,33.6,51.5,8.4,77.0,-30.0,124.3,55.8,62.4,-7.8,71.7,0.4,71.7,468.9,6.9,37.9,0.0,6.9,1313.1,4.1,90.9,0,0.0,263.2,263.2,358.1,0.0,0.0,0.0,117.4,117.4,475.6,0.0,0.0,0.1,0.1,1352.9,-513.3,-229.5,-2.2,-2.2,837.6,1313.1,128.3,128.3,0.0,837.6,736.0,192.0,13.9,1.3,124.3,7.8,8.5,6.0,201.7,263.2,58.1,39.1,179.2,977.4,-855.4,657.4,2.3,1.0,1.0,0.3,1.3,0.0,71.7,9.4,12.9,13.3,13.7,14.1,26.2,27.8,8.1,143.4,15.7,21.9,21.9,18.5,18.5,43.9,37.1,46.7,-54.2,84.0,-126.5,7.8,7.8,-11.3,129.8,0.0,129.8,42.5,28.7,12.5,-10.3,-0.1,-15.8,17.2,42.3,-9.2,-9.2,-2.6,-116.4,-142.7,247.0,-15.5,-219.2,-1.5,-125.6,11.6,11.6,10.7,0.0,-192.2,0.0,10.7,0.0,0.0,0.0,0.0,0.0,22.3,-0.1,-61.1,387.3,326.2,0.0,0.7,42.5,33.0,84.0,148.3,148.3,148.3,25.0,25.0,123.3,140.5,101.9,38.6,48.3,1.2,1.2,3.3,5.1,3.3,213.9,-65.6,-2.1,-2.1,0.4,0.4,0.0,-0.4,0.4,-0.3,-0.3,-65.4,-10.1,-55.3,-55.3,0.0,0.0,-55.3,-55.3,-55.3,126.6,-0.44,-0.44,0.0,-55.3,126.6,-0.44,-0.44,0.0,0.0,0.5,4.5,0.0,2.0,2.0,2.0,-63.4,0.7,-9.5,-54.0,-54.0,-0.43,-0.43,1.8,2.5,2.1,3.4,57.9,63.6,4.7,0.0,48.3,-63.6,-59.3,148.33,123.29,-65.57,-61.26,-55.29,326.2,855.37,1313.14,,837.59,13.64,4.31,2.81,-87.31,10.83,0,-0.44,126.62,,,,,,83.12,-41.3,-44.21,-44.12,,-37.28,1.18,-28.43,-19.38,128.34,,,,,,,8792.3,,7936.92,0.45,-44.73,-20.07,1.47,-29.45,2.73,0.47,6.34,57.73,17.18,21.31,36.42,1400.0,0.1517290771434418,-55.3,148.3,25.0,123.3,-65.6,0.08609271523178808,42.5,-855.4,9.268681298724665,-0.13291893471036487,33.0,56.78805970149254,475.6,977.4,-513.3,0.1,1313.1,-0.0,0.40078796561604574,335.69999999999993,-61.26,-41.3,-0.15515101365328932,-0.44,-0.13725490196078427,-37.28,-0.09046052631578949,83.12,0.4610837438423647,-44.21,2.81,-19.38,-28.43,0.45,2.73,1400.0,0.10592857142857144,1.3,114.07692307692308,6.097560975609756,5.167247386759582,-16399.999999999996,63.780367070291675,-0.046857142857142854,-0.0395,140.5,855.4,0.0,-7.8,-30.0,19.89999999999991,-480.0000000001023,-63.6,7.452261306532698,0.14430209035738362,61.315328496697525,66.76,10.72,-129.56121449559257,0.41700000000000004,892.2769230769231,-0.18665714285714285,-0.1796714285714286,-16.953163059263563
2015-10,92.0,948.5,501.7,446.8,125.7,128.9,-0.5,125.7,20.7,52.5,52.5,1094.9,132.8,23.4,36.5,62.5,10.5,100.3,-32.6,124.3,52.7,62.4,-11.0,1.5,0.4,1.5,468.9,5.4,37.9,0.0,5.4,1379.1,4.2,115.8,0,0.0,282.5,282.5,402.5,0.0,0.0,0.0,135.7,135.7,538.2,0.0,0.0,0.1,0.1,1429.4,-586.3,-229.5,-2.3,-2.3,840.9,1379.1,129.6,129.6,0.0,840.9,736.0,192.0,13.9,1.3,124.3,11.0,8.5,6.0,201.7,282.5,66.3,39.1,179.2,1094.9,-948.5,663.9,2.3,1.0,1.0,0.3,1.3,0.0,71.7,9.4,12.9,13.3,13.7,14.1,26.2,27.8,8.1,269.1,17.8,32.1,32.1,30.4,30.4,64.1,60.7,126.5,-54.2,92.0,-199.4,13.5,13.5,-11.4,203.9,0.0,203.9,72.1,2.8,15.6,-10.3,0.4,8.5,44.8,78.6,-24.5,-24.5,-2.6,35.8,-142.7,399.1,-15.5,-219.2,-1.5,11.3,11.9,11.9,12.7,0.0,-192.2,0.0,12.7,0.0,0.0,0.0,0.0,0.0,24.6,-0.1,114.4,387.3,501.7,0.0,0.9,72.1,54.1,92.0,174.4,174.4,174.4,30.6,30.6,143.8,160.0,114.7,45.2,56.2,1.2,1.2,3.3,5.1,3.3,246.8,-72.3,-2.1,-2.1,0.4,0.4,0.0,-0.4,0.4,-0.3,-0.3,-72.2,0.7,-73.0,-73.0,0.0,0.0,-73.0,-73.0,-73.0,128.4,-0.57,-0.57,0.0,-73.0,128.4,-0.57,-0.57,0.0,0.0,0.5,4.5,0.0,0.0,0.0,0.0,-72.2,0.0,0.7,-73.0,-73.0,-0.57,-0.57,3.1,2.5,2.1,3.3,67.8,74.2,4.7,0.0,56.2,-72.3,-66.7,174.42,143.83,-72.34,-66.65,-72.97,501.69,948.53,1379.11,,840.95,36.36,5.69,15.27,175.49,21.09,0,-0.57,128.37,,,,,,82.46,-38.21,-41.48,-41.42,,-41.84,1.46,-31.3,-20.45,129.61,,,,,,,7215.16,,6266.63,0.48,-44.39,-21.09,1.53,-32.28,2.72,0.5,5.72,63.95,15.19,24.1,39.85,1400.0,0.15928395287240843,-73.0,174.4,30.6,143.8,-72.3,0.49689440993788825,72.1,-948.5,9.742585022740966,-0.10849281513539188,54.1,64.00285408490905,538.2,1094.9,-586.3,0.1,1379.1,-0.0,0.33797122131050045,284.1999999999998,-66.65,-38.21,0.06810897435897445,-0.57,0.4249999999999998,-41.84,0.5020576131687242,82.46,0.5034482758620691,-41.48,15.27,-20.45,-31.3,0.48,2.72,1400.0,0.12457142857142857,1.3,134.15384615384616,7.285714285714286,62.28571428571429,-18074.999999999996,60.974548618664336,-0.05164285714285714,-0.052142857142857144,160.0,948.5,0.0,-11.0,-32.6,-64.00000000000014,14.789915966386518,-72.3,-2.724999999999994,0.16685779816513766,63.8048266793059,63.83,8.66,-94.02295573893473,0.4255714285714286,794.4307692307693,-0.19,-0.18321428571428572,-23.77710298859217
2016-01,88.0,1009.0,424.5,584.5,181.7,128.9,-0.5,181.7,26.6,52.5,52.5,1217.3,170.5,41.0,43.9,72.2,13.4,135.0,-35.5,123.3,49.5,62.4,-14.2,1.5,0.4,1.5,468.9,10.3,37.9,0.0,10.3,1536.8,4.9,145.8,0,0.0,347.1,347.1,497.8,0.0,0.0,0.0,179.7,179.7,677.4,0.0,0.0,0.1,0.1,1528.6,-665.6,-229.5,-3.8,-3.8,859.4,1536.8,131.5,131.5,0.0,859.4,736.0,192.0,13.9,1.3,123.3,14.2,8.5,6.0,201.7,347.1,102.4,39.1,179.2,1217.3,-1009.0,686.6,2.3,1.0,1.0,0.3,1.3,0.0,71.7,9.4,12.9,13.3,13.7,14.1,26.2,27.8,8.1,265.5,18.5,33.4,33.4,29.5,29.5,66.7,58.9,121.3,-54.2,88.0,-278.8,19.5,19.5,-11.1,292.7,0.0,292.7,133.3,-53.3,4.7,-10.3,1.0,35.5,145.4,155.6,-51.3,-51.3,-2.6,-102.2,-142.7,522.6,-15.5,-480.6,-1.5,-153.5,0.9,0.9,34.6,19.3,-192.2,19.3,15.3,0.0,0.0,0.0,0.0,0.0,35.5,-0.4,37.2,387.3,424.5,0.0,1.4,133.3,104.3,88.0,220.0,220.0,220.0,35.4,35.4,184.6,197.5,143.9,53.6,66.1,1.2,1.2,3.3,5.1,3.3,299.1,-79.0,-2.1,-2.1,0.6,0.6,0.0,-0.4,0.6,0.0,0.0,-78.4,0.9,-79.3,-79.3,0.0,0.0,-79.3,-79.3,-79.3,127.4,-0.62,-0.62,0.0,-79.3,127.4,-0.62,-0.62,0.0,0.0,0.5,4.5,0.0,0.0,0.0,0.0,-78.4,0.0,0.9,-79.3,-79.3,-0.62,-0.62,3.1,2.9,2.1,3.2,67.8,88.4,4.7,0.0,66.1,-79.0,-73.0,220.02,184.62,-79.03,-73.01,-79.32,424.54,1009.04,1536.84,,859.41,77.01,6.02,26.84,-77.15,50.17,0,-0.62,127.38,,,,,,83.91,-33.18,-35.92,-35.65,,-36.05,1.78,-33.33,-20.02,131.54,,,,,,,6004.03,0.0,4994.99,0.48,-42.88,-20.59,1.66,-34.27,2.45,0.47,4.31,84.89,26.56,13.78,71.11,2100.0,0.1807278403023084,-79.3,220.0,35.4,184.6,-79.0,0.38353765323992994,133.3,-1009.0,10.281589173735838,0.4457805329607285,104.3,78.822434256458,677.4,1217.3,-665.6,0.1,1536.8,-0.0,0.37177100302536653,319.5,-73.01,-33.18,0.36288967705805497,-0.62,0.3191489361702129,-36.05,0.3912280701754385,83.91,0.4925373134328357,-35.92,26.84,-20.02,-33.33,0.48,2.45,2100.0,0.10476190476190476,1.3,169.23076923076923,7.224489795918367,-4.127579737335835,-13166.666666666668,55.92139510671525,-0.03761904761904762,-0.03776190476190476,197.5,1009.0,0.0,-14.2,-35.5,-99.90000000000003,5.353932584269656,-79.0,-2.2022022022022014,0.18499999999999994,69.35634015626829,67.97999999999999,7.09,-68.41514860977948,0.42504761904761906,668.8615384615384,-0.18683333333333335,-0.18026190476190476,-4.616986350214951
2016-04,87.0,1022.5,428.2,594.2,98.6,128.9,-0.5,98.6,30.6,52.5,52.5,1151.7,183.4,41.4,45.7,82.3,14.1,144.7,-38.8,124.6,46.5,62.4,-17.2,1.5,0.4,1.5,468.9,14.9,37.9,0.0,14.9,1483.9,4.9,105.4,0,0.0,354.9,354.9,465.1,0.0,0.0,0.0,185.7,185.7,650.8,0.0,0.0,0.1,0.1,1600.6,-766.5,-229.5,-1.2,-1.2,833.1,1483.9,132.7,132.7,0.0,833.1,736.0,192.0,13.9,1.3,124.6,17.2,8.5,6.0,201.7,354.9,95.9,39.1,179.2,1151.7,-1022.5,661.9,2.3,1.0,1.0,0.3,1.3,0.0,71.7,9.4,12.9,13.3,13.7,14.1,26.2,27.8,8.1,172.6,13.5,22.7,22.7,16.1,16.1,45.3,32.1,81.6,-54.2,87.0,-100.9,6.5,6.5,-0.5,90.9,0.0,90.9,39.7,83.1,-8.1,-10.3,0.1,-36.6,1.3,35.7,-3.7,-3.7,-2.6,-9.7,-142.7,133.1,-15.5,-142.8,0.0,-13.4,-21.0,-21.0,1.7,19.3,-192.2,19.3,1.7,0.0,0.0,0.0,0.0,0.0,-19.4,0.8,3.7,424.5,428.2,0.0,1.0,39.7,32.0,87.0,186.0,186.0,186.0,39.5,39.5,146.5,177.2,122.6,54.6,67.4,1.2,1.2,3.3,5.1,3.3,284.1,-98.1,-2.1,-2.1,0.6,0.6,0.0,-0.4,-0.4,-1.1,-1.1,-99.7,1.2,-100.9,-100.9,0.0,0.0,-100.9,-100.9,-100.9,131.5,-0.77,-0.77,0.0,-100.9,131.5,-0.77,-0.77,0.0,0.0,0.5,4.5,0.0,0.0,0.0,0.0,-99.7,0.0,1.2,-100.9,-100.9,-0.77,-0.77,3.1,3.4,2.1,4.7,91.4,47.8,4.7,0.0,67.4,-98.1,-91.7,185.95,146.45,-98.14,-91.68,-100.9,428.25,1022.49,1483.86,0.0,833.05,35.69,6.46,3.71,3.7,31.98,0,-0.77,131.49,,,,,,78.76,-49.3,-52.78,-53.6,,-54.26,1.71,-37.46,-22.65,132.68,0.0,0.0,0.0,,,,6889.18,,5866.69,0.54,-43.33,-23.19,1.65,-38.34,2.48,0.46,8.1,45.19,29.5,12.41,32.78,2100.0,0.16150039072675176,-100.9,186.0,39.5,146.5,-98.1,0.38169014084507036,39.7,-1022.5,9.461786658805012,0.14019247930837087,32.0,78.11787300444124,650.8,1151.7,-766.5,0.1,1483.9,-0.0,0.39875165046212946,332.20000000000005,-91.68,-49.3,0.3580210339209007,-0.77,0.35087719298245634,-54.26,0.4171348314606742,78.76,0.4797136038186156,-52.78,3.71,-22.65,-37.46,0.54,2.48,2100.0,0.08857142857142856,1.3,143.07692307692307,8.061224489795919,2.2382671480144407,-24524.999999999996,56.14259721005459,-0.04671428571428571,-0.04804761904761905,177.2,1022.5,0.0,-17.2,-38.8,-133.39999999999986,4.1456953642384144,-98.1,-1.3943028485757136,0.12849462365591402,59.94383623916698,68.03,8.28,-63.9909467713787,0.42383333333333334,560.5384615384615,-0.18283333333333335,-0.17745238095238094,1.130756255754789
2016-07,84.0,1020.6,409.9,610.7,131.3,128.9,-0.5,131.3,26.9,52.5,52.5,1178.8,195.8,49.3,49.4,82.3,15.0,152.0,-43.9,124.6,43.4,62.4,-20.3,5.0,0.4,5.0,468.9,13.8,37.9,0.0,13.8,1517.6,5.4,125.2,0,0.0,367.8,367.8,498.4,0.0,0.0,0.0,190.0,190.0,688.5,0.0,0.0,0.1,0.1,1683.9,-853.1,-229.5,-1.8,-1.8,829.1,1517.6,134.4,134.4,0.0,829.1,736.0,192.0,13.9,1.3,124.6,20.3,8.5,6.0,201.7,367.8,99.5,39.1,179.2,1178.8,-1020.6,661.1,2.3,1.0,1.0,0.3,1.3,0.0,71.7,9.4,12.9,13.3,13.7,14.1,26.2,27.8,8.1,183.6,18.4,24.1,24.1,18.5,18.5,48.3,37.0,79.9,-54.2,84.0,-187.5,14.6,14.6,-0.7,179.7,0.0,179.7,47.9,50.4,-3.2,-10.3,0.3,-17.4,17.9,54.0,-14.3,-14.3,-2.6,-29.8,0.0,290.3,-15.5,-316.5,-3.5,-44.0,-30.6,-30.6,5.6,19.3,-192.2,19.3,5.6,0.0,0.0,0.0,0.0,0.0,-25.0,0.4,-14.6,424.5,409.9,1.9,1.7,47.9,39.8,84.0,212.8,212.8,212.8,44.6,44.6,168.1,184.5,130.7,53.8,67.2,1.2,1.2,3.3,5.1,3.3,296.4,-83.6,-2.1,-2.1,0.6,0.6,0.0,-0.8,-0.8,-1.1,-1.1,-85.5,1.1,-86.6,-86.6,0.0,0.0,-86.6,-86.6,-86.6,133.0,-0.65,-0.65,0.0,-86.6,133.0,-0.65,-0.65,0.0,0.0,0.5,4.5,0.0,0.0,0.0,0.0,-85.5,0.0,1.1,-86.6,-86.6,-0.65,-0.65,3.1,5.1,2.1,3.9,91.4,46.7,4.7,0.0,67.2,-83.6,-75.4,212.75,168.14,-83.63,-75.43,-86.6,409.95,1020.61,1517.59,0.0,829.14,18.35,8.17,10.54,-18.3,7.81,0,-0.65,133.04,,,,,,79.03,-35.45,-39.31,-40.18,,-40.7,1.37,-40.77,-24.01,134.45,0.0,0.0,0.0,,,,8310.31,,7289.7,0.56,-42.34,-23.73,1.7,-40.3,2.36,0.45,6.87,53.29,31.45,11.64,41.65,2100.0,0.1805225653206651,-86.6,212.8,44.6,168.1,-83.6,0.27439024390243905,47.9,-1020.6,8.852817075523141,-0.04486767964054883,39.8,83.04185261126523,688.5,1178.8,-853.1,0.1,1517.6,-0.0,0.4086358702207212,338.79999999999995,-75.43,-35.45,0.23130917401240625,-0.65,0.4772727272727273,-40.7,0.5660036166365281,79.03,0.43492919757248827,-39.31,10.54,-24.01,-40.77,0.56,2.36,2100.0,0.10133333333333334,1.3,163.6923076923077,8.25925925925926,4.222222222222222,-10449.999999999998,54.63231418028466,-0.03980952380952381,-0.04123809523809523,184.5,1020.6,0.0,-20.3,-43.9,-127.3000000000001,6.2011173184357435,-83.6,-1.671641791044775,0.17575187969924813,55.1869972730544,59.105,10.14,-96.64191966061247,0.41923809523809524,610.1538461538462,-0.17578571428571427,-0.17919047619047618,-7.993146841822684
2016-10,86.0,1027.0,365.6,661.4,172.5,128.9,-0.5,172.5,29.7,52.5,52.5,1229.2,209.0,56.9,53.1,82.3,16.8,159.8,-49.2,124.6,40.4,62.4,-23.2,5.0,0.4,5.0,468.9,15.8,37.9,0.0,15.8,1575.0,6.4,162.2,0,0.0,385.5,385.5,554.1,0.0,0.0,0.0,206.6,206.6,760.8,0.0,0.0,0.1,0.1,1763.6,-946.6,-229.5,-3.0,-3.0,814.2,1575.0,135.6,135.6,0.0,814.2,736.0,192.0,13.9,1.3,124.6,23.2,8.5,6.0,201.7,385.5,113.6,39.1,179.2,1229.2,-1027.0,649.1,2.3,1.0,1.0,0.3,1.3,0.0,71.7,9.4,12.9,13.3,13.7,14.1,26.2,27.8,8.1,180.7,17.6,23.2,23.2,18.4,18.4,46.3,36.8,79.9,-54.2,86.0,-281.0,22.9,22.9,-0.6,285.3,0.0,285.3,72.7,9.2,-8.1,-10.3,1.5,20.5,49.7,99.3,-27.2,-27.2,-2.6,-81.0,0.0,446.3,-15.5,-523.8,-3.5,-108.2,-57.6,-57.6,7.4,19.3,-192.2,19.3,7.4,0.0,0.0,0.0,0.0,0.0,-50.3,0.2,-58.9,424.5,365.6,3.0,2.4,72.7,72.1,86.0,244.8,244.8,244.8,48.7,48.7,196.1,201.4,149.4,52.0,85.7,1.2,1.2,3.3,5.1,3.3,335.7,-91.0,-2.1,-2.1,0.6,0.6,0.0,-0.8,-0.8,-0.3,-0.3,-92.1,1.4,-93.5,-93.5,0.0,0.0,-93.5,-93.5,-93.5,134.7,-0.69,-0.69,0.0,-93.5,134.7,-0.69,-0.69,0.0,0.0,0.5,4.5,0.0,0.0,0.0,0.0,-92.1,0.0,1.4,-93.5,-93.5,-0.69,-0.69,3.0,5.3,2.1,6.0,91.4,46.4,4.7,0.0,85.7,-91.0,-82.7,244.79,196.12,-90.95,-82.65,-93.49,365.59,1027.0,1574.96,0.0,814.17,45.27,8.28,12.97,-44.36,32.3,0,-0.69,134.68,,,,,,80.12,-33.76,-37.16,-37.63,,-38.19,1.54,-43.54,-24.39,135.58,0.0,0.0,0.0,,,,8098.17,,7071.17,0.58,-41.19,-24.08,1.78,-42.98,2.22,0.43,5.79,63.18,31.74,11.53,51.65,2100.0,0.19915392124959325,-93.5,244.8,48.7,196.1,-91.0,0.2586445366528354,72.7,-1027.0,6.952965583288834,-0.2863325732278089,72.1,93.44141488577745,760.8,1229.2,-946.6,0.1,1575.0,-0.0,0.42471137312699575,345.79999999999995,-82.65,-33.76,0.24006001500375085,-0.69,0.21052631578947367,-38.19,0.2808219178082192,80.12,0.4036697247706422,-37.16,12.97,-24.39,-43.54,0.58,2.22,2100.0,0.11657142857142858,1.3,188.30769230769232,7.609375,26.608695652173918,-11375.0,51.695238095238096,-0.043333333333333335,-0.04452380952380952,201.4,1027.0,0.0,-23.2,-49.2,-140.39999999999998,3.4412915851271992,-91.0,-1.743589743589744,0.19076797385620908,42.02750243440067,35.58,10.02,-85.55559588626738,0.4112380952380953,664.3076923076924,-0.1674761904761905,-0.17157142857142857,-7.011736585412434
2017-01,83.0,1083.4,421.3,662.1,238.3,128.9,-0.5,238.3,38.7,52.5,52.5,1360.4,216.4,58.6,59.4,82.3,16.2,166.4,-50.0,124.6,37.7,62.4,-25.9,5.0,0.4,5.0,468.9,24.4,37.9,0.0,24.4,1718.5,7.5,181.2,0,0.0,478.7,478.7,667.4,0.0,0.0,0.0,246.0,246.0,913.4,0.0,0.0,0.1,0.1,1828.8,-1020.8,-229.5,-3.0,-3.0,805.2,1718.5,137.2,137.2,0.0,805.2,736.0,192.0,13.9,1.3,124.6,25.9,8.5,6.0,201.7,478.7,146.8,39.1,179.2,1360.4,-1083.4,642.8,2.3,1.0,1.0,0.3,1.3,0.0,71.7,9.4,12.9,13.3,13.7,14.1,26.2,27.8,8.1,177.2,20.4,22.3,22.3,18.4,18.4,44.6,36.7,75.4,-54.2,83.0,-355.2,34.9,34.9,-0.3,386.8,8.6,378.2,135.7,-56.6,-25.7,-10.3,2.7,39.3,176.0,201.8,-45.3,-45.3,-2.6,-82.1,0.0,605.2,-15.5,-683.8,-3.5,-127.5,-85.6,-85.6,7.8,19.3,-192.2,19.3,7.8,0.0,0.0,0.0,0.0,0.0,-77.9,0.3,-3.2,424.5,421.3,4.1,3.0,135.7,156.5,83.0,306.5,306.5,306.5,58.3,58.3,248.2,243.7,186.5,57.2,75.6,1.2,1.2,3.3,5.1,3.3,377.6,-71.1,-2.1,-2.1,0.6,0.6,0.0,-0.8,-0.8,-0.5,-0.5,-72.4,1.8,-74.2,-74.2,0.0,0.0,-74.2,-74.2,-74.2,135.8,-0.55,-0.55,0.0,-74.2,135.8,-0.55,-0.55,0.0,0.0,0.5,4.5,0.0,0.0,0.0,0.0,-72.4,0.0,1.8,-74.2,-74.2,-0.55,-0.55,2.7,9.2,2.1,15.4,91.4,42.8,4.7,0.0,75.6,-71.1,-59.2,306.46,248.2,-71.11,-59.17,-74.2,421.35,1083.44,1718.55,0.0,805.16,102.52,11.94,18.13,55.75,84.39,0,-0.55,135.82,,,,,,80.99,-19.31,-23.2,-23.62,,-24.21,2.02,-42.68,-21.82,137.17,0.0,0.0,0.0,,,,7849.33,0.0,6765.89,0.58,-36.81,-21.48,1.96,-42.01,2.04,0.4,4.52,80.9,30.89,11.85,69.05,2700.0,0.2253013819464863,-74.2,306.5,58.3,248.2,-71.1,-0.10000000000000009,135.7,-1083.4,9.30720767433504,-0.09476954223086853,156.5,113.4517451248292,913.4,1360.4,-1020.8,0.1,1718.5,-0.0,0.44473422752111264,358.0999999999999,-59.17,-19.31,-0.18956307355156832,-0.55,-0.11290322580645151,-24.21,-0.06431273644388391,80.99,0.3931818181818181,-23.2,18.13,-21.82,-42.68,0.58,2.04,2700.0,0.11351851851851852,1.3,235.76923076923077,7.7733333333333325,-5.415194346289753,-8887.499999999998,46.84899621763166,-0.02633333333333333,-0.02748148148148148,243.7,1083.4,0.0,-25.9,-50.0,-202.40000000000006,2.2745616936817723,-71.1,-1.5143280632411062,0.20130505709624794,55.17844549784344,50.21,9.86,-114.34662835896569,0.41999470899470903,730.8461538461538,-0.15619047619047619,-0.16129100529100526,-6.323862446451338
2017-04,83.0,1087.2,466.4,620.8,171.3,128.9,-0.5,171.3,44.9,52.5,52.5,1303.4,221.8,58.9,64.3,82.3,16.4,165.4,-56.4,124.6,35.0,62.4,-28.6,5.0,0.4,5.0,468.9,25.2,37.9,0.0,25.2,1658.6,8.2,161.2,0,0.0,469.1,469.1,638.5,0.0,0.0,0.0,256.3,256.3,894.9,0.0,0.0,0.1,0.1,1887.9,-1120.7,-229.5,-3.6,-3.6,763.7,1658.6,138.3,138.3,0.0,763.7,736.0,192.0,13.9,1.3,124.6,28.6,8.5,6.0,201.7,469.1,156.7,39.1,179.2,1303.4,-1087.2,604.1,2.3,1.0,1.0,0.3,1.3,0.0,71.7,9.4,12.9,13.3,13.7,14.1,26.2,27.8,8.1,173.0,22.0,21.6,21.6,18.2,18.2,43.2,36.5,71.3,-54.2,83.0,-115.1,9.1,9.1,0.1,100.6,8.6,100.6,46.7,66.1,-7.1,-10.3,0.7,-18.9,16.1,41.4,-5.6,-5.6,-2.6,40.6,0.0,163.1,-15.5,-122.5,0.0,35.0,-32.5,-32.5,1.5,19.3,-192.2,19.3,1.5,0.0,-0.3,0.0,-0.3,-0.3,-31.3,0.0,45.1,421.3,466.4,1.9,2.3,46.7,35.8,83.0,226.8,226.8,226.8,58.2,58.2,168.6,210.0,154.9,55.1,71.3,1.2,1.2,3.3,5.1,3.3,339.4,-112.7,-2.1,-2.1,0.6,0.6,0.0,-0.5,-0.5,-0.6,-0.6,-113.8,1.3,-115.1,-115.1,0.0,0.0,-115.1,-115.1,-115.1,137.8,-0.84,-0.84,0.0,-115.1,137.8,-0.84,-0.84,0.0,0.0,0.5,4.5,0.0,0.0,0.0,0.0,-113.8,0.0,1.3,-115.1,-115.1,-0.84,-0.84,2.7,6.4,2.1,5.3,90.1,22.6,4.7,0.0,71.3,-112.7,-103.5,226.77,168.61,-112.65,-103.55,-115.12,466.43,1087.23,1658.59,0.0,763.73,41.36,9.1,5.61,45.08,35.75,0,-0.84,137.79,,,,,,74.35,-45.66,-49.68,-50.18,,-50.77,1.84,-45.3,-23.02,138.34,0.0,0.0,0.0,,,,8896.26,,7809.03,0.63,-36.17,-22.66,1.97,-44.6,2.04,0.4,7.3,50.17,31.96,11.45,38.72,2700.0,0.17400644468313642,-115.1,226.8,58.2,168.6,-112.7,0.14882772680937828,46.7,-1087.2,10.82794428079937,0.14438685538560825,35.8,117.17952075422286,894.9,1303.4,-1120.7,0.1,1658.6,-0.0,0.46510409846798456,355.1999999999998,-103.55,-45.66,0.12947207678883066,-0.84,0.09090909090909083,-50.77,0.14073339940535168,74.35,0.21935483870967754,-49.68,5.61,-23.02,-45.3,0.63,2.04,2700.0,0.084,1.3,174.46153846153845,7.097560975609757,3.431164901664146,-22540.0,46.04485710840468,-0.041740740740740745,-0.04262962962962963,210.0,1087.2,0.0,-28.6,-56.4,-238.50000000000009,1.927399838666308,-112.7,-0.9509433962264148,0.06040564373897702,60.00944156202088,62.57,11.65,-75.41313375181072,0.4154232804232804,762.2307692307693,-0.15121693121693122,-0.15587301587301589,-5.88050299410204
2017-07,86.0,1083.5,419.8,663.7,208.1,128.9,-0.5,208.1,49.4,52.5,52.5,1341.0,225.1,59.4,66.8,82.3,16.6,162.0,-63.1,138.7,34.6,66.2,-31.6,5.0,0.4,5.0,468.9,22.9,37.9,0.0,22.9,1704.2,9.0,177.8,0,0.0,482.2,482.2,669.0,0.0,0.0,0.0,267.2,267.2,936.2,0.0,0.0,0.1,0.1,1973.4,-1204.2,-229.5,-1.3,-1.3,768.0,1704.2,139.9,139.9,0.0,768.0,736.0,192.0,13.9,1.3,138.7,31.6,8.5,6.0,201.7,482.2,167.0,39.1,179.2,1341.0,-1083.5,594.7,2.3,1.0,1.0,0.3,1.3,0.0,71.7,9.4,12.9,13.3,13.7,14.1,26.2,27.8,8.1,167.3,22.9,20.5,20.5,17.9,17.9,41.1,35.8,67.4,-54.2,86.0,-183.4,19.9,19.9,-0.9,182.8,8.6,182.8,46.2,30.2,-7.9,-10.3,2.0,-1.9,23.7,64.5,-8.5,-8.5,-2.6,-19.7,-17.2,338.3,-15.5,-340.7,0.0,-28.2,-39.8,-39.8,2.0,19.3,-192.2,19.3,2.0,0.0,-0.8,0.0,-0.8,-0.8,-38.7,0.7,-1.5,421.3,419.8,4.0,3.9,46.2,56.0,86.0,280.2,280.2,280.2,59.9,59.9,220.3,225.8,167.8,58.0,71.8,1.2,1.2,3.3,5.1,3.3,357.4,-77.2,-2.1,-2.1,0.6,0.6,0.0,-0.5,-0.2,-0.9,-0.9,-78.2,0.4,-78.6,-78.6,0.0,0.0,-78.6,-78.6,-78.6,143.3,-0.55,-0.55,0.0,-78.6,143.3,-0.55,-0.55,0.0,0.0,0.5,4.5,0.0,0.0,0.0,0.0,-78.2,0.0,0.4,-78.6,-78.6,-0.55,-0.55,4.2,6.6,2.1,5.2,90.1,77.3,4.7,0.0,71.8,-77.2,-66.4,280.22,220.35,-77.2,-66.39,-78.59,419.81,1083.55,1704.15,0.0,767.96,23.19,10.81,2.91,-46.62,20.28,0,-0.57,139.06,,,,,,78.63,-23.69,-27.55,-27.92,,-28.05,2.1,-44.29,-21.96,139.88,0.0,0.0,0.0,,,,8301.43,,7217.88,0.65,-33.16,-21.65,2.02,-43.68,2.0,0.39,6.2,59.04,31.22,11.72,47.31,2700.0,0.20894854586129752,-78.6,280.2,59.9,220.3,-77.2,-0.07655502392344493,46.2,-1083.5,10.53958749747965,0.19053487805821767,56.0,121.90104166666667,936.2,1341.0,-1204.2,0.1,1704.2,-0.0,0.4729166666666667,363.20000000000005,-66.39,-23.69,-0.11984621503380621,-0.57,-0.1230769230769232,-28.05,-0.09237875288683606,78.63,0.31672932330827064,-27.55,2.91,-21.96,-44.29,0.65,2.0,2700.0,0.10377777777777777,1.3,215.53846153846152,6.655555555555555,9.278145695364238,-38600.0,45.0651332003286,-0.028592592592592593,-0.02911111111111111,225.8,1083.5,0.0,-31.6,-63.1,-220.79999999999998,2.02240735420856,-77.2,-1.2690217391304348,0.1873661670235546,56.48571666478975,58.82,10.93,-108.71938544961591,0.4178677248677249,814.0769230769231,-0.14,-0.14374603174603173,-5.4778829421876996
2017-10,78.0,1058.4,393.3,665.1,264.5,128.9,-0.5,264.5,44.5,52.5,52.5,1367.4,230.9,63.1,68.3,82.3,17.2,161.2,-69.6,161.4,52.4,87.6,-35.1,5.0,0.4,5.0,468.9,28.3,37.9,0.0,28.3,1775.8,12.4,190.4,0,0.0,516.4,516.4,719.2,0.0,0.0,0.0,284.9,284.9,1004.1,0.0,0.0,0.1,0.1,2028.5,-1254.8,-229.5,-2.1,-2.1,771.7,1775.8,141.0,141.0,0.0,771.7,736.0,192.0,13.9,1.3,161.4,35.1,8.5,6.0,201.7,516.4,185.7,39.1,179.2,1367.4,-1058.4,557.9,2.3,1.0,1.0,0.3,1.3,0.0,71.7,9.4,12.9,13.3,13.7,14.1,26.2,27.8,8.1,164.7,22.5,20.6,20.6,18.6,18.6,41.2,37.2,63.8,-54.2,78.0,-223.4,30.0,30.0,-2.7,294.5,8.6,294.5,18.3,-24.9,-8.5,-44.5,4.9,18.2,73.0,116.8,-13.9,-13.9,-2.6,-63.2,-59.4,514.0,-15.5,-517.9,0.0,-77.2,-69.4,-69.4,2.5,19.3,-192.2,19.3,2.5,0.0,-1.3,0.0,-1.3,-1.3,-68.2,0.5,-28.0,421.3,393.3,6.1,4.9,18.3,102.9,78.0,342.5,342.5,342.5,64.2,64.2,278.3,234.1,183.0,51.2,74.1,1.2,1.2,3.3,5.1,3.3,372.4,-29.9,-2.1,-2.1,2.4,2.4,0.0,-0.5,0.3,-0.3,-0.3,-29.9,-0.2,-29.7,-29.7,0.0,0.0,-29.7,-29.7,-29.7,140.4,-0.21,-0.21,0.0,-29.7,140.4,-0.21,-0.21,0.0,0.0,0.5,4.5,0.0,0.0,0.0,0.0,-29.9,0.0,-0.2,-29.7,-29.7,-0.21,-0.21,3.6,6.5,2.1,0.3,90.1,44.6,4.7,0.0,74.1,-29.9,-19.8,342.49,278.32,-29.88,-19.76,-29.67,393.31,1058.39,1775.78,0.0,771.71,52.29,10.12,5.42,-26.5,46.87,0,-0.21,140.41,,,,,,81.26,-5.77,-8.72,-8.73,,-8.66,2.01,-36.56,-17.3,140.98,0.0,0.0,0.0,-14.01,,,9421.34,,8362.95,0.69,-24.93,-17.11,2.11,-36.14,1.9,0.37,5.26,69.56,25.58,14.31,55.25,2700.0,0.2504753546877285,-29.7,342.5,64.2,278.3,-29.9,-0.6714285714285715,18.3,-1058.4,11.283414910731892,0.62282047502883,102.9,130.11532979136973,1004.1,1367.4,-1254.8,0.1,1775.8,-0.0,0.5292211999481662,408.39999999999986,-19.76,-5.77,-0.7609195402298851,-0.21,-0.6956521739130435,-8.66,-0.6823529411764706,81.26,0.3991013071895424,-8.72,5.42,-17.3,-36.56,0.69,1.9,2700.0,0.12685185185185185,1.3,263.46153846153845,5.17741935483871,-13.755020080321286,-9966.666666666668,43.4564703232346,-0.011074074074074073,-0.011,234.1,1058.4,0.0,-35.1,-69.6,-182.00000000000017,1.804590570719602,-29.9,-1.88186813186813,0.2782481751824818,62.01859890749145,62.62,12.3,-423.2262145748988,0.4281481481481481,889.2307692307692,-0.10774074074074076,-0.11022222222222222,-5.6161613304660865
2018-01,92.0,1165.2,545.9,619.2,396.4,128.9,-0.5,396.4,70.0,52.5,52.5,1684.0,237.1,67.3,69.5,82.3,18.1,160.9,-76.3,161.4,48.1,87.6,-35.1,5.4,0.4,5.0,468.9,79.6,37.9,0.0,41.7,2139.4,11.0,230.0,0,0.0,489.9,489.9,730.9,0.0,0.0,0.0,277.2,277.2,1008.1,0.0,0.0,0.1,0.1,2086.9,-955.9,-229.5,0.2,0.2,1131.3,2139.4,142.8,142.8,0.0,1131.3,736.0,192.0,13.9,48.1,161.4,35.1,8.5,6.0,201.7,489.9,178.8,39.1,179.2,1684.0,-1165.2,921.8,2.3,1.0,1.0,0.3,1.3,0.0,71.7,9.4,12.9,13.3,13.7,14.1,26.2,27.8,8.1,164.7,22.5,20.6,20.6,18.6,18.6,41.2,37.2,63.8,-54.2,92.0,-190.2,40.9,40.9,-4.8,400.2,-5.2,405.4,16.8,-151.0,-45.6,-76.8,3.4,54.5,232.3,262.9,-20.5,-20.5,-2.6,-18.0,-59.4,687.5,-15.5,-645.8,-0.4,-38.5,-103.8,-103.8,4.2,19.3,-192.2,19.3,4.2,0.0,-1.8,0.0,-1.8,-1.8,-101.4,1.6,124.6,421.3,545.9,8.2,6.5,16.8,242.4,92.0,459.7,459.7,459.7,74.2,74.2,385.4,267.2,213.2,54.0,84.0,1.2,1.2,3.3,5.1,3.3,425.3,34.3,-2.1,-2.1,2.7,2.7,0.0,-0.5,0.6,-1.8,-1.8,33.1,-0.1,33.2,33.2,0.0,0.0,33.2,33.2,33.2,142.1,0.23,0.23,0.0,33.2,142.1,0.23,0.23,0.0,0.0,0.5,4.5,0.0,0.0,0.0,0.0,33.1,0.0,-0.1,33.2,33.2,0.23,0.23,4.3,6.6,2.1,6.0,90.1,48.3,4.7,0.0,84.0,34.3,45.2,459.65,385.45,34.32,45.23,33.17,545.95,1165.15,2139.45,0.0,1131.32,146.07,10.9,6.57,152.63,139.5,0,0.23,142.13,,,,,,83.86,9.84,7.47,7.19,-0.31,7.22,1.88,-19.65,-9.86,142.84,0.0,0.0,0.0,16.35,1.0,0.0,13066.51,,11901.36,0.68,-14.43,-9.79,1.99,-19.51,2.3,0.45,4.13,88.72,27.66,13.23,75.49,3200.0,0.27298099762470307,33.2,459.7,74.2,385.4,34.3,-1.4824191279887482,16.8,-1165.2,8.132914642232672,-0.12617028363303018,242.4,89.1098735967471,1008.1,1684.0,-955.9,0.1,2139.4,0.0,0.40254574383452674,455.4000000000001,45.23,9.84,-1.764407639006253,0.23,-1.4181818181818182,7.22,-1.4474393530997305,83.86,0.499836867862969,7.47,6.57,-9.86,-19.65,0.68,2.3,3200.0,0.14365624999999999,48.1,9.557172557172557,6.745454545454546,-3.044370860927152,5716.666666666666,52.879311956623354,0.010718749999999999,0.010375,267.2,1165.2,0.0,-35.1,-76.3,77.50000000000003,2.9703763010408317,34.3,5.931612903225804,0.3745921252991081,64.74853156057581,59.75,11.66,263.12978111872656,0.4582858796296296,663.0187110187109,-0.07068865740740743,-0.07236574074074073,1.8297796360008247
2018-04,25.0,950.1,481.8,468.3,207.9,128.9,-0.5,207.9,90.1,52.5,52.5,1300.7,238.4,68.2,69.9,82.3,18.1,155.7,-82.7,413.9,87.5,131.7,-44.1,9.8,0.8,9.0,468.9,82.8,36.8,0.0,46.0,2050.3,9.9,176.3,0,0.0,472.3,472.3,658.5,0.0,0.0,0.0,273.3,273.3,931.7,0.0,0.0,0.1,0.1,2194.9,-1075.0,-229.5,-1.5,-1.5,1118.5,2050.3,145.0,145.0,0.0,1118.5,736.0,192.0,13.9,48.1,413.9,44.1,8.5,6.0,201.7,472.3,176.1,39.1,179.2,1300.7,-950.1,617.1,2.3,1.0,1.0,0.3,1.3,0.0,71.7,9.4,12.9,13.3,13.7,14.1,26.2,27.8,8.1,159.6,24.5,21.3,21.3,17.6,17.6,42.6,35.2,57.2,-54.2,25.0,-118.5,11.4,11.4,-0.2,110.2,-5.2,110.2,73.6,195.6,-23.3,-14.7,-1.1,-58.8,-24.1,76.5,-2.3,-2.3,-2.6,-137.3,-284.2,174.1,-15.5,-22.9,-4.4,-139.6,-0.8,-0.8,1.1,19.3,-192.2,19.3,1.1,0.0,-0.6,0.0,-0.6,-0.6,-0.3,-0.8,-64.1,545.9,481.8,2.1,2.1,73.6,74.2,25.0,311.6,311.6,311.6,78.0,78.0,233.7,265.5,206.1,59.4,86.4,1.2,1.2,3.3,5.1,3.3,433.1,-121.5,-2.1,-2.1,2.7,2.7,0.0,1.1,1.1,-0.1,-0.1,-120.5,-2.0,-118.5,-118.5,0.0,0.0,-118.5,-118.5,-118.5,143.5,-0.83,-0.83,0.0,-118.5,143.5,-0.83,-0.83,0.0,0.0,0.5,4.5,0.0,0.0,0.0,3.3,-117.2,1.2,-0.8,-116.4,-116.4,-0.81,-0.81,4.7,6.7,2.1,6.1,90.1,51.9,4.7,0.0,86.4,-118.2,-106.8,311.64,233.67,-118.17,-106.75,-118.5,481.83,950.15,2050.28,71.66,1118.54,76.49,11.42,2.3,-64.12,74.19,0,-0.83,143.55,-14.75,-9.36,-0.07,-4.7,74.19,74.98,-34.25,-37.92,-38.66,,-38.02,1.94,-20.57,-10.44,144.99,3.5,6.02,6.41,,,,14882.8,,14004.31,0.75,-14.03,-10.55,1.97,-20.78,1.98,0.31,7.35,49.78,30.46,12.02,37.76,3200.0,0.23956331206273546,-118.5,311.6,78.0,233.7,-121.5,0.07808340727595375,73.6,-950.1,8.306288466782252,-0.23288407740411432,74.2,83.29161451814768,931.7,1300.7,-1075.0,0.1,2050.3,-0.0,0.6701832811801521,749.6000000000001,-106.75,-34.25,0.030902945436986906,-0.83,-0.011904761904761862,-38.02,0.02953953084274552,74.98,0.37389770723104054,-37.92,2.3,-10.44,-20.57,0.75,1.98,3200.0,0.097375,48.1,6.478170478170479,7.878787878787879,1.5930470347648262,-11045.454545454544,54.55786958006146,-0.03796875,-0.03703125,265.5,950.1,0.0,-44.1,-82.7,295.30000000000024,-6.725352112676038,-118.2,1.055198103623433,0.08857509627727854,64.74853156057581,59.75,13.31,-131.1879156908665,0.4716608796296296,495.035343035343,-0.06691666666666668,-0.06676736111111112,3.835921135850672
2018-07,28.0,891.6,419.7,471.9,247.8,128.9,-0.5,247.8,65.8,57.4,57.4,1262.7,245.2,70.9,73.8,82.3,18.3,156.4,-88.8,503.4,105.9,156.3,-50.4,9.8,0.8,9.0,468.9,113.4,43.4,0.0,70.0,2151.5,14.5,232.3,0,0.0,494.6,494.6,741.3,0.0,0.0,0.0,263.3,263.3,1004.7,0.0,0.0,0.1,0.1,2327.9,-1178.5,-229.5,-2.7,-2.7,1146.8,2151.5,146.6,146.6,0.0,1146.8,736.0,192.0,13.9,48.1,503.4,50.4,8.5,6.0,201.7,494.6,167.0,39.1,179.2,1262.7,-891.6,537.6,2.3,1.0,1.0,0.3,1.3,0.0,68.5,6.3,12.9,13.3,13.7,14.1,26.2,27.8,8.1,293.6,27.4,30.5,30.5,27.3,27.3,60.9,54.5,150.7,-54.2,28.0,-222.0,24.2,24.2,-0.1,232.0,-5.2,232.0,76.0,156.4,-21.9,-43.4,3.0,-5.6,-12.5,110.0,-7.9,-7.9,-2.6,-250.7,-394.9,347.2,-15.5,-198.6,-4.4,-258.6,23.4,23.4,1.4,19.3,-192.2,19.3,1.4,0.0,-1.2,0.0,-1.2,-1.2,23.6,-1.2,-126.3,545.9,419.7,4.1,4.0,76.0,102.2,28.0,388.3,388.3,388.3,83.7,83.7,304.6,295.7,233.2,62.5,106.7,1.2,1.2,6.0,5.1,6.0,492.2,-103.9,-2.1,-2.1,2.7,2.7,0.0,1.1,1.5,-0.3,-0.3,-102.7,0.8,-103.5,-103.5,0.0,0.0,-103.5,-103.5,-103.5,149.5,-0.7,-0.7,0.0,-103.5,149.5,-0.7,-0.7,0.0,0.0,0.5,4.5,0.0,0.0,0.0,6.0,-96.7,2.1,2.9,-99.6,-99.6,-0.67,-0.67,6.3,6.5,2.1,6.1,90.1,54.5,4.7,0.0,106.7,-97.9,-85.1,388.3,304.56,-97.86,-85.06,-103.5,419.68,891.58,2151.52,68.52,1146.84,33.52,12.75,5.56,-62.14,27.96,0,-0.71,145.03,11.36,11.66,0.08,2.9,27.96,78.43,-21.91,-25.2,-26.45,,-26.65,2.1,-22.82,-11.33,146.61,3.18,5.64,5.97,,,,13934.77,,13111.71,0.78,-14.65,-11.41,2.01,-22.98,1.7,0.24,6.59,55.54,25.59,14.3,41.24,3200.0,0.30751564108656054,-103.5,388.3,83.7,304.6,-103.9,0.34585492227979286,76.0,-891.6,10.582305667172719,0.004053115902618032,102.2,87.60899895361005,1004.7,1262.7,-1178.5,0.1,2151.5,-0.0,0.7750261597488664,888.8,-85.06,-21.91,0.28121705076065684,-0.71,0.2456140350877194,-26.65,0.31679389312977113,78.43,0.3857958600999287,-25.2,5.56,-11.33,-22.82,0.78,1.7,3200.0,0.12134375,48.1,8.072765072765073,5.772413793103448,2.4827365728900257,-6926.666666666667,53.302347199628166,-0.032468750000000005,-0.03234375,295.7,891.6,0.0,-50.4,-88.8,394.40000000000003,-2.438940092165898,-97.9,0.9845334685598377,0.18387844450167404,81.17584039540918,70.78,12.29,-154.14660239830707,0.48922685185185183,287.5696465696465,-0.07079282407407408,-0.07,6.089476343540945
2018-10,11.0,2671.5,1868.1,803.4,303.3,128.9,-0.5,303.3,69.8,63.5,63.5,3108.1,251.7,73.4,77.8,82.3,18.3,156.5,-95.2,503.4,98.7,156.3,-57.5,113.7,0.8,113.0,468.9,159.2,52.0,0.0,107.2,4139.7,18.7,286.1,0,0.0,504.6,504.6,809.4,1614.9,1614.9,1614.9,293.5,293.5,2717.8,0.0,0.0,0.1,0.1,2660.5,-1234.2,-229.5,-4.6,-4.6,1421.9,4139.7,147.8,147.8,0.0,1421.9,736.0,192.0,13.9,48.1,503.4,57.5,8.5,6.0,201.7,504.6,198.0,39.1,179.2,3108.1,-1056.6,819.7,2.3,1.0,1.0,0.3,1.3,0.0,65.4,3.1,12.9,13.3,13.7,14.1,26.2,27.8,8.1,469.2,26.6,46.8,46.8,43.1,43.1,93.6,86.3,262.8,-54.2,11.0,-277.7,37.9,37.9,-0.4,369.6,-5.2,369.6,39.7,100.9,-62.8,-80.7,6.8,47.1,28.5,169.1,-15.2,-15.2,-2.6,-685.2,-394.9,525.1,-15.5,-810.3,-5.1,-700.3,-250.9,-250.9,1.7,19.3,-192.2,19.3,1.7,0.0,2104.4,2106.2,-1.9,2104.4,1855.2,-1.8,1322.2,545.9,1868.1,6.2,5.6,39.7,153.9,11.0,481.0,481.0,481.0,89.2,89.2,391.8,318.0,254.3,63.7,117.7,1.2,1.2,6.0,5.1,6.0,531.0,-50.0,-12.3,-12.3,8.6,8.6,0.0,1.1,-3.7,-0.2,-0.2,-53.9,1.8,-55.7,-55.7,0.0,0.0,-55.7,-55.7,-55.7,146.4,-0.38,-0.38,0.0,-55.7,146.4,-0.38,-0.38,0.0,0.0,0.5,4.5,0.0,0.0,0.0,6.0,-47.9,2.1,3.9,-51.8,-51.8,-0.35,-0.35,7.1,6.7,12.3,6.3,90.1,54.1,4.7,0.0,117.7,-44.0,-30.2,480.98,391.76,-44.01,-30.21,-55.7,1868.12,2671.5,4139.67,1680.32,1421.87,59.08,13.78,7.32,1448.44,51.76,0,-0.38,146.39,65.41,57.64,0.38,15.5,51.76,81.45,-6.28,-9.15,-11.2,,-11.58,2.04,-22.3,-8.27,147.78,40.59,54.17,118.18,-3.59,,,14639.12,,13647.94,0.55,-14.87,-8.25,2.7,-22.25,3.84,0.56,5.78,63.34,20.92,17.49,45.85,3200.0,0.15475692545284903,-55.7,481.0,89.2,391.8,-50.0,0.6722408026755853,39.7,-1056.6,10.294274536711384,-0.08766321028217405,153.9,191.13861734299184,2717.8,3108.1,-1234.2,0.1,4139.7,-0.0,0.7255081229341022,1031.6,-30.21,-6.28,0.5288461538461537,-0.38,0.8095238095238095,-11.58,0.8754208754208757,81.45,0.40437956204379555,-9.15,7.32,-8.27,-22.3,0.55,3.84,3200.0,0.1503125,48.1,10.0,4.770053475935829,4.767096134786917,-1351.3513513513512,34.34789960625165,-0.015625,-0.01740625,318.0,2671.5,1614.9,-57.5,-95.2,517.9999999999998,-1.3440476190476207,-44.0,0.9285714285714289,0.28586278586278585,99.98243827698028,92.35,10.38,-451.7689506785833,0.5126875,34.108108108108055,-0.07534375000000001,-0.07640625000000001,8.899915903980505
2019-01,66.0,2757.4,1876.2,881.2,469.7,128.9,-0.5,469.7,73.2,78.2,78.2,3378.5,260.1,79.1,79.9,82.3,18.9,158.3,-101.8,503.4,91.6,156.3,-64.7,110.6,1.1,109.5,468.9,257.9,64.8,0.0,193.1,4500.2,20.4,351.7,0,0.0,673.0,673.0,1045.1,1634.5,1634.5,1634.5,300.2,300.2,2979.8,0.0,0.0,0.1,0.1,2754.9,-1232.0,-229.5,-2.5,-2.5,1520.5,4500.2,149.2,149.2,0.0,1520.5,736.0,192.0,13.9,48.1,503.4,64.7,8.5,6.0,201.7,673.0,204.9,39.1,179.2,3378.5,-1122.9,925.4,2.3,1.0,1.0,0.3,1.3,0.0,62.2,12.9,13.3,13.7,14.1,7.7,27.0,21.8,0.5,465.8,31.0,48.2,48.2,42.3,42.3,96.3,84.7,253.9,-54.2,66.0,-275.6,52.4,52.4,-4.1,543.1,0.0,543.1,-19.4,-65.5,-148.5,-130.5,9.2,112.0,203.8,296.5,-23.2,-23.2,-2.6,-756.1,-394.9,754.1,-15.5,-1109.9,-5.5,-779.3,-291.3,-291.3,2.0,19.3,-192.2,19.3,2.0,0.0,2102.8,2105.3,-2.5,2102.8,1813.4,-0.4,1330.2,545.9,1876.2,8.2,6.6,-19.4,273.3,66.0,622.1,622.1,622.1,93.7,93.7,528.4,367.0,285.4,81.6,131.2,1.2,1.2,6.0,5.1,6.0,597.9,24.2,-25.6,-25.6,16.1,16.1,0.0,1.1,-9.4,-0.9,-0.9,13.9,11.7,2.1,2.1,0.0,0.0,2.1,2.1,2.1,147.8,0.01,0.01,0.0,2.1,147.8,0.01,0.01,0.0,0.0,0.5,4.5,0.0,0.0,0.0,6.0,19.9,2.1,13.8,6.0,6.0,0.04,0.04,7.1,7.4,25.6,7.7,90.1,67.4,4.7,0.0,131.2,30.2,44.6,622.09,528.35,30.16,44.64,2.13,1876.17,2757.39,4500.24,1696.7,1520.46,127.37,14.48,7.98,8.05,119.39,0,0.01,147.78,166.42,142.15,0.93,,119.39,84.93,7.18,4.85,2.23,84.68,0.34,1.5,-20.78,-8.3,149.17,37.7,52.74,111.59,1.18,1.0,0.0,18449.23,0.0,17388.55,0.54,-14.6,-7.93,2.5,-19.85,3.23,0.52,4.16,87.9,21.91,16.7,71.2,4400.0,0.18413497114103894,2.1,622.1,93.7,528.4,24.2,-0.29446064139941686,-19.4,-1122.9,10.52289181756105,0.2938647803971386,273.3,195.98789792159963,2979.8,3378.5,-1232.0,0.1,4500.2,0.0,0.7377178559684313,1121.6999999999998,44.64,7.18,-0.013044439531284424,0.01,-0.9565217391304348,0.34,-0.9367469879518072,84.93,0.3532738742658257,4.85,7.98,-8.3,-20.78,0.54,3.23,4400.0,0.14138636363636364,48.1,12.933471933471933,4.593137254901961,-9.497709923664123,257.4468085106383,33.78516510377316,0.0055,0.0004772727272727273,367.0,2757.4,1634.5,-64.7,-101.8,563.9999999999995,-0.716757599376462,30.2,1.1030141843971641,0.39061244172962545,108.24766386616923,113.11,12.25,389.5284498207885,0.5104176136363636,37.48440748440743,-0.08056250000000002,-0.08630397727272728,4.071317185151864
2019-04,62.0,2675.4,1835.2,840.2,285.3,128.9,-0.5,285.3,79.1,75.0,75.0,3114.8,393.2,88.3,83.9,0.0,221.1,291.3,-101.9,503.4,84.5,156.3,-71.8,146.2,1.5,144.7,468.9,266.6,61.4,0.0,205.2,4406.7,23.4,318.4,0,0.0,631.7,631.7,973.6,1653.5,1653.5,1653.5,353.7,353.7,2980.7,0.0,0.0,0.2,0.2,2809.3,-1380.2,-229.5,-3.2,-3.2,1426.0,4406.7,150.2,150.2,0.0,1426.0,736.0,192.0,13.9,48.1,503.4,71.8,8.5,6.0,201.7,631.7,174.0,39.1,179.2,3114.8,-1022.0,838.1,2.3,1.0,1.0,0.3,1.3,0.0,62.2,12.9,13.3,13.7,14.1,7.7,27.0,21.8,0.5,218.4,29.7,42.7,41.7,36.6,26.1,84.4,62.7,41.5,-54.2,62.0,-155.4,13.4,13.4,0.0,169.2,0.0,169.2,7.8,184.4,-17.9,-23.5,2.9,-65.9,-72.2,35.0,-14.9,-14.9,-2.6,8.6,0.0,298.4,-15.5,-289.4,-0.4,-6.3,-69.0,-69.0,0.4,19.3,-192.2,19.3,0.4,0.0,0.0,2105.3,0.0,0.0,-68.6,-1.0,-40.9,1876.2,1835.2,7.7,8.3,7.8,20.1,62.0,424.9,424.9,424.9,95.8,95.8,329.0,337.8,266.8,71.0,129.0,1.2,1.2,6.0,5.1,6.0,569.8,-145.0,-23.0,-23.0,16.3,16.3,0.0,1.1,-6.7,-0.5,-0.5,-152.2,3.2,-155.4,-155.4,0.0,0.0,-155.4,-155.4,-155.4,149.1,-1.04,-1.04,0.0,-155.4,149.1,-1.04,-1.04,0.0,0.0,0.5,4.5,0.0,0.0,0.0,6.0,-146.2,2.1,5.3,-151.5,-151.5,-1.02,-1.02,7.1,6.3,23.0,11.3,90.1,52.1,4.7,0.0,129.0,-139.0,-125.6,424.85,329.03,-138.99,-125.56,-155.43,1835.23,2675.44,4406.74,1653.48,1426.03,35.03,13.42,14.9,-40.94,20.13,0,-1.04,149.06,-7.79,3.2,0.02,-1.8,20.13,77.45,-29.55,-32.71,-35.82,,-36.58,1.08,-24.56,-9.68,150.17,37.52,53.69,115.95,-6.04,,,20728.32,,19706.36,0.59,-15.39,-9.13,2.54,-23.18,3.2,0.49,7.77,47.1,21.77,16.81,30.29,4400.0,0.1364132528573263,-155.4,424.9,95.8,329.0,-145.0,0.1934156378600822,7.8,-1022.0,11.49010783581567,0.38330228738935035,20.1,209.02524544179522,2980.7,3114.8,-1380.2,0.2,4406.7,-0.0,0.9059607293127627,1291.8999999999996,-125.56,-29.55,0.17620608899297419,-1.04,0.2530120481927711,-36.58,0.31139240506329124,77.45,0.36360718870346576,-32.71,14.9,-9.68,-24.56,0.59,3.2,4400.0,0.09656818181818182,48.1,8.833679833679833,4.094017094017095,2.304229934924078,-2164.179104477612,32.359815735130596,-0.03295454545454545,-0.03531818181818182,337.8,2675.4,1653.5,-71.8,-101.9,577.8,-0.5742755698087275,-139.0,0.7353755624783662,0.14638738526712167,109.891977021282,105.36,14.54,-156.94775406180312,0.5096107954545455,39.83991683991678,-0.07554829545454547,-0.08459090909090909,3.7514946440067973
2019-07,46.0,2575.9,1672.0,903.9,408.9,128.9,-0.5,408.9,83.0,77.6,77.6,3145.4,418.4,97.9,85.6,0.0,234.9,310.1,-108.3,503.4,77.4,156.3,-78.9,94.0,1.9,92.1,468.9,357.2,64.7,0.0,292.5,4487.6,25.9,355.9,0,0.0,645.4,645.4,1027.2,1673.6,1673.6,1673.6,352.9,352.9,3053.7,0.0,0.0,0.2,0.2,2918.3,-1481.1,-229.5,-3.5,-3.5,1433.8,4487.6,151.3,151.3,0.0,1433.8,736.0,192.0,13.9,48.1,503.4,78.9,8.5,6.0,215.2,645.4,160.9,41.3,191.5,3145.4,-902.3,853.0,2.3,1.0,1.0,0.3,1.3,0.0,62.2,12.9,13.3,13.7,14.1,7.7,27.0,21.8,0.5,232.8,20.5,44.2,43.2,38.6,29.1,87.3,67.7,57.3,-60.6,46.0,-256.3,27.1,27.1,-0.2,333.4,0.0,333.4,-198.0,60.8,-110.3,-53.2,5.3,-28.8,-71.7,-93.9,-26.4,-26.4,-2.6,0.6,0.0,541.6,-15.5,-539.7,-1.3,-25.8,-83.2,-83.2,0.6,19.3,-192.2,19.3,0.6,0.0,0.0,2105.3,0.0,0.0,-82.7,-1.8,-204.2,1876.2,1672.0,7.7,15.2,-198.0,-120.4,46.0,516.6,516.6,516.6,98.3,98.3,418.3,370.1,298.0,72.1,133.9,1.2,1.2,0.0,5.1,0.0,603.5,-86.9,-24.1,-24.1,16.4,16.4,0.0,1.1,-7.7,-0.7,-0.7,-95.2,5.6,-100.9,-100.9,0.0,0.0,-100.9,-100.9,-100.9,150.3,-0.67,-0.67,0.0,-100.9,150.3,-0.67,-0.67,0.0,0.0,0.5,4.5,0.0,0.0,0.0,0.0,-95.2,0.0,5.6,-100.9,-100.9,-0.67,-0.67,7.1,6.6,24.1,11.1,90.1,59.5,4.7,0.0,133.9,-86.9,-73.2,516.56,418.25,-86.9,-73.22,-100.87,1672.01,2575.87,4487.57,1673.57,1433.84,-128.97,13.73,11.53,-163.22,-140.5,0,-0.67,150.31,46.55,46.64,0.3,9.0,-140.5,80.97,-14.17,-16.82,-18.44,,-19.53,0.25,-24.02,-9.34,151.34,37.29,53.86,116.72,-3.61,,,20319.73,,19417.43,0.62,-14.06,-8.66,2.57,-22.28,3.06,0.47,6.23,58.78,18.67,19.6,39.18,4400.0,0.16423984230940422,-100.9,516.6,98.3,418.3,-86.9,-0.16361886429258898,-198.0,-902.3,10.982396206806118,0.03780750171245928,-120.4,212.96464188576599,3053.7,3145.4,-1481.1,0.2,4487.6,-0.0,0.9361138234063331,1342.2000000000003,-73.22,-14.17,-0.13919586174465082,-0.67,-0.05633802816901401,-19.53,-0.02512077294685988,80.97,0.3304146278650528,-16.82,11.53,-9.34,-24.02,0.62,3.06,4400.0,0.11740909090909091,48.1,10.74012474012474,3.7953667953667956,8.49671052631579,-1128.5714285714287,31.952491309385874,-0.01975,-0.02293181818181818,370.1,2575.9,1673.6,-78.9,-108.3,718.8000000000003,-0.43065037729069344,-86.9,0.7186978297161933,0.23286875725900116,104.774836466662,98.54,14.28,-265.1929800600929,0.5056761363636363,42.50727650727645,-0.06282954545454546,-0.07517897727272728,3.485659005163153
2019-10,4.0,1821.8,873.5,948.4,638.1,128.9,-0.5,638.1,103.2,84.5,84.5,2647.6,520.7,127.1,90.4,0.0,303.2,403.9,-116.8,1278.5,249.0,338.0,-89.0,66.9,1.9,66.9,468.9,423.9,67.8,0.0,356.0,5069.8,28.0,418.7,0,0.0,689.9,689.9,1136.6,1694.0,1694.0,1694.0,413.1,413.1,3243.7,0.0,0.0,0.2,0.2,3367.9,-1538.7,-229.5,-3.2,-3.2,1826.1,5069.8,155.9,155.9,0.0,1826.1,736.0,192.0,13.9,48.1,1278.5,89.0,8.5,6.0,278.3,689.9,165.7,50.9,247.0,2647.6,-127.9,298.7,2.3,1.0,1.0,0.3,1.3,0.0,62.2,12.9,13.3,13.7,14.1,7.7,27.0,21.8,0.5,297.9,12.5,55.0,54.6,47.6,36.7,109.6,84.3,91.6,-84.2,4.0,-313.9,46.1,46.1,-0.4,505.5,0.0,505.5,-466.1,-165.7,-190.0,-84.5,-1.1,6.1,-30.8,-228.8,-53.5,-53.5,-2.6,-589.8,-576.3,806.0,-15.5,-815.7,-3.8,-643.3,-129.7,-129.7,0.6,19.3,-192.2,19.3,0.6,0.0,0.0,0.0,0.0,0.0,-129.1,-1.6,-1002.7,1876.2,873.5,15.8,16.6,-466.1,-282.3,4.0,626.3,626.3,626.3,107.8,107.8,518.5,400.7,323.3,77.4,158.7,2.3,2.3,4.3,5.1,4.3,673.8,-47.5,-24.4,-24.4,12.6,12.6,0.0,1.1,-11.8,-0.2,-0.2,-59.5,-1.9,-57.6,-57.6,0.0,0.0,-57.6,-57.6,-57.6,152.4,-0.38,-0.38,0.0,-57.6,152.4,-0.38,-0.38,0.0,0.0,0.5,4.5,0.0,0.0,0.0,4.3,-55.2,1.5,-0.4,-54.8,-54.8,-0.36,-0.36,10.1,8.6,24.4,12.6,90.1,55.4,4.7,0.0,158.7,-43.2,-24.5,626.34,518.52,-43.18,-24.46,-57.64,873.47,1821.82,5069.8,1693.95,1826.12,-134.86,18.94,27.09,-798.53,-161.95,0,-0.38,152.4,65.41,57.64,0.58,13.6,-161.95,82.79,-3.91,-6.89,-9.5,,-9.2,-0.91,-19.2,-6.77,155.9,33.41,48.12,92.76,-1.77,,,18155.77,,18027.9,0.48,-13.38,-6.36,2.84,-18.05,2.33,0.3,4.65,78.67,16.95,21.6,57.07,4400.0,0.23655386009971294,-57.6,626.3,107.8,518.5,-47.5,-0.050000000000000044,-466.1,-127.9,10.836961810660359,0.05271738887608324,-282.3,177.6299216910355,3243.7,2647.6,-1538.7,0.2,5069.8,-0.0,1.3264333826186958,2422.2000000000003,-24.46,-3.91,-0.19033432638199266,-0.38,0.0,-9.2,0.03411131059245953,82.79,0.30207900207900207,-6.89,27.09,-6.77,-19.2,0.48,2.33,4400.0,0.14234090909090907,48.1,13.02079002079002,3.85,-3.779722389861195,-402.5423728813559,36.01917235393902,-0.010795454545454546,-0.01309090909090909,400.7,1821.8,1694.0,-89.0,-116.8,1904.1000000000001,-0.1972668345650469,-43.2,0.3289218003256131,0.3116717228165416,129.85154831001893,133.81,10.24,-737.0359771054783,0.49770454545454546,45.52806652806647,-0.05800000000000001,-0.07086363636363636,2.8860093769173374
2020-01,2.0,1755.2,778.7,976.5,838.7,128.9,-0.5,838.7,129.8,99.1,99.1,2822.8,547.5,142.0,109.9,0.0,295.7,424.0,-123.5,1292.8,238.4,341.6,-103.2,35.4,2.0,33.3,468.9,157.1,89.0,0.0,68.1,5439.5,18.9,464.0,0,0.0,829.4,829.4,1312.3,1714.6,1714.6,1714.6,413.1,413.1,3440.0,0.0,0.0,0.2,0.2,3566.1,-1561.5,-229.5,-5.3,-5.3,1999.4,5439.5,157.8,157.8,0.0,1999.4,736.0,192.0,13.9,48.1,1292.8,103.2,8.5,6.0,267.1,829.4,176.8,44.8,235.6,2822.8,-40.5,468.2,2.3,1.0,1.0,0.3,1.3,0.0,62.2,12.9,13.3,13.7,14.1,7.7,27.0,21.8,0.5,280.4,37.8,56.0,49.0,36.8,29.6,105.0,66.4,71.2,-82.1,2.0,-336.7,67.7,67.7,-6.1,722.4,2.0,720.4,-734.9,-679.9,-78.6,-149.4,-5.4,58.7,119.8,-287.6,-103.7,-101.1,-2.6,-604.3,-594.9,1080.8,-15.5,-1086.3,-3.9,-708.0,-103.8,-103.8,3.5,19.3,-192.2,19.3,3.5,0.0,0.0,0.0,0.0,0.0,-100.2,-1.7,-1097.5,1876.2,778.7,15.8,17.4,-734.9,-391.3,2.0,791.2,791.2,791.2,127.8,127.8,663.3,473.6,378.3,95.3,197.5,4.4,4.4,-4.3,5.1,-4.3,799.0,-7.8,-24.7,-24.7,8.8,8.8,0.0,1.1,-16.0,-1.0,-1.0,-24.7,-2.0,-22.7,-22.7,0.0,0.0,-22.7,-22.7,-22.7,155.8,-0.15,-0.15,0.0,-22.7,155.8,-0.15,-0.15,0.0,0.0,0.5,4.5,0.0,0.0,0.0,-4.3,-29.0,-1.5,-3.5,-25.5,-25.5,-0.16,-0.16,14.2,7.5,24.7,14.6,90.1,78.9,4.7,0.0,197.5,-12.1,9.6,791.18,663.34,-12.07,9.64,-22.73,778.65,1755.16,5439.47,1714.63,1999.43,-58.83,21.58,50.18,-94.82,-109.01,0,-0.15,155.82,190.85,155.66,0.98,,-106.43,83.84,1.22,-1.53,-3.12,,-2.87,-1.66,-19.13,-6.77,157.79,31.52,46.17,85.76,-0.49,,,24215.81,0.0,24175.28,0.47,-14.06,-6.67,2.82,-18.84,2.15,0.28,3.61,101.5,21.84,16.76,84.75,5800.0,0.28028907467762504,-22.7,791.2,127.8,663.3,-7.8,-1.322314049586777,-734.9,-40.5,9.772650325767895,-0.07129613273616664,-391.3,172.04301075268816,3440.0,2822.8,-1561.5,0.2,5439.5,-0.0,1.308742622786836,2616.7,9.64,1.22,-0.7840501792114696,-0.15,-16.0,-2.87,-11.809523809523808,83.84,0.27182125060279705,-1.53,50.18,-6.77,-19.13,0.47,2.15,5800.0,0.13641379310344828,48.1,16.449064449064448,6.761904761904762,-1.1637005441976762,-48.75,36.75889328063241,-0.0013448275862068964,-0.003913793103448276,473.6,1755.2,1714.6,-103.2,-123.5,2185.6,-0.2045388420133838,-12.1,0.36200585651537337,0.36021233569261873,125.41986088814446,118.375,12.25,2507.8091286307053,0.4927319749216301,49.043659043658984,-0.06484482758620691,-0.07525470219435737,2.1450010490355464
2020-04,2.0,1756.6,922.5,834.1,645.2,128.9,-0.5,645.2,127.4,100.0,100.0,2629.2,691.4,161.0,100.4,0.0,430.0,566.9,-124.5,1292.8,223.7,341.6,-117.9,17.1,2.4,14.7,335.4,159.1,83.4,0.0,75.7,5224.3,24.9,366.1,0,0.0,769.0,769.0,1160.0,1735.0,1735.0,1735.0,519.1,519.1,3414.2,0.0,0.0,0.2,0.2,3678.9,-1867.1,-229.5,-1.9,-1.9,1810.1,5224.3,158.8,158.8,0.0,1810.1,736.0,192.0,13.9,48.1,1292.8,117.9,8.5,6.0,398.7,769.0,153.1,57.7,364.8,2629.2,-21.5,293.5,2.3,1.0,1.0,0.3,1.3,0.0,62.2,12.9,13.3,13.7,14.1,7.7,27.0,21.8,0.5,422.5,37.0,70.7,66.3,55.5,49.2,137.0,104.7,143.8,-137.0,2.0,-305.6,20.5,20.5,-0.9,216.5,0.5,216.0,115.6,327.1,-4.8,-22.2,7.3,-107.8,-84.0,46.0,-18.3,-14.8,-3.5,165.3,-594.9,254.8,-15.5,-87.1,-2.4,147.0,-49.2,-49.2,1.4,19.3,-192.2,19.3,1.4,0.0,0.0,0.0,0.0,0.0,-47.8,-1.4,143.9,778.7,922.5,8.0,1.5,115.6,27.7,2.0,434.1,434.1,434.1,128.6,128.6,305.5,397.6,320.6,77.0,192.1,4.4,4.4,-4.3,5.1,-4.3,722.7,-288.6,-24.4,-24.4,6.5,6.5,0.0,1.1,-18.0,-0.7,-0.7,-307.2,-1.7,-305.6,-305.6,0.0,0.0,-305.6,-305.6,-305.6,157.5,-1.94,-1.94,0.0,-305.6,157.5,-1.94,-1.94,0.0,0.0,0.5,4.5,0.0,0.0,0.0,-4.3,-307.2,-1.5,-1.7,-305.6,-305.6,-1.94,-1.94,14.7,5.8,24.4,17.8,90.1,69.7,4.7,0.0,192.1,-288.6,-268.1,434.08,305.46,-288.61,-268.08,-305.58,922.51,1756.57,5224.27,1735.05,1810.06,46.04,20.49,18.3,143.85,27.74,0,-1.94,157.53,-111.11,-87.47,-0.56,-25.6,31.29,70.37,-61.76,-66.49,-70.78,,-70.4,-1.78,-30.09,-10.11,158.84,33.21,48.94,95.86,-11.81,,,22294.51,,22272.99,0.49,-20.55,-10.11,2.98,-30.08,2.27,0.28,5.09,71.9,19.16,19.1,52.8,5800.0,0.16510725696029213,-305.6,434.1,128.6,305.5,-288.6,0.990344827586207,115.6,-21.5,10.284243876265794,-0.10494801065235371,27.7,188.61941329208327,3414.2,2629.2,-1867.1,0.2,5224.3,-0.0,1.4336776973647867,2595.1000000000004,-268.08,-61.76,1.1350748646065623,-1.94,0.8653846153846152,-70.4,0.9665379665379665,70.37,0.021652153447870193,-66.49,18.3,-10.11,-30.09,0.49,2.27,5800.0,0.0748448275862069,48.1,9.024948024948024,5.164658634538153,1.3271170895750535,-1603.3333333333335,34.64770399862183,-0.04975862068965518,-0.0526896551724138,397.6,1756.6,1735.0,-117.9,-124.5,2030.9000000000005,-0.3302794495342507,-288.6,0.21374759958639022,-0.03478461184058978,118.19371327256329,124.665,12.32,-83.08337063563117,0.47100862068965516,49.23492723492718,-0.08164890282131662,-0.09262617554858935,1.6233730861435705
2020-07,1.0,2056.7,1467.9,588.8,793.1,128.9,-0.5,793.1,118.0,112.6,112.6,3080.4,705.5,176.6,107.8,0.0,421.0,572.8,-132.7,1292.8,209.1,341.6,-132.5,17.7,2.9,14.7,330.3,143.4,74.5,0.0,68.9,5646.5,40.8,432.3,0,0.0,760.6,760.6,1233.7,2248.4,2248.4,2248.4,494.9,494.9,3977.0,0.0,0.0,0.2,0.2,3802.4,-2128.4,-229.5,-4.7,-4.7,1669.5,5646.5,160.4,160.4,0.0,1669.5,736.0,192.0,13.9,48.1,1292.8,132.5,8.5,6.0,388.9,760.6,143.3,68.3,349.8,3080.4,191.7,167.5,2.3,1.0,1.0,0.3,1.3,0.0,62.2,12.9,13.3,13.7,14.1,7.7,27.0,21.8,0.5,418.0,30.8,73.3,66.6,55.5,49.0,139.9,104.5,142.9,-128.0,1.0,-566.9,42.7,42.7,-0.6,406.2,-6.0,412.2,-5.4,184.3,12.5,-60.2,23.0,-62.7,-102.3,-124.0,-32.9,-25.8,-7.1,407.7,-594.9,497.7,-15.5,-87.1,-2.9,374.8,-142.4,-142.4,2.7,19.3,-192.2,19.3,2.7,0.0,577.6,1246.5,-668.9,577.6,437.9,0.6,689.2,778.7,1467.9,8.6,6.3,-5.4,-157.0,1.0,491.7,491.7,491.7,131.6,131.6,360.1,395.7,321.2,74.6,194.4,4.3,4.3,5.1,5.1,-4.3,731.1,-239.5,-30.1,-30.1,3.6,3.6,0.0,1.1,-26.6,5.9,5.9,-260.1,1.2,-261.3,-261.3,0.0,0.0,-261.3,-261.3,-261.3,159.0,-1.64,-1.64,0.0,-261.3,159.0,-1.64,-1.64,0.0,0.0,0.5,4.5,0.0,0.0,0.5,5.6,-254.5,1.9,3.2,-257.7,-257.7,-1.62,-1.62,14.8,7.7,30.1,20.6,90.1,64.7,4.7,0.0,194.4,-233.9,-211.3,491.66,360.1,-233.89,-211.35,-261.32,1467.9,2056.67,5646.49,2248.4,1669.48,-170.08,22.19,14.65,545.39,-184.72,0,-1.64,158.95,-62.96,-52.61,-0.33,-12.8,-181.14,73.24,-42.99,-47.57,-52.9,,-53.15,-1.31,-41.71,-12.77,160.39,39.82,57.39,134.68,-7.76,,,33333.88,,33525.61,0.46,-27.81,-12.86,3.27,-41.99,2.5,0.33,3.9,93.87,14.86,24.63,69.24,5800.0,0.15962212699649395,-261.3,491.7,131.6,360.1,-239.5,1.7560414269275029,-5.4,191.7,13.696404569315183,0.24712351579768277,-157.0,238.21503444144955,3977.0,3080.4,-2128.4,0.2,5646.5,-0.0,1.537047020065888,2566.1,-211.35,-42.99,1.8865064190111993,-1.64,1.4477611940298503,-53.15,1.5896927651139743,73.24,-0.04819976771196288,-47.57,14.65,-12.77,-41.71,0.46,2.5,5800.0,0.08477586206896552,48.1,10.222453222453222,3.2254901960784315,2.6679327183939225,-900.375939849624,29.56698839989374,-0.041293103448275865,-0.045051724137931036,395.7,2056.7,2248.4,-132.5,-132.7,2126.4,-0.40615773935048494,-233.9,0.23123589164785552,0.0791132804555624,143.81224797780942,124.735,20.16,-158.62602318429145,0.4383753918495298,48.717255717255654,-0.10319200626959249,-0.1147460815047022,1.1359111480752326
2020-10,6.0,1993.7,1652.3,341.4,800.0,128.9,-0.5,800.0,140.9,120.8,120.8,3055.2,703.0,179.8,114.5,0.0,408.7,560.6,-142.5,1301.1,199.2,345.5,-146.3,18.2,3.5,14.7,316.8,143.5,67.9,0.0,75.7,5594.7,16.5,476.9,0,0.0,763.6,763.6,1257.0,2275.3,2275.3,2275.3,453.0,453.0,3985.4,0.0,0.0,0.2,0.2,3943.7,-2329.9,-229.5,-4.6,-4.6,1609.3,5594.7,161.7,161.7,0.0,1609.3,736.0,192.0,13.9,48.1,1301.1,146.3,8.5,6.0,375.0,763.6,110.5,64.7,339.4,3055.2,281.6,109.0,2.3,1.0,1.0,0.3,1.3,0.0,62.2,12.9,13.3,13.7,14.1,7.7,27.0,21.8,0.5,404.1,11.8,72.0,66.5,55.2,48.9,138.5,104.1,149.7,-122.1,6.0,-768.4,67.3,67.3,-2.0,610.1,-6.0,616.1,-74.1,190.9,-14.5,-99.8,-5.2,-13.2,-132.4,-167.1,-39.0,-28.3,-10.7,641.0,-11.8,743.3,-15.5,-87.1,-3.5,602.0,-142.4,-142.4,3.1,19.3,-192.2,19.3,3.1,0.0,577.6,1246.5,-668.9,577.6,438.3,0.5,873.6,778.7,1652.3,22.9,8.4,-74.1,-206.1,6.0,558.6,558.6,558.6,136.8,136.8,421.8,390.5,328.6,61.9,190.2,4.3,4.3,2.2,0.0,2.2,724.1,-165.5,-34.0,-34.0,2.4,2.4,0.0,1.1,-31.6,-0.7,-0.7,-197.8,3.7,-201.5,-201.5,0.0,0.0,-201.5,-201.5,-201.5,160.5,-1.26,-1.26,0.0,-201.5,160.5,-1.26,-1.26,0.0,0.0,0.5,4.5,0.0,0.0,0.5,2.2,-195.6,0.8,4.5,-200.1,-200.1,-1.25,-1.25,13.8,10.8,34.0,18.9,90.1,57.4,2.6,0.0,190.2,-163.3,-138.7,558.57,421.79,-163.29,-138.71,-201.53,1652.26,1993.67,5594.7,2275.31,1609.31,-43.06,24.58,6.06,184.37,-49.12,0,-1.26,160.51,-9.54,-11.94,-0.07,-1.7,,75.51,-24.83,-29.23,-35.41,,-36.08,-1.01,-46.06,-14.84,161.7,40.67,58.57,141.38,-4.81,,,31764.42,,32046.06,0.43,-34.71,-14.81,3.1,-45.99,2.43,0.32,3.16,115.65,23.58,15.52,100.13,5800.0,0.18283582089552242,-201.5,558.6,136.8,421.8,-165.5,2.4842105263157896,-74.1,281.6,13.339654600635434,0.2309404456434614,-206.1,247.64804573417018,3985.4,3055.2,-2329.9,0.2,5594.7,-0.0,1.5780152861492576,2539.5,-138.71,-24.83,4.670891251022077,-1.26,2.3157894736842106,-36.08,2.498263888888889,75.51,-0.10809516206290903,-29.23,6.06,-14.84,-46.06,0.43,2.43,5800.0,0.09631034482758621,48.1,11.613305613305613,8.290909090909091,2.92613933996857,-523.7341772151899,28.764723756412312,-0.02853448275862069,-0.03474137931034483,390.5,1993.7,2275.3,-146.3,-142.5,2179.7,-0.34178950977031197,-163.3,0.2562737991466716,0.1668456856426781,133.75393239129346,123.4,19.9,-231.0291976065172,0.3923448275862069,47.30977130977125,-0.12093103448275865,-0.13639655172413795,1.0632631468962912
2021-01,10.0,1858.9,1771.1,87.8,1114.2,128.9,-0.5,1114.2,162.9,136.3,136.3,3272.4,664.8,181.0,77.7,16.7,389.4,539.1,-125.7,1334.9,206.2,367.1,-160.9,13.7,3.5,10.2,347.2,155.1,69.6,0.0,85.4,5868.5,9.3,484.9,0,0.0,1030.5,1030.5,1524.7,2302.6,2302.6,2302.6,447.1,447.1,4274.5,0.0,0.0,0.2,0.2,4063.9,-2469.5,-229.5,-0.6,-0.6,1594.0,5868.5,163.1,163.1,0.0,1594.0,736.0,192.0,13.9,48.1,1334.9,160.9,8.4,6.0,356.3,1030.5,110.4,64.1,331.0,3272.4,443.7,53.0,2.3,1.0,1.0,0.3,1.3,0.0,62.2,12.9,13.3,13.7,14.1,7.7,27.0,21.8,0.5,395.0,66.4,67.0,55.7,49.3,50.5,122.7,99.9,106.1,-117.1,10.0,-908.0,93.7,93.7,-3.6,860.9,-1.4,862.3,-233.9,-153.7,-45.5,-160.0,-9.1,0.0,134.4,-190.9,-51.7,-37.1,-14.6,848.9,-56.4,995.9,-15.5,-87.1,-3.5,797.2,-198.2,-198.2,3.5,19.3,-192.2,19.3,3.5,0.0,577.6,1246.5,-668.9,577.6,382.9,3.2,992.4,778.7,1771.1,29.7,9.8,-233.9,-242.6,10.0,745.1,745.1,745.1,150.2,150.2,594.9,464.5,387.0,77.6,208.4,4.7,4.7,3.8,2.7,1.1,831.7,-86.6,-34.5,-34.5,1.4,1.4,0.0,1.1,-33.1,-16.2,-16.2,-135.9,3.7,-139.5,-139.5,0.0,0.0,-139.5,-139.5,-139.5,162.0,-0.86,-0.86,0.0,-139.5,162.0,-0.86,-0.86,0.0,0.0,0.0,4.5,0.0,0.0,4.5,8.3,-127.5,2.9,6.6,-134.1,-134.1,-0.83,-0.83,14.6,11.8,34.5,25.2,90.1,62.9,-9.9,0.0,208.4,-78.3,-51.9,745.08,594.92,-78.26,-51.87,-139.55,1771.06,1858.91,5868.49,2302.64,1594.01,-23.77,26.4,12.7,118.8,-36.47,0,-0.86,161.98,419.35,64.9,0.41,,,79.85,-6.96,-10.5,-18.24,,-18.73,-0.92,-50.54,-16.06,163.15,39.24,59.09,144.46,-2.27,,,26688.79,0.0,27132.51,0.39,-40.42,-15.94,3.15,-50.15,2.15,0.3,2.28,160.31,38.72,9.45,150.86,6500.0,0.22769221366581102,-139.5,745.1,150.2,594.9,-86.6,10.102564102564102,-233.9,443.7,18.678945279579825,0.9113489848632346,-242.6,268.16185696361356,4274.5,3272.4,-2469.5,0.2,5868.5,-0.0,1.6286700125470515,2596.1,-51.87,-6.96,-6.380705394190871,-0.86,4.733333333333333,-18.73,5.145374449339207,79.85,-0.0582659251769464,-10.5,12.7,-16.06,-50.54,0.39,2.15,6500.0,0.11463076923076923,48.1,15.49064449064449,16.1505376344086,-4.84775536759922,-261.63141993957703,27.161966430944872,-0.013323076923076922,-0.021461538461538462,464.5,1858.9,2302.6,-160.9,-125.7,2324.2999999999997,-0.33885452005587713,-78.3,0.3205696338682615,0.27902294993960536,183.79159738055705,186.86,16.89,-523.0867553499132,0.37056180371352787,46.35135135135129,-0.13290928381962866,-0.15394429708222812,1.0218269242491793
2021-04,12.0,1865.4,1845.2,20.2,775.9,128.9,-0.5,775.9,262.1,114.7,114.7,3018.2,515.4,137.9,88.7,14.5,274.4,384.7,-130.7,1334.9,191.3,367.1,-175.8,13.6,3.9,9.7,191.1,164.0,78.5,0.0,85.5,5297.9,48.8,425.4,0,0.0,923.9,923.9,1398.2,2329.2,2329.2,2329.2,324.3,324.3,4051.6,0.0,0.0,0.2,0.2,4187.3,-2940.5,-229.5,-0.7,-0.7,1246.2,5297.9,163.9,163.9,0.0,1246.2,736.0,192.0,13.9,48.1,1334.9,175.8,8.4,6.0,245.8,923.9,86.2,64.1,226.0,3018.2,463.8,-280.0,2.3,1.0,1.0,0.3,1.3,0.0,62.2,12.9,13.3,13.7,14.1,7.7,27.0,21.8,0.5,395.0,66.4,67.0,55.7,49.3,50.5,122.7,99.9,106.1,-117.1,12.0,-471.0,25.8,25.8,-1.1,306.0,52.5,253.5,211.0,494.3,-98.2,-29.6,22.8,-47.7,-130.8,70.7,-3.9,-0.9,-3.1,67.7,-56.4,87.8,-15.5,-20.2,0.1,63.8,-60.8,-60.8,0.5,19.3,-192.2,19.3,0.5,0.0,577.6,1246.5,-668.9,577.6,-60.3,0.0,74.1,1771.1,1845.2,0.0,1.6,211.0,66.7,12.0,502.1,502.1,502.1,171.9,171.9,330.1,463.1,375.2,87.9,247.2,4.7,4.7,55.2,2.7,55.2,937.4,-435.3,-33.6,-33.6,0.4,0.4,0.0,1.1,-33.2,-1.2,-1.2,-469.8,1.2,-471.0,-471.0,0.0,0.0,-471.0,-471.0,-471.0,163.2,-2.89,-2.89,0.0,-471.0,163.2,-2.89,-2.89,0.0,0.0,0.0,4.5,0.0,0.0,4.5,55.2,-414.6,19.3,20.5,-435.1,-435.1,-2.67,-2.67,14.8,11.0,33.6,25.2,90.1,72.7,-9.9,0.0,247.2,-380.1,-354.3,502.05,330.15,-380.15,-354.35,-471.0,1845.2,1865.39,5297.87,2329.19,1246.23,70.66,25.8,3.92,74.13,66.74,0,-2.89,163.17,,,,,,65.76,-70.58,-75.72,-93.57,,-93.82,-1.0,-70.24,-20.4,163.91,43.96,65.14,186.9,-11.32,,,20720.58,,21184.37,0.44,-46.3,-20.22,3.44,-69.6,2.16,0.31,3.23,113.2,16.02,22.85,90.35,6500.0,0.16635743158173746,-471.0,502.1,171.9,330.1,-435.3,0.5083160083160083,211.0,463.8,26.33152117908812,1.5603750257086562,66.7,325.0902671908851,4051.6,3018.2,-2940.5,0.2,5297.9,-0.0,1.8293211362542126,2279.7,-354.35,-70.58,0.32180692330647576,-2.89,0.4896907216494846,-93.82,0.5412303664921465,65.76,0.1566459341165629,-75.72,3.92,-20.4,-70.24,0.44,2.16,6500.0,0.07724615384615385,48.1,10.43866943866944,3.5225409836065578,1.0157798907546025,-1311.1445783132529,23.524415334377768,-0.06696923076923077,-0.07246153846153847,463.1,1865.4,2329.2,-175.8,-130.7,2016.5999999999995,-0.42277949351451516,-380.1,0.2489834374690073,-0.08982274447321244,201.08440469054852,186.93,16.63,-59.7837448850007,0.3729631299734748,47.76507276507271,-0.15011989389920427,-0.17371618037135278,1.0570627621317963
2021-07,24.0,2498.2,2231.2,267.0,882.4,128.9,-0.5,882.4,171.3,100.8,100.8,3652.7,510.1,136.0,100.9,5.5,267.7,371.9,-138.2,1401.6,192.9,383.5,-190.6,36.9,4.1,32.8,194.6,195.7,104.3,0.0,91.4,6046.3,45.8,543.2,0,0.0,954.1,954.1,1543.0,3054.5,3054.5,3054.5,314.2,314.2,4911.7,0.0,0.0,0.2,0.2,4689.3,-3324.4,-229.5,-0.9,-0.9,1134.7,6046.3,161.7,161.7,1.7,1134.7,736.0,192.0,13.9,48.1,1401.6,190.6,8.4,6.0,239.1,954.1,80.5,64.1,219.2,3652.7,556.3,-459.9,2.3,1.0,1.0,0.3,1.3,0.0,62.2,12.9,13.3,13.7,14.1,7.7,27.0,21.8,0.5,395.0,66.4,67.0,55.7,49.3,50.5,122.7,99.9,106.1,-117.1,24.0,-855.0,50.6,50.6,-0.3,576.5,52.6,524.0,242.8,384.8,-14.8,-77.1,19.7,38.0,-107.7,14.7,-9.5,-4.4,-5.1,-283.3,-80.3,87.8,-15.5,-289.6,-1.2,-292.8,-53.5,-53.5,-191.0,19.3,-192.2,-192.2,1.2,0.0,982.7,982.7,0.0,982.7,738.2,0.0,460.1,1771.1,2231.2,7.1,4.5,242.8,5.2,24.0,605.7,605.7,605.7,183.4,183.4,422.3,507.1,405.1,101.9,259.7,4.7,4.7,55.2,2.7,55.2,950.2,-344.4,-39.0,-39.0,0.5,0.5,0.0,1.1,-38.5,1.1,1.1,-381.8,2.2,-384.0,-384.0,0.0,0.0,-384.0,-384.0,-384.0,164.0,-2.34,-2.34,0.0,-384.0,164.0,-2.34,-2.34,0.0,0.0,0.0,4.5,0.0,0.0,4.5,55.2,-381.8,19.3,2.2,-384.0,-384.0,-2.34,-2.34,14.9,10.0,39.0,25.2,90.1,86.3,-9.9,0.0,259.7,-344.4,-319.5,605.74,422.34,-344.43,-319.53,-383.95,2231.17,2498.2,6046.32,3054.46,1134.67,-55.92,24.83,5.59,385.97,-61.51,0,-2.34,164.02,,,,,,69.72,-52.75,-56.86,-63.03,,-63.39,-0.35,-85.3,-20.46,161.75,50.52,72.91,269.2,-8.83,,,23272.99,,23829.25,0.41,-49.15,-20.27,4.17,-84.54,2.37,0.35,2.88,127.15,14.83,24.67,102.48,6500.0,0.16582254222903609,-384.0,605.7,183.4,422.3,-344.4,0.43799582463465536,242.8,556.3,24.68180732124006,0.8020647094885096,5.2,432.90146307068557,4911.7,3652.7,-3324.4,0.2,6046.3,-0.0,2.10945624394113,2393.6000000000004,-319.53,-52.75,0.5118523775727466,-2.34,0.42682926829268286,-63.39,0.46957520091848437,69.72,0.2318486882245272,-56.86,5.59,-20.46,-85.3,0.41,2.37,6500.0,0.0931846153846154,48.1,12.592515592515593,4.004366812227075,1.574064449064449,-894.5454545454545,18.765195243371984,-0.05298461538461538,-0.059076923076923075,507.1,2498.2,3054.5,-190.6,-138.2,2019.7000000000005,-0.466028315766624,-344.4,0.2998960241620042,0.02839689615321114,170.75596699194503,198.1,20.24,-74.57593966137766,0.3813718832891247,50.13513513513508,-0.16181140583554376,-0.18774137931034482,1.125722894645945
2021-10,27.0,1609.6,1304.4,305.2,866.9,128.9,-0.5,866.9,145.1,96.1,96.1,2717.7,502.1,141.8,104.2,2.5,253.6,354.0,-148.1,1401.6,178.8,383.5,-204.7,43.8,2.5,41.3,169.2,223.8,136.6,0.0,87.2,5088.9,35.6,545.1,0,0.0,944.0,944.0,1524.7,3095.8,3095.8,3095.8,290.7,290.7,4911.2,0.0,0.0,0.2,0.2,4846.2,-3667.7,-1000.0,-0.9,-0.9,177.7,5088.9,151.9,151.9,6.9,177.7,736.0,192.0,13.9,48.1,1401.6,204.7,8.4,6.0,225.0,944.0,69.7,64.1,207.3,2717.7,1486.2,-1402.7,2.3,1.0,1.0,0.3,1.3,0.0,62.2,12.9,13.3,13.7,14.1,7.7,27.0,21.8,0.5,395.0,66.4,67.0,55.7,49.3,50.5,122.7,99.9,106.1,-117.1,27.0,-1198.3,74.6,74.6,-1.7,853.4,52.6,800.9,267.3,425.7,16.9,-136.8,9.5,80.6,-128.7,-4.6,-15.7,-9.8,-5.8,-329.1,-80.3,124.5,-15.5,-358.7,0.9,-344.8,-101.3,-101.3,-998.1,19.3,-1000.0,-1000.0,1.9,0.0,982.2,982.2,0.0,982.2,-117.2,0.0,-466.7,1771.1,1304.4,13.9,9.5,267.3,-20.3,27.0,664.8,664.8,664.8,188.3,188.3,476.5,499.7,402.3,97.4,265.1,4.7,4.7,55.2,2.7,55.2,953.1,-288.4,-50.7,-50.7,0.9,0.9,0.0,1.1,-49.8,0.4,0.4,-337.8,5.5,-343.3,-343.3,0.0,0.0,-343.3,-343.3,-343.3,160.2,-2.14,-2.14,0.0,-343.3,160.2,-2.14,-2.14,0.0,0.0,0.0,4.5,0.0,0.0,4.5,55.2,-337.8,19.3,5.5,-343.3,-343.3,-2.14,-2.14,14.1,9.9,50.7,25.2,90.1,83.3,-9.9,0.0,265.1,-288.4,-264.4,664.75,476.46,-288.37,-264.37,-343.32,1304.38,1609.61,5088.94,3095.84,177.71,-19.38,24.0,6.16,-926.78,-25.54,0,-2.14,160.2,,,,,,71.68,-39.77,-43.38,-50.81,,-51.65,-0.21,-149.73,-25.04,151.9,60.83,94.57,1742.09,-5.69,,,26625.98,,28112.21,0.47,-52.64,-24.81,5.98,-148.32,1.78,0.23,3.02,121.16,26.63,13.74,107.42,6500.0,0.24461861132575338,-343.3,664.8,188.3,476.5,-288.4,0.7425981873111782,267.3,1486.2,129.8535861553812,8.734403928958972,-20.3,2763.7591446257766,4911.2,2717.7,-3667.7,0.2,5088.9,-0.0,13.34383792909398,2371.2,-264.37,-39.77,0.9059188234445965,-2.14,0.6984126984126986,-51.65,0.7037220843672458,71.68,0.19011815252416753,-43.38,6.16,-25.04,-149.73,0.47,1.78,6500.0,0.10227692307692307,48.1,13.82120582120582,5.28932584269663,1.5616631430584917,-579.1164658634539,3.491913773114029,-0.044369230769230765,-0.05281538461538462,499.7,1609.6,3095.8,-204.7,-148.1,2016.7,-0.5200648174625869,-288.4,0.3296474438439034,0.11161251504211792,144.0385908852136,135.92,140.88,-106.33661156712184,0.3873384615384615,52.34303534303528,-0.17764615384615384,-0.20581538461538462,1.1990965393431767
2022-01,53.0,1715.0,1428.7,286.3,1306.7,128.9,-0.5,1306.7,152.9,102.3,102.3,3276.9,507.6,141.5,102.7,7.4,256.0,354.1,-153.5,1401.6,164.8,383.5,-218.7,46.4,2.8,43.7,242.7,304.4,200.9,0.0,103.5,5790.9,59.2,654.9,0,0.0,1384.6,1384.6,2098.7,3137.7,3137.7,3137.7,331.6,331.6,5568.1,0.0,0.0,0.2,0.2,5032.4,-3808.5,-1000.0,-1.2,-1.2,222.8,5790.9,160.0,160.0,6.9,222.8,736.0,192.0,13.9,48.1,1401.6,218.7,8.4,6.0,229.2,1384.6,86.6,64.1,225.6,3276.9,1422.7,-1343.6,2.3,1.0,1.0,0.3,1.3,0.0,62.2,12.9,13.3,13.7,14.1,7.7,27.0,21.8,0.5,395.0,66.4,67.0,55.7,49.3,50.5,122.7,99.9,106.1,-117.1,53.0,-1339.1,99.1,99.1,-0.6,1139.4,47.9,1091.4,229.2,-87.5,-8.2,-242.1,33.1,205.0,328.8,128.0,-20.0,-10.7,-9.4,-313.7,-80.3,178.1,-23.8,-388.7,1.0,-333.8,-121.0,-121.0,-997.6,19.3,-1000.0,-1000.0,2.4,0.0,981.9,981.9,0.0,981.9,-136.7,0.0,-342.4,1771.1,1428.7,24.9,5.4,229.2,108.0,53.0,901.1,901.1,901.1,190.4,190.4,710.8,531.9,431.3,100.7,257.5,4.7,4.7,0.0,2.7,0.0,979.8,-78.7,-51.3,-51.3,0.8,0.8,0.0,1.1,-50.5,-2.3,-2.3,-131.4,9.4,-140.8,-140.8,0.0,0.0,-140.8,-140.8,-140.8,159.1,-0.89,-0.89,0.0,-140.8,159.1,-0.89,-0.89,0.0,0.0,0.0,4.5,0.0,0.0,4.5,0.0,-131.4,0.0,9.4,-140.8,-140.8,-0.89,-0.89,14.0,10.5,51.3,25.2,90.1,84.1,-9.9,0.0,257.5,-78.7,-54.2,901.12,710.75,-78.69,-54.17,-140.82,1428.69,1715.03,5790.88,3137.73,222.77,132.69,24.52,4.36,124.31,128.33,0,-0.89,159.09,,,,,,78.87,-6.01,-8.73,-14.58,,-15.63,0.54,-147.41,-22.97,160.04,54.18,93.37,1408.5,-1.53,,,19676.91,0.0,21099.61,0.46,-49.4,-22.66,6.42,-145.4,1.56,0.2,2.21,165.7,21.42,17.09,148.61,7000.0,0.27498550459275534,-140.8,901.1,190.4,710.8,-78.7,-0.09122401847575046,229.2,1422.7,91.07448349718166,3.8757829809987188,108.0,2499.147217235197,5568.1,3276.9,-3808.5,0.2,5790.9,-0.0,11.283662477558346,2513.9999999999995,-54.17,-6.01,0.044341623288991716,-0.89,0.03488372093023262,-15.63,0.00931899641577072,78.87,0.2093678700845525,-8.73,4.36,-22.97,-147.41,0.46,1.56,7000.0,0.12872857142857144,48.1,18.733887733887734,3.2162162162162162,-10.298285714285715,-155.84158415841586,3.8474157730231795,-0.011242857142857143,-0.020114285714285716,531.9,1715.0,3137.7,-218.7,-153.5,2017.6999999999991,-0.5028097650852142,-78.7,0.44659761114139884,0.31017645100432795,127.53862302433694,123.585,89.03,-389.5072918589625,0.4014362637362638,55.58627858627853,-0.17556593406593404,-0.20446813186813187,1.3251245166163141
2022-04,61.0,1447.9,814.0,633.9,725.7,128.9,-0.5,725.7,176.4,103.5,103.5,2453.4,504.4,145.7,102.6,10.9,245.2,341.6,-162.8,1401.6,150.7,292.3,-141.6,382.9,3.3,379.7,180.8,298.9,197.2,0.0,101.7,5210.0,19.7,446.9,0,0.0,1223.1,1223.1,1689.7,3866.2,3866.2,3866.2,316.0,316.0,5871.9,0.0,0.0,0.2,0.2,4155.1,-3813.2,-1000.0,-3.9,-3.9,-661.9,5210.0,160.9,160.9,6.9,-661.9,736.0,192.0,13.9,48.1,1401.6,141.6,8.4,6.0,218.3,1223.1,82.7,64.1,214.2,2453.4,2418.3,-2214.2,2.3,1.0,1.0,0.3,1.3,0.0,62.2,12.9,13.3,13.7,14.1,7.7,27.0,21.8,0.5,395.0,66.4,67.0,55.7,49.3,50.5,122.7,99.9,106.1,-117.1,61.0,-304.3,23.3,23.3,-0.6,240.5,-0.1,240.6,184.5,642.9,-21.0,-24.6,-39.5,-207.9,-165.5,143.3,-5.6,-3.2,-2.4,-687.0,-80.3,99.1,-5.8,-780.8,0.5,-692.6,-66.4,-66.4,1.0,19.3,-1000.0,-1000.0,1.0,0.0,981.9,981.9,0.0,981.9,-65.4,0.0,-614.7,1428.7,814.0,6.8,2.8,184.5,137.7,61.0,674.1,674.1,674.1,202.2,202.2,471.9,507.9,399.0,108.9,255.7,4.7,4.7,0.0,2.7,0.0,965.8,-291.7,-10.7,-10.7,1.4,1.4,0.0,1.1,-9.3,0.0,0.0,-301.0,3.4,-304.3,-304.3,0.0,0.0,-304.3,-304.3,-304.3,160.3,-1.9,-1.9,0.0,-304.3,160.3,-1.9,-1.9,0.0,0.0,0.0,4.5,0.0,0.0,4.5,0.0,-301.0,0.0,3.4,-304.3,-304.3,-1.9,-1.9,14.0,9.3,10.7,25.2,90.1,92.7,-9.9,0.0,255.7,-291.7,-268.4,674.08,471.93,-291.69,-268.37,-304.32,814.01,1447.9,5209.98,3866.18,-661.87,143.35,23.32,5.62,-614.68,137.73,0,-1.9,160.34,,,,,,70.01,-39.81,-43.27,-44.65,,-45.15,0.91,-401.27,-22.32,160.94,74.21,120.66,,-27.36,,,19637.49,,22055.77,0.54,-40.48,-21.93,17.98,-394.27,1.45,0.15,3.79,96.56,22.29,16.42,80.14,7000.0,0.2747615553925165,-304.3,674.1,202.2,471.9,-291.7,-0.3298874339535952,184.5,2418.3,-36.735698996598686,-2.3951225509057683,137.7,-887.1279649493886,5871.9,2453.4,-3813.2,0.2,5210.0,-0.0,-4.164677443722617,2756.6,-268.37,-39.81,-0.24264145618738542,-1.9,-0.342560553633218,-45.15,-0.3539278131634819,70.01,0.34256124278032263,-43.27,5.62,-22.32,-401.27,0.54,1.45,7000.0,0.0963,48.1,14.014553014553014,10.263959390862944,1.048530097993467,-3136.559139784946,-12.704414587332046,-0.04167142857142857,-0.04347142857142857,507.9,1447.9,3866.2,-141.6,-162.8,2060.8,-0.49207828518173347,-291.7,0.32710597826086957,0.10814419225634175,151.68658244447073,144.87,,-82.1841860118493,0.4204901098901099,59.162162162162105,-0.15026813186813187,-0.17547802197802198,1.4032470574081766
