Date_x,순부채(천원),SG&A,ROGI(%),총자산회전율(비율),무형자산회전율,Free Cash Flow2(천원),비유동자산(천원),운전자본증감(천원),투자비 대비 매출 (Rev/GI),EPS증가율(YoY)(비율),Opex Margin,매출액증가율(YoY)(연도),"BPS(지배, Adj.)(원/주)",EBITDA2마진율(비율),매출총이익(천원),영업이익(천원),무형자산감상비 누계,자기자본비율,ROA(비율),매출원가(천원),ROE(지배)(비율),Gross Investment (GI),ROIC(비율),비유동비율(천원),매출액(천원),CAPEX(천원),"EPS(지배, Adj.)(원/주)",유동비율(비율),부채총계(천원),이익잉여금(천원),단기투자자산,재고자산회전율(비율),유동자산(천원),영업이익률(비율),채무총계,순이익률(비율),이자보상율,자본금(천원),당기순이익(천원),유형자산감상비 누계,EBITDA2(천원),매출액이익률(비율),순이익증가율(YoY)(비율),인당영업이익,매입채무회전율,영업이익증가율(YoY)(연도),EBIT(천원),매출채권회전율,자산총계(천원),인당매출,부채비율(비율),인당순이익,EBITDA2증가율(YoY)(비율),BPS증가율(YoY)(비율),close,close_weighted,EV_EBITDA,PBR
2001-12-01,-40.5,13.0,-0.01757246376811594,0.34,0.03709581432255504,-36.6,52.60000000000001,-1.3,0.03387681159420289,-0.5454545454545454,0.6951871657754011,0.382538770821367,1.323199105620451,-35.61,3.5,-9.7,-425.9,83.98637137989779,-198.14,15.2,-215.05,552.0,3.95,0.5334685598377283,18.7,0.96,-0.22,3.51,18.8,-538.3,40.5,0.3191126279863481,64.8,-51.89,0.0,-45.72,-1212.5,0.4,-8.5,68.0,-6.66,17.41,-0.5686789151356081,-0.02650273224043716,2.923076923076923,-0.5453844671420311,-9.7,-7.791666666666667,117.4,0.05109289617486339,19.06693711967545,-0.023224043715847,-0.5711878685762426,-0.1519488990004199,3.433353468794119,2.08,4.88,1.25
2002-06-01,-38.5,9.6,-0.009765219198005402,0.24,0.03987304106328109,-12.5,42.2,-4.2,0.04176189486806565,-0.5454545454545454,0.4776119402985074,0.382538770821367,1.122140458363083,-15.27,5.0,-4.7,-425.9,84.54376163873371,-118.89,15.1,-134.81,481.3,3.95,0.4647577092511014,20.1,1.42,-0.1,3.97,16.6,-548.3,38.5,0.3316831683168317,65.2,-23.59,0.0,-19.72,-671.4285714285716,0.4,-4.0,3.1,-3.07,24.07,-0.5686789151356081,-0.01546052631578947,2.849056603773585,-0.5453844671420311,-4.7,-5.432432432432432,107.4,0.06611842105263159,18.28193832599119,-0.0131578947368421,-0.5711878685762426,-0.1519488990004199,2.653394625504375,3.2,35.1,1.58
2002-09-01,-30.8,8.3,-0.006566796634516725,0.67,0.0396746677246578,-14.2,48.09999999999999,-3.4,0.04104247896572953,-0.2000000000000001,0.415,0.05941005400914001,0.9982394976067671,-8.9,5.2,-3.8,-425.9,83.53948620361561,-18.75,14.8,-22.27,487.3,3.95,0.5472127417519907,20.0,1.68,-0.08,3.33,17.3,-551.5,30.8,0.3773584905660378,57.0,-16.06,0.0,-15.99,-633.3333333333333,0.4,-3.2,4.4,-1.78,25.5,-0.1891480730223123,-0.0125,2.596491228070176,-0.3192030521407376,-3.2,-5.263157894736842,105.1,0.06578947368421052,19.70387243735764,-0.01052631578947368,-0.4171578258022266,-0.1104148414157139,2.282433017965473,3.05,35.1,1.25
2002-12-01,-36.4,8.1,-0.004989604989604989,0.71,0.03947629438603451,-15.1,41.60000000000001,-2.8,0.04137214137214137,-0.375,0.407035175879397,0.1235294117647059,4.019962797081511,-5.42,5.8,-2.4,-425.9,82.27969348659005,-13.74,14.1,-16.52,481.0,3.95,0.484848484848485,19.9,0.86,-0.05,3.42,18.5,-553.5,36.4,0.3384353741496599,62.8,-11.97,0.0,-10.28,-800.0,0.4,-2.0,5.6,-1.08,28.65,-0.3570981863664791,-0.007894736842105263,3.133333333333333,-0.2546699875466998,-2.4,-3.98,104.4,0.06546052631578947,21.53667054714785,-0.006578947368421052,-0.3910112359550562,3.027052432526648,8.992573027846401,7.42,35.1,1.07
2003-03-01,-25.3,8.6,-0.00514615067929189,0.75,0.0396746677246578,1.5,52.90000000000001,2.5,0.04116920543433512,0.0,0.43,0.05479930191972082,1.71388805144539,-4.96,6.2,-2.5,-425.9,82.3992133726647,-10.65,13.8,-12.69,485.8,3.95,0.6320191158900836,20.0,0.48,-0.05,2.75,17.9,-555.6,25.3,0.4415011037527594,48.8,-12.47,0.0,-10.51,-625.0,0.4,-2.1,1.4,-0.99,30.22,0.02237354085603127,-0.007575757575757576,2.421052631578947,0.04177109440267346,-2.5,8.0,101.7,0.06060606060606061,21.36038186157517,-0.006363636363636364,-0.08487084870848705,-0.5736557431104409,3.740203612268847,2.58,35.1,1.26
2003-06-01,-25.7,8.8,-0.00495560602932067,0.77,0.03907954770878794,1.9,52.09999999999999,4.3,0.04067726615734049,0.0,0.4467005076142133,0.07379219060225028,2.432550491996614,-5.65,6.5,-2.4,-425.9,81.76352705410821,-9.1,13.2,-10.93,484.3,3.95,0.6384803921568627,19.7,0.57,-0.05,2.65,18.2,-557.7,25.7,0.4446952595936794,47.7,-12.31,0.0,-10.53,-599.9999999999999,0.4,-2.1,2.5,-1.11,32.45,0.001902949571836343,-0.007272727272727273,2.275862068965517,-0.01283079390537289,-2.4,5.324324324324324,99.8,0.05969696969696969,22.30392156862745,-0.006363636363636364,0.1391129032258065,0.4193170259546106,5.155743380439576,3.84,35.1,1.75
2003-09-01,-16.2,9.6,-0.002618328298086606,0.77,0.04463400119024003,2.2,68.80000000000001,4.7,0.04531722054380664,-0.6000000000000001,0.4266666666666666,0.1457627118644067,3.785877964017403,1.43,8.7,-1.3,-425.9,76.3569457221711,-6.68,13.8,-8.36,496.5,3.95,0.8279181708784599,22.5,0.68,-0.02,1.69,25.7,-558.6,16.2,0.6130790190735694,39.9,-5.59,0.0,-4.08,-433.3333333333334,0.4,-0.9,3.8,0.32,37.18,-0.6125356125356125,-0.00393939393939394,1.971428571428572,-0.545897644191714,-1.3,6.61764705882353,108.7,0.06818181818181818,30.96385542168675,-0.002727272727272727,-1.253097345132743,0.5563409583782124,8.14061842003742,4.6,35.1,1.9
2004-03-01,-16.3,8.8,0.0,0.84,0.04602261456060305,0.7,70.9,1.0,0.04681194511702987,-1.5,0.3793103448275862,0.01264120494889731,3.37093846406248,5.01,9.1,0.0,-425.9,76.88123300090662,-2.46,14.0,-3.09,495.6,3.95,0.8360849056603774,23.2,1.63,0.01,1.56,25.5,-558.3,16.3,0.633879781420765,39.4,-0.19,0.0,1.15,0.0,0.4,0.3,1.2,1.16,37.65,-1.281862745098039,0.0,2.295081967213115,-0.9660107334525939,0.0,23.2,110.3,0.06666666666666667,30.07075471698113,0.0008620689655172414,2.503496503496503,-0.109601921641079,7.292234228380058,8.17,35.1,4.51
2004-06-01,-23.8,9.1,0.001019160211985324,0.89,0.05078357468756199,1.7,64.89999999999999,1.7,0.0521810028536486,1.0,0.3554687499999999,0.0002656042496680389,4.418872954256978,8.61,10.1,0.5,-425.9,76.12732095490716,0.15,15.5,0.19,490.6,3.95,0.7537746806039488,25.6,1.63,0.02,1.8,27.0,-557.6,23.8,0.5626373626373626,48.2,2.11,0.0,2.72,250.0,0.4,0.7,2.4,2.2,37.66,1.365217391304348,0.001436781609195402,2.767857142857143,-12.10526315789474,0.5,-42.66666666666667,113.1,0.0735632183908046,31.35888501742161,0.002011494252873563,0.7185628742514969,0.3108732186500913,9.632024338266476,7.78,20.69,3.61
2004-09-01,19.9,9.5,0.002283539486203615,0.66,0.05098194802618528,3.8,100.3,2.9,0.0489058039961941,0.0,0.3696498054474708,0.09957514604354745,6.431359568396734,10.78,11.1,1.2,-425.9,40.20073956682515,1.22,14.6,2.29,525.5,3.95,1.318002628120894,25.7,1.26,0.02,2.92,113.2,-556.8,62.6,0.2967667436489608,89.0,4.62,82.5,2.89,299.9999999999999,0.4,0.7,3.6,2.77,41.41,0.0625,0.003448275862068965,2.17910447761194,1.18957345971564,1.2,-10.70833333333333,189.3,0.07385057471264368,148.7516425755585,0.002011494252873563,0.2520325203252032,0.4554298426255956,12.61408410193277,9.08,23.42,4.37
2004-12-01,42.7,10.3,0.0028969762810067,0.66,0.05217218805792501,6.9,126.5,3.9,0.04761904761904762,0.5,0.3916349809885932,0.09176527408838453,7.305078432783819,12.94,12.3,1.6,-425.9,40.52523171987642,2.04,14.0,3.84,552.3,3.95,1.607369758576874,26.3,1.07,0.03,2.06,115.5,-555.4,39.8,0.4027565084226646,67.7,5.92,82.5,5.33,1600.0,0.4,1.4,5.0,3.4,45.21,0.8442906574394462,0.004597701149425287,2.333333333333333,0.2813852813852813,1.6,-7.305555555555555,194.2,0.07557471264367817,146.7598475222364,0.004022988505747126,0.2003710575139146,0.1358529024998822,14.93271877039186,11.39,47.41,5.44
2005-03-01,23.2,10.4,0.002621722846441947,0.67,0.05197381471930172,0.3,109.0,-1.6,0.04906367041198502,0.0,0.3969465648854962,-0.00951117009511171,8.123570475868712,11.23,12.2,1.4,-425.9,42.02825428859737,2.71,14.0,4.97,534.0,6.1,1.308523409363745,26.2,1.05,0.03,2.78,114.9,-554.1,59.3,0.3011494252873563,89.2,5.25,82.5,5.09,0.0,0.4,1.3,1.6,2.94,44.78,-0.04502814258911825,0.003626943005181347,3.111111111111111,-0.1131756756756757,1.4,-13.1,198.2,0.06787564766839378,137.9351740696279,0.003367875647668394,-0.1321483771251931,0.1120442512172977,17.30673710076378,13.88,57.83,7.05
2005-06-01,0.9,11.5,0.003865481252415926,0.68,0.05852013489387026,3.9,91.10000000000001,-0.9,0.05701584847313491,0.6666666666666667,0.3898305084745763,0.01652523447967846,6.880047387946584,12.0,13.9,2.0,-425.9,43.25259515570934,3.49,15.7,6.35,517.4,8.39,1.041142857142857,29.5,1.15,0.05,3.48,114.8,-552.0,81.6,0.2698993595608417,111.2,6.73,82.5,6.88,2000.0,0.4,2.0,3.1,3.54,45.52,0.3516699410609037,0.005181347150259068,3.340425531914893,0.2819047619047619,2.0,-12.29166666666667,202.3,0.07642487046632124,131.2,0.005181347150259068,0.06856634016028496,-0.1530759278344476,15.12573232274689,16.97,60.23,7.88
2005-09-01,-12.1,10.0,0.005463414634146341,0.57,0.06070224161872644,1.9,79.1,-5.9,0.05970731707317074,0.4000000000000001,0.326797385620915,-0.08040421792618635,7.645457863841011,14.54,13.3,2.8,-425.9,45.16594516594517,3.88,17.4,9.07,512.5,7.84,0.8423855165069222,30.6,1.54,0.07,4.13,114.0,-549.1,94.6,0.2413249211356467,128.8,9.14,82.5,9.6,1400.0,0.4,2.9,4.8,4.46,41.86,0.3953488372093024,0.007253886010362694,3.551020408163265,0.3580980683506687,2.8,-5.368421052631579,207.9,0.07927461139896373,121.405750798722,0.007512953367875648,0.2116666666666667,0.1112507563880123,17.5527749001142,16.9,53.14,7.83
2005-12-01,-32.8,12.1,0.006223649869504117,0.58,0.06784368180916485,11.4,68.0,-0.9,0.06866091146356154,0.1428571428571428,0.3538011695906432,0.05709507883420928,7.236527031009069,14.06,15.6,3.1,-425.9,44.57013574660634,4.68,18.6,10.96,498.1,9.84,0.6910569105691057,34.2,1.41,0.08,3.85,122.5,-545.7,115.3,0.2266401590457257,153.0,8.96,82.5,9.95,775.0,0.4,3.4,6.5,4.81,44.25,0.03645833333333326,0.008031088082901554,2.162790697674419,-0.01969365426695835,3.1,-4.071428571428571,221.0,0.08860103626943006,124.3654822335025,0.008808290155440414,-0.03301237964236581,-0.05348676823738308,17.4705370724116,16.69,32.04,5.56
2006-03-01,36.9,16.8,0.002509576013736626,0.42,0.08371354889902798,6.7,338.8,4.0,0.05573900409457139,-0.625,0.3981042654028436,0.004293785310734322,3.184971882487994,11.09,20.1,1.9,-425.9,64.88651535380508,3.0,22.1,5.17,757.1,5.96,1.161865569272976,42.2,2.58,0.03,1.54,157.8,-544.4,49.0,0.3958724202626642,110.6,4.61,85.9,3.13,211.1111111111111,0.5,1.3,2.7,4.68,44.44,-0.685427135678392,0.002078774617067834,1.826446280991736,-0.4854910714285714,1.9,-21.1,449.4,0.04617067833698031,54.11522633744858,0.001422319474835886,-0.2112375533428166,-0.5598756324905376,20.68458353972158,17.255,44.1,3.27
2006-06-01,38.6,23.1,0.006374398334851047,0.51,0.1190240031739734,5.7,339.8,-4.3,0.07805385716144139,0.6666666666666667,0.385,0.04950495049504955,4.493125144981664,16.12,31.3,4.9,-425.9,66.06546426185706,3.22,28.7,5.46,768.7,5.93,1.145264577013819,60.0,3.52,0.05,1.64,152.4,-541.5,47.2,0.5758157389635317,109.3,8.11,85.8,4.71,544.4444444444445,0.5,2.8,7.5,9.67,46.64,0.5047923322683707,0.005361050328227572,2.759615384615385,0.7592190889370931,4.9,-13.95348837209302,449.1,0.06564551422319474,51.36501516683518,0.003063457330415755,0.4535617673579804,0.4107267852775469,25.53851016314291,20.88,38.93,3.1
2006-09-01,38.8,21.9,0.007152893089794354,0.59,0.1233882166236858,5.6,344.9,-11.5,0.07944820539021587,0.2,0.3520900321543408,-0.05145797598627788,4.308640534056394,16.16,30.5,5.6,-425.9,65.75048314365472,3.21,31.7,5.41,782.9,5.63,1.1263879817113,62.2,4.07,0.06,1.64,159.5,-538.3,47.0,0.5307167235494881,120.8,8.95,85.8,5.25,311.1111111111111,0.5,3.3,12.0,10.05,44.24,0.1146496815286624,0.006126914660831509,2.313868613138686,0.1035758323057954,5.6,-3.455555555555556,465.7,0.06805251641137856,52.09013716525147,0.003610503282275711,0.002481389578163684,-0.04105930838167715,27.54291715089912,23.695,41.64,3.94
2006-12-01,28.7,24.0,0.009526228883525976,0.65,0.1261654433644118,12.6,323.7,-13.3,0.08078242093230027,0.1666666666666667,0.3773584905660377,0.1182188065099457,4.308568113902892,18.75,34.0,7.5,-425.9,66.20603015075378,3.41,29.5,5.74,787.3,4.48,1.023395510591211,63.6,4.61,0.07,2.15,161.4,-533.8,57.0,0.4220305242203053,153.9,11.78,85.7,7.05,7500.0,0.5,4.5,16.5,11.92,49.47,0.3428571428571427,0.008205689277899343,3.172043010752688,0.3162011173184358,7.5,-3.854545454545454,477.6,0.06958424507658643,51.04364326375711,0.004923413566739606,0.1602722772277227,-1.680812147819566e-05,25.2290599558536,29.0,40.68,4.64
2007-03-01,20.8,22.4,0.009420570396180153,0.53,0.1289426701051379,4.7,320.6,-2.1,0.08388179119886437,0.1428571428571428,0.3446153846153846,-0.07681423084697792,4.131648300611713,18.09,32.3,7.3,-425.9,66.10204081632652,3.2,32.7,4.89,774.9,4.4,0.9898116702686015,65.0,6.47,0.08,2.24,166.1,-529.3,64.9,0.3937007874015748,169.4,11.26,85.6,6.87,7300.0,0.5,4.5,4.4,11.76,45.67,-0.02553191489361695,0.00632034632034632,4.302631578947369,-0.04414261460101865,7.3,-24.07407407407407,490.0,0.05627705627705628,51.28125964803952,0.003896103896103896,-0.03520000000000001,-0.04106232247328157,24.50990631077168,24.305,34.32,4.55
2007-06-01,18.2,23.2,0.008109477952356817,0.55,0.1231898432850625,-6.2,316.8,-19.1,0.07868727825646224,0.125,0.3735909822866345,0.02846507554193112,3.468763173950066,17.32,32.2,6.4,-425.9,67.26726726726727,3.85,29.9,5.77,789.2,5.1,0.9428571428571428,62.1,6.67,0.09,2.51,163.5,-523.3,67.4,0.3475097929490767,182.7,10.67,85.6,8.61,246.1538461538462,0.6,6.0,9.1,12.13,46.97,0.2532751091703056,0.005541125541125541,2.430894308943089,-0.05239786856127882,6.4,-4.006451612903226,499.5,0.05376623376623377,48.66071428571428,0.005194805194805195,-0.04256495301271424,-0.1604408406600103,20.96230982818745,23.2,31.15,4.25
2007-09-01,25.2,26.0,0.008642284569138277,0.54,0.138662963697679,-7.7,311.7,-31.8,0.08755010020040081,-0.2222222222222221,0.3719599427753934,0.001916116670215073,2.055653549776112,18.46,35.6,6.9,-425.9,66.59318637274549,3.83,34.2,5.79,798.4,5.26,0.938007824255191,69.9,1.01,0.07,2.46,166.7,-519.2,60.4,0.3821760524876982,187.3,9.89,85.5,5.94,0.0,0.6,4.1,15.1,12.9,47.06,-0.3101045296167246,0.005974025974025974,2.326530612244898,-0.07310215557638233,6.9,-2.541818181818182,499.0,0.06051948051948052,50.1655130905808,0.003549783549783549,0.0658198614318708,-0.4073814075247953,12.15469171869398,17.69,32.34,4.62
2007-12-01,86.2,26.7,0.007435369480668039,0.53,0.1456060305494941,8.9,409.0,-24.9,0.08396247998169755,0.4285714285714286,0.3637602179836512,-0.04037399065023384,1.952270633912761,17.48,35.9,6.5,-425.9,58.91714236291299,3.9,37.5,6.26,874.2,5.81,1.200822078684674,73.4,5.45,0.1,1.8,237.5,-513.2,49.5,0.4451182534869618,169.1,8.79,135.7,8.1,722.2222222222223,0.6,5.9,21.5,12.83,45.16,0.3636363636363635,0.005627705627705628,2.358490566037736,-0.1112234580384228,6.5,-2.912698412698413,578.1,0.06354978354978355,69.7298884321785,0.005108225108225109,-0.05308775731310944,-0.05029199393769934,11.8107171920193,11.825,23.98,3.24
2008-03-01,81.5,31.4,0.001401050788091068,0.54,0.1430271771473914,7.1,403.3000000000001,4.1,0.084179801517805,-1.0,0.4355062413314841,0.00132860938883983,2.207243742702248,15.77,36.0,1.2,-425.9,58.86195633488052,3.02,36.0,4.86,856.5000000000001,4.41,1.177862149532711,72.1,7.79,0.0,1.9,239.3,-513.2,53.9,0.4189424753050552,178.4,1.68,135.4,0.11,109.0909090909091,0.6,0.1,6.7,11.37,45.22,-0.9864197530864197,0.001038961038961039,2.517482517482518,-0.8088737201365188,1.2,-103.0,581.7,0.06242424242424242,69.88901869158877,8.658008658008658e-05,-0.09782608695652184,0.1306033622390081,13.37628774338495,11.015,13.57,1.72
2008-11-01,4.4,64.1,-0.008323111967758893,0.41,0.2551081134695496,-16.6,714.1999999999999,-28.8,0.1126686525319783,0.0,0.4984447900466563,0.1262715612560814,2.206373535002072,-2.76,66.8,-9.5,-425.9,71.83328238051564,0.54,61.9,0.81,1141.4,6.03,1.013193360760392,128.6,1.88,-0.05,1.69,276.4,-173.9,74.4,0.4925315970892378,267.1,-7.41,78.8,-4.64,-1583.333333333333,1.5,-6.0,6.2,-3.55,50.93,-43.18181818181818,-0.008225108225108226,2.714912280701754,-5.410714285714286,-9.5,-8.689189189189188,981.3,0.1113419913419913,39.21123563626046,-0.005194805194805195,-1.175015852885225,-0.0003942508402405842,13.08051055359933,8.66,91.28,1.6
2009-02-01,-7.3,47.7,0.01977964778346491,0.89,0.3187859551676254,-3.8,694.8,-41.6,0.1394118157369654,-2.8,0.2968263845675171,-0.01747496563911255,3.419967975182647,19.46,83.3,22.8,-425.9,73.41565465863864,4.86,77.4,7.12,1152.7,6.03,0.9658048373644703,160.7,1.88,0.09,1.66,260.5,-160.7,74.9,0.5759856630824373,285.1,14.18,67.6,8.25,2280.0,1.5,13.3,14.7,31.28,50.04,-2.77801724137931,0.009624314056563952,3.583333333333333,-2.913630229419703,22.8,-4.476323119777159,979.9,0.0678345293372731,36.2107311648596,0.005614183199662305,-8.05072463768116,0.5500403358397952,16.84000658005747,11.28,15.23,1.76
2009-05-01,-6.7,55.2,0.02074579831932773,0.97,0.3298948621305297,17.1,691.7,-35.2,0.1455707282913166,0.0,0.3319302465423933,0.07573940847322147,4.136582420809455,19.15,92.1,23.7,-425.9,73.51737168048705,4.6,74.2,6.31,1142.4,6.49,0.9875785265562537,166.3,7.95,0.09,1.59,252.3,-147.3,71.2,0.643575851393189,261.0,14.27,64.5,8.03,4740.0,1.4,13.4,22.8,31.86,53.83,-0.02666666666666673,0.01000422119037569,3.864583333333333,0.006346967559943462,23.7,-5.488448844884489,952.7,0.07019839594765724,36.02227298686464,0.005656395103419165,-0.01593011305241532,0.2095383497234464,20.26057571702757,15.99,26.26,2.62
2009-08-01,-43.7,53.0,0.01913706033489855,0.68,0.3271176353898036,16.7,688.7,-8.0,0.1460972800567024,0.0,0.3214069132807762,-0.0254504922905443,3.999918405965036,18.46,89.1,21.6,-425.9,76.48828043974278,5.66,75.8,7.46,1128.7,6.45,0.9337039045553146,164.9,4.6,0.09,1.74,226.7,-134.4,84.8,0.6035871156661786,275.5,13.08,41.2,7.84,3085.714285714286,1.4,12.9,8.9,30.44,52.46,-0.02366127023661269,0.009117771211481638,3.989473684210526,-0.08339173090399432,21.6,42.28205128205128,964.2,0.06960742929506121,30.73898305084746,0.005445335584634867,-0.03603133159268923,-0.03303790446841293,20.26057571702757,17.13,23.72,2.92
2009-11-01,-63.5,55.6,0.02329436398534287,0.68,0.3358460622892283,28.4,683.1,-19.8,0.1477054615250393,0.1111111111111112,0.3284111045481394,0.04708349218452157,3.454827871116754,21.12,95.6,26.7,-425.9,78.64845434938893,5.66,73.8,7.46,1146.2,6.45,0.8921248530756171,169.3,8.08,0.1,1.84,207.9,-118.6,88.6,0.5903068340306834,290.6,15.76,25.1,9.32,5340.0,1.5,15.8,18.0,35.77,54.93,0.1887755102040818,0.01127057830308147,3.727272727272727,0.2048929663608563,26.7,-67.72,973.7,0.07146475306036303,27.14808043875686,0.006669480793583791,0.1440953412784398,-0.1362754135272846,18.33476911781851,19.3,21.05,3.66
2010-02-01,-100.7,54.7,0.02799964890722373,0.67,0.356873636183297,66.8,682.0,-19.2,0.1579039761256912,0.0,0.3040578098943858,0.0,3.200010092927172,6.76,101.7,31.9,-425.9,76.44202757817051,4.79,78.2,7.47,1139.3,6.45,0.8663617886178862,179.9,34.71,0.01,1.43,242.6,-100.1,115.8,0.5226612434631028,347.8,-0.7,15.0,0.57,6380.0,1.5,18.5,27.0,16.4,49.03,0.0,0.005716845878136201,3.491071428571429,0.0,31.9,-6.016722408026756,1029.8,0.03224014336917563,30.81808943089431,0.003315412186379928,0.0,-0.07375701125949674,17.25375304898815,21.4,19.94,1.98
2010-05-01,-142.3,61.7,0.02174105954388144,0.67,0.377504463400119,104.9,686.5,-7.0,0.1688703522939036,0.0,0.3242249080399369,0.0,3.363994749703792,6.76,102.6,24.5,-425.9,73.70055723029141,4.79,87.8,7.47,1126.9,6.45,0.850892414476946,190.3,34.71,0.01,1.43,287.9,-84.4,143.4,0.4698765432098766,408.2,-0.7,1.1,0.57,8166.666666666667,1.5,15.7,36.5,16.4,49.03,0.0,0.00439068100358423,2.718266253869969,0.0,24.5,-5.5,1094.7,0.03410394265232975,35.68418443232522,0.002813620071684588,0.0,0.05124504361378968,18.56409688140233,16.69,19.94,1.98
2010-09-01,411.3,103.8,-0.0007581839265007582,0.67,0.4808569728228526,57.2,1827.4,-2.1,0.1081081081081081,-0.9,0.4282178217821782,-0.1074094301838704,2.387235013042591,6.76,124.4,-1.7,-425.9,57.55383580080753,4.79,118.0,7.47,2242.2,6.45,1.335330654000731,242.4,34.71,0.01,1.43,1009.2,-83.8,120.1,0.4440373694815901,550.2,-0.7,531.3,0.57,-54.83870967741935,2.5,1.4,36.7,16.4,49.03,-0.9388412017167382,-0.0003046594982078853,2.763466042154567,-1.044416243654822,-1.7,-14.69090909090909,2377.6,0.04344086021505376,73.75036539023678,0.0002508960573476703,-0.6799242424242424,-0.2903570930802457,20.92692115212992,18.16,19.94,1.98
2011-03-01,304.0,104.1,0.01717993237686192,0.25,0.6651458044038882,38.8,1847.3,11.9,0.1532029607968564,6.000000000000001,0.3104682373993438,-0.08382622883948598,2.30327750373092,16.5,159.9,24.5,-425.9,58.37524019788217,-2.31,175.5,-3.55,2188.6,3.87,1.293808656674605,335.3,28.11,0.07,1.32,1018.1,-77.4,145.4,0.5625838926174497,598.6,7.3,449.4,3.76,310.126582278481,2.5,12.6,30.9,55.34,44.92,5.596491228070176,0.003888888888888889,3.882743362831858,-11.42857142857143,37.6,-64.48076923076923,2445.9,0.05322222222222223,71.30550497268524,0.002,1.440828402366864,-0.03516935234820684,17.36335596529571,20.31,1013.11,2.8
2011-06-01,308.1,101.5,0.01918106380084342,0.34,0.7077960722078952,67.6,1837.1,-7.0,0.1617920464335918,0.1428571428571428,0.2844730941704036,-0.01202137132680314,2.58767557080616,18.19,167.8,32.1,-425.9,57.55642787046123,-2.26,189.0,-3.51,2205.3,3.87,1.30512929809605,356.8,23.4,0.08,1.25,1038.0,-61.5,115.7,0.5894597720138774,608.5,8.99,423.8,4.45,629.4117647058824,2.5,15.9,63.7,64.92,44.38,0.1835106382978724,0.005095238095238095,4.21875,0.2315068493150685,42.3,-8.036036036036036,2445.6,0.05663492063492064,73.74254049445865,0.002523809523809524,0.1024242424242425,0.1234753808929074,18.92162147255455,16.04,113.93,2.59
2011-09-01,293.4,92.2,0.01901743264659271,0.45,0.7214838325729022,81.5,1833.2,-35.9,0.1601074132769854,0.25,0.2535056365136101,-0.05497972059486267,2.456931229464099,18.66,162.0,34.4,-442.1,59.29940243148568,0.5,201.8,0.86,2271.6,3.87,1.274028771978595,363.7,28.33,0.1,1.28,987.6,-40.5,84.8,0.615085405039743,593.3,9.45,378.2,5.26,929.7297297297297,2.5,19.1,97.2,67.89,41.94,0.1820224719101122,0.00546031746031746,5.241558441558442,0.05116796440489413,43.2,-6.697974217311234,2426.5,0.05773015873015873,68.63576343039823,0.003031746031746032,0.02583837273227041,-0.05052578569628374,18.77471240613857,19.57,22.79,2.36
2011-12-01,210.4,89.7,0.02177730944854233,0.59,0.770085300535608,163.7,1845.8,-6.1,0.1704425711275027,0.4000000000000001,0.2310664605873261,0.02360515021459242,1.685520957596673,20.81,175.9,45.6,-458.2,58.98306438728231,2.67,212.3,4.58,2277.599999999999,3.87,1.249949211078757,388.2,25.22,0.14,1.32,1026.9,-16.4,157.8,0.5901489814533293,657.8,11.75,368.1,6.69,1140.0,2.5,26.0,132.4,80.79,42.93,0.2718631178707225,0.007238095238095238,5.152912621359223,0.2433862433862435,49.6,-8.457516339869281,2503.6,0.06161904761904761,69.54019096634389,0.004126984126984127,0.115219721329046,-0.3139730826066649,13.41060774829206,11.18,14.13,2.13
2012-03-01,168.0,97.3,0.005999630791951266,0.59,0.7234675659591351,41.9,1833.2,17.4,0.1683127192172789,-0.7857142857142858,0.2667946257197697,-0.064756580479851,1.363506261490295,13.22,155.7,13.0,-474.2,58.37513716883524,2.67,209.0,4.58,2166.8,3.87,1.23074857334676,364.7,32.69,0.03,1.3,1062.1,-10.6,175.7,0.5095710493223418,718.4,3.56,343.6,1.59,333.3333333333334,2.6,5.8,35.2,48.2,40.15,-0.7623318385650224,0.001830985915492958,3.477537437603993,-0.6970212765957446,13.0,-30.1404958677686,2551.6,0.05136619718309859,71.3058073178919,0.0008169014084507042,-0.3647284959154252,-0.1910475776970032,10.65552243698738,16.135,12.72,2.13
2012-06-01,368.7,92.3,0.007999638434421042,0.6,0.7339813529061694,67.8,1825.7,21.0,0.1672240802675585,0.3333333333333335,0.232972972972973,-0.001992528019925222,1.654004314491192,14.97,157.5,17.7,-490.3,51.62226431824594,2.39,212.5,4.4,2212.6,3.55,1.425548528148669,370.0,32.98,0.04,1.16,1200.3,-2.6,120.4,0.5656627426998929,655.4,4.79,489.0,2.16,402.2727272727273,2.6,8.0,72.9,55.37,40.07,0.3584905660377358,0.002492957746478873,3.595600676818951,0.345505617977528,17.7,-3700.0,2481.1,0.05211267605633803,93.71486570893191,0.001126760563380282,0.132375189107413,0.2130522324726152,11.63343616694299,10.5,8.84,1.46
2012-09-01,366.1,90.4,0.008898435102792267,0.61,0.7155326324142035,69.7,1775.8,-7.9,0.1581116030333582,0.25,0.2362073745494871,0.02745195907162468,1.511326402410338,16.08,157.0,9.2,-505.6,53.95829872071772,2.03,203.7,3.59,2281.3,3.86,1.366946347471326,360.7,29.15,0.05,1.17,1108.5,6.8,93.7,0.5724488176479924,631.8,5.62,459.7,2.6,248.6486486486486,2.6,9.4,110.6,57.98,41.17,0.2037037037037037,0.001295774647887324,3.932432432432432,0.173277661795407,20.3,-44.53086419753087,2407.6,0.05080281690140845,85.32830421060736,0.001323943661971831,0.07414829659318611,-0.08626211602401135,11.48837992610456,12.36,10.29,1.64
2012-12-01,338.0,104.4,-0.01159799433180728,0.6,0.6962904185677444,99.5,1776.9,37.3,0.1530412034009156,-4.0,0.2974358974358974,-0.1158610638814671,2.011977259854083,3.72,136.3,-26.6,-521.0,54.66269419025325,-0.05,214.6,-0.08,2293.5,7.75,1.383555244101845,351.0,28.31,-0.15,1.11,1065.2,-17.5,104.0,0.6129933636046105,572.6,-7.58,442.0,-6.93,-618.6046511627908,2.6,-24.3,150.2,13.05,36.4,-3.665384615384615,-0.003746478873239437,4.675381263616558,-2.348754448398576,-26.6,13.3969465648855,2349.5,0.04943661971830986,82.94012302421552,-0.003422535211267606,-0.7686567164179104,0.3312658712540735,15.58493603637273,16.69,11.2,1.26
2013-03-01,452.1,104.2,-0.01191793649442411,0.55,0.6885538583614362,15.1,2003.5,24.9,0.1477398484719503,-0.5333333333333332,0.2866609046384327,0.004670329670329654,1.978717707174217,4.04,134.4,-28.3,-521.0,50.87311270398048,-0.72,212.6,-1.31,2349.400000000001,7.75,1.501536386120063,347.1,24.31,-0.07,0.99,1288.5,-29.1,92.2,0.5604715000807364,619.3,-8.06,544.3,-3.34,-857.5757575757576,2.6,-11.6,42.0,14.03,36.57,-0.5180375180375181,-0.003930555555555556,2.912328767123288,0.0633245382585752,-28.0,-31.84403669724771,2622.8,0.04820833333333334,96.56748857078617,-0.001611111111111111,0.08602150537634401,-0.01653077961839278,15.19978720024501,13.835,20.36,1.8
2013-06-01,472.2,101.6,-0.004804780554770461,0.54,0.6839912715731006,-14.4,2081.9,13.3,0.1392175071667945,0.857142857142857,0.2769721577726218,0.01421930544161887,1.905351635036801,5.4,136.3,-28.3,-552.0,51.10430135655294,-1.92,208.5,-3.73,2476.7,7.75,1.522301842644048,344.8,40.86,-0.13,1.1,1308.4,-52.0,72.0,0.5804713804713805,594.0,-7.4,544.2,-6.63,-658.1395348837209,2.6,-22.9,85.0,18.63,37.09,0.9850299401197606,-0.003930555555555556,3.2578125,-0.08188585607940446,-11.9,-58.4406779661017,2675.9,0.04788888888888889,95.67824497257772,-0.003180555555555555,0.3366336633663367,-0.03707758406942707,14.6709930231578,15.29,27.05,1.68
2013-09-01,483.4,104.5,-0.01435616002545136,0.54,0.6550287641341003,-24.1,2082.7,12.4,0.1313131313131313,1.076923076923077,0.2964869775893398,-0.0380156376381775,2.325558040161944,3.26,125.5,-43.5,-568.4,50.44724075197089,-4.27,204.6,-8.19,2514.6,7.75,1.564763335837716,330.2,22.28,-0.27,1.07,1307.4,-100.9,60.8,0.5942055065682922,555.7,-10.93,544.2,-14.82,-679.6875,2.6,-48.9,131.8,10.75,35.68,1.235294117647059,-0.006041666666666667,4.011764705882353,0.4770270270270269,-36.1,30.01818181818182,2638.4,0.04586111111111111,98.2268970698723,-0.006791666666666666,-0.3962962962962964,0.2205400816301435,17.36990881849353,14.51,56.62,1.99
2014-03-01,507.3,89.9,-0.00475609756097561,0.52,0.6750644713350525,0.2,2092.3,-18.1,0.1383333333333333,-0.5555555555555556,0.246253305906553,0.07511210762331832,2.044412756273142,9.82,138.2,-11.9,-600.0,49.63935919823855,-4.31,202.1,-8.57,2460.0,7.75,1.600107066381156,340.3,21.09,-0.12,1.02,1326.6,-142.3,41.6,0.6279756412622256,541.9,-3.44,548.9,-6.1,-177.6119402985075,2.6,-20.7,45.1,33.41,38.36,-0.5883940620782726,-0.001652777777777778,2.928985507246377,-0.6852698993595608,-11.7,-12.06737588652482,2634.2,0.04726388888888889,101.4530437442643,-0.002875,2.012269938650307,-0.1208936861748779,14.93449229107688,15.02,38.17,2.47
2014-06-01,519.6,86.7,-0.0007133798351299939,0.52,0.6968855385836144,3.0,2050.0,-43.0,0.1392279644895371,-0.1666666666666666,0.2268716196982636,-0.01798748696558905,1.721662646160434,10.32,140.0,-9.1,-615.9,50.10993249758919,-4.1,211.3,-8.11,2523.199999999999,7.75,1.578015549226388,351.3,14.23,-0.1,1.05,1293.4,-160.1,39.3,0.647557603686636,542.5,-2.09,558.8,-5.06,-135.820895522388,2.6,-17.8,88.7,36.26,37.67,-0.1704918032786885,-0.001263888888888889,2.729974160206718,-0.3924418604651163,-1.8,-15.01282051282051,2592.5,0.04879166666666667,99.56123470094683,-0.002472222222222222,0.05091649694501021,-0.1578693486050561,12.43944351294227,14.7,29.1,2.23
2014-09-01,549.9,97.0,-0.007202557485652659,0.53,0.6851815116048402,3.0,2022.2,-56.6,0.1330354735585256,0.4000000000000001,0.2582513028372901,-0.04433235996814444,1.702103971469961,7.0,131.5,-18.8,-632.0,49.90081294488311,-3.26,213.9,-6.5,2596.3,7.75,1.576395385095104,345.4,13.65,-0.14,1.05,1288.0,-185.8,37.3,0.6294878804446874,548.7,-5.4,587.2,-7.46,-268.5714285714286,2.6,-25.8,131.5,24.17,36.0,0.4743083003952571,-0.002611111111111111,2.475694444444444,1.583732057416268,-18.7,-15.48878923766816,2570.9,0.04797222222222222,100.3975368306181,-0.003583333333333333,-0.3217054263565892,-0.01136034096696681,12.11780901775146,12.2,22.78,1.88
2014-12-01,513.5,85.0,0.00034324942791762,0.54,0.6762547113667923,36.4,1977.1,-49.9,0.1300152555301296,-0.9285714285714286,0.2367263127016721,0.03888888888888875,1.848900498604039,12.8,136.4,0.7,-650.0,52.11216166862801,-2.61,204.5,-5.11,2622.000000000001,7.75,1.539557701292634,340.9,18.13,-0.01,0.93,1180.1,-188.0,53.2,0.6997126436781609,487.2,0.27,566.7,-0.64,10.29411764705882,2.7,-2.2,174.3,43.63,37.4,-0.9142091152815013,9.722222222222222e-05,2.888418079096045,-1.05,0.9,-23.34931506849315,2464.3,0.04734722222222222,91.89378601463943,-0.0003055555555555556,0.8285714285714287,0.08624415993066648,13.16892967447203,12.47,20.48,1.79
2015-03-01,484.2,82.0,-0.002307879180500445,0.53,0.6637571910335252,43.1,1947.4,17.8,0.1354765568062191,5.0,0.2301255230125523,-0.01631016042780742,1.95575198181064,10.76,129.8,-5.7,-665.8,51.02603002235707,-2.17,204.8,-4.32,2469.8,7.75,1.523667944605274,334.6,15.43,-0.06,1.04,1226.7,-198.1,88.5,0.600287047003947,557.4,-1.69,572.7,-3.01,-85.07462686567165,2.7,-10.1,41.7,35.99,36.79,3.703125,-0.0008260869565217392,2.476420798065296,-7.259259259259259,-5.7,64.34615384615385,2504.8,0.04849275362318841,95.97840544558328,-0.001463768115942029,-0.159375,0.05779190566895065,13.84078963428671,13.985,18.87,1.69
2015-06-01,594.9,86.7,0.002158010241404536,0.52,0.6976790319381074,57.5,2163.8,0.3,0.128639356254572,-0.6666666666666666,0.2317315894228035,0.05871160641478679,1.880243983751325,13.57,143.6,5.6,-681.7,51.13724619993343,-1.56,208.1,-3.08,2734.0,7.75,1.564909235553627,351.7,15.87,-0.02,1.04,1321.2,-201.3,76.5,0.6511757082021847,540.1,1.67,662.6,-0.91,74.66666666666666,2.7,-3.2,83.5,47.71,38.95,-0.6976744186046511,0.0008115942028985507,2.890277777777778,-1.988165680473373,5.9,31.40178571428572,2703.9,0.05097101449275362,95.55218051638099,-0.000463768115942029,0.2611524163568775,-0.0386081664554464,14.31615284324316,14.2,20.26,1.87
2015-09-01,574.8,91.0,0.003214272815919679,0.53,0.7032334854195595,81.4,2123.1,-9.6,0.1280291812633176,0.5,0.2409026798307475,0.06931964056482665,1.805222921345282,14.07,153.3,8.9,-696.4,51.78618187259193,-0.79,201.1,-1.55,2768.9,7.75,1.533588558220168,354.5,15.61,-0.03,1.12,1288.9,-206.6,91.4,0.6443111595783351,550.2,2.51,655.0,-1.45,94.68085106382979,2.7,-5.2,124.5,49.89,41.65,0.5934065934065933,0.001289855072463768,2.983679525222552,0.5029940119760479,8.9,49.92957746478874,2673.3,0.0513768115942029,93.1017047096215,-0.0007536231884057972,0.03684598378776704,-0.03989964230938126,13.2300191228714,14.825,16.46,1.69
2016-03-01,511.0,84.2,0.00627042638899445,0.54,0.6855782582820868,53.0,2085.0,22.3,0.1313369309113019,-1.333333333333333,0.2285879629629629,0.02641056422569021,1.836136079903992,14.76,151.9,11.9,-719.2,52.50924055938727,0.4,193.7,0.75,2631.400000000001,7.75,1.513062409288824,345.6,22.89,0.01,0.99,1246.3,-188.2,100.1,0.6408307064713519,539.3,4.79,599.8,0.62,123.9583333333333,2.7,2.0,34.5,51.0,42.75,-1.427586206896552,0.001586666666666667,2.709090909090909,0.9083665338645419,16.5,-28.09756097560976,2624.3,0.04608,90.44267053701014,0.0002666666666666667,0.04904051172707891,0.01712428874749339,13.41567082771846,13.22,14.23,1.79
2016-06-01,1485.1,94.8,0.005706921944035346,0.45,0.766712953779012,78.4,3116.0,24.9,0.118587383406971,-6.0,0.2289780077619664,-0.02409356725146206,1.558164368635896,15.7,166.7,18.6,-736.0,36.11762486186356,0.35,219.8,0.22,3259.2,7.75,2.325373134328358,386.5,30.85,-0.05,0.98,2370.1,-190.2,90.7,0.6505638781349941,594.1,4.81,1197.3,-0.55,90.73170731707317,2.7,-2.0,76.6,60.7,41.72,-1.887096774193548,0.00248,2.601183431952663,0.004175365344467608,18.6,-31.16935483870968,3710.1,0.05153333333333333,176.8731343283582,-0.0002666666666666667,0.06368563685636852,-0.1513894935731727,11.1774103531697,13.03,17.36,1.77
2016-09-01,1574.1,98.8,0.005029911604512039,0.45,0.7784169807577861,90.1,3220.3,25.8,0.1167891901544689,0.0,0.2352191641182467,-0.01773729626078624,1.6579013243024,15.49,166.2,16.9,-754.0,34.89672187081704,0.51,226.2,-0.15,3359.9,7.75,2.421824471685343,392.4,41.3,-0.05,0.94,2480.5,-190.2,77.3,0.6653102746693794,589.8,4.3,1233.1,0.04,91.84782608695652,2.7,0.0,120.5,60.77,40.98,-1.072727272727273,0.002253333333333333,2.427038626609442,-0.106029106029106,16.9,-30.89763779527559,3810.1,0.05232,186.5598676293622,0.0,-0.01337579617834395,0.06400926479522773,11.83859076687686,10.89,17.28,1.83
2016-12-01,1663.2,115.1,0.003627746408823615,0.48,0.8438801825034714,131.0,3227.9,54.4,0.1244551066381908,-0.2000000000000001,0.2487070992007522,0.006100536847242655,1.82661295029752,15.12,186.3,12.4,-778.4,32.16168258441626,0.09,239.1,-1.94,3418.1,7.75,2.618985801217038,425.4,42.94,-0.04,0.91,2599.7,-187.4,96.6,0.7039549892437531,604.3,2.92,1331.4,0.68,29.87951807228916,2.7,2.9,172.4,64.34,41.23,16.0,0.001653333333333333,1.896114195083267,-0.3209302325581396,12.4,-23.89887640449438,3832.2,0.05672,210.9290060851927,0.0003866666666666667,-0.0238863783085862,0.1017621637199122,12.28875797621012,12.08,15.0,1.5
2017-03-01,1663.4,92.8,0.0007141082960755091,0.43,0.6806189248165047,26.9,3171.8,27.0,0.1065263288623944,0.0,0.2704750801515593,-0.007761338830948317,2.049111764055727,0.68,144.1,2.3,-799.8,30.21321400368518,0.7,198.9,1.73,3220.8,7.75,2.763373410001743,343.1,48.54,-0.04,0.9,2651.2,-194.5,104.4,0.5470344387755102,627.2,0.68,1327.9,-1.98,28.39506172839506,2.7,-20.0,49.7,2.35,40.91,-3.911764705882353,0.0002584269662921348,1.517162471395881,-0.7671232876712328,2.3,-42.8875,3799.0,0.03855056179775281,230.9810071441017,-0.002247191011235955,-0.955026455026455,0.1218095019648067,12.95137931047998,11.97,24.77,2.0
2017-06-01,1714.3,91.0,0.003986109014041975,0.36,0.6947034318587582,12.7,3161.3,-0.8,0.105752680054356,18.5,0.2598515134209023,0.02248838914690787,2.2399422862746,3.78,150.2,-131.4,-821.8,29.71908776195132,-3.11,199.9,-8.83,3311.5,7.75,2.811043926729504,350.2,48.08,-0.78,0.93,2659.5,-337.3,82.7,0.5622992935131663,622.8,3.78,1346.5,-40.31,-1583.132530120482,2.7,-153.7,101.3,13.24,41.83,19.35858585858586,-0.01476404494382023,1.742807323452485,4.558823529411764,13.2,-26.93846153846154,3784.1,0.03934831460674157,236.4840832295928,-0.01726966292134831,4.558823529411764,0.09312841083942125,13.93273835809964,12.93,35.8,2.05
2017-09-01,1773.9,93.8,0.005327868852459017,0.34,0.7302122594723269,25.9,3215.4,-4.0,0.1077576112412178,-0.8974358974358975,0.2548220592230372,0.02892660769782451,2.283003137372672,4.93,162.2,-2.5,-843.3,28.46474738631097,-3.4,205.8,-9.27,3416.0,7.75,2.908811290030758,368.1,50.68,-0.08,0.98,2778.0,-354.9,104.3,0.5510479041916168,668.0,4.93,1416.5,-3.8,-28.40909090909091,2.7,-28.6,155.1,18.16,43.04,-0.9057305879434383,-0.0002808988764044944,1.800524934383202,0.3042328042328042,18.2,-11.76038338658147,3883.4,0.04135955056179776,251.3117423557083,-0.003213483146067416,0.3042328042328042,0.01922408954995425,14.12216937913683,13.03,62.09,2.33
2017-12-01,1289.1,123.1,-0.007342548864145611,0.37,0.8657012497520332,90.9,3373.1,57.7,0.1504360715639974,-0.625,0.2820806599450046,-0.09386617100371741,1.770046146283105,-4.87,176.2,-21.3,-804.3,26.49756512694434,-4.2,260.2,-14.24,2900.9,7.75,3.009278258542242,436.4,11.16,-0.03,0.96,3109.3,-338.2,119.5,0.509158791272897,857.1,-4.87,937.9,-1.66,-185.2173913043478,2.7,5.8,157.3,-21.26,39.0,-0.5631578947368421,-0.002393258426966292,3.036172695449241,-1.987829614604463,-21.3,-4.584033613445378,4230.2,0.04903370786516854,277.3931662057277,0.000651685393258427,-1.987829614604463,-0.2246851888604448,10.23230905295891,11.75,313.84,2.35
2018-03-01,2076.4,119.9,-0.001847562320758879,0.39,0.8603451696092045,17.5,3459.1,8.4,0.1195951908228546,3.666666666666667,0.262393359465068,0.0525641025641026,2.289088185940203,13.65,184.7,-13.1,-894.5,24.52290513019999,-4.59,249.1,-16.65,3626.4,7.75,3.227675655500606,433.7,40.83,-0.14,1.02,3298.5,-319.3,135.0,0.4760180002195148,911.1,-1.54,1729.3,-5.8,-111.0169491525424,2.7,-39.9,65.9,59.21,41.05,2.493975903614458,-0.001378947368421053,2.446954813359528,-0.6837782340862423,-6.7,12.46264367816092,4370.2,0.04565263157894737,307.7820285527667,-0.0042,-3.802874743326489,0.2932364451328158,13.6365525784998,12.57,18.86,2.05
2018-06-01,1995.7,122.9,-0.008159268929503917,0.41,0.875818290021821,-19.1,3498.0,-4.2,0.1200772410791993,-4.5,0.2663646659116647,-0.0762484774665042,1.698944246020799,8.22,173.8,103.0,-921.6,25.55068102992856,0.94,267.7,3.88,3676.8,7.75,3.144552319309601,441.5,44.77,0.49,0.94,3241.3,-228.3,135.9,0.5159518522846792,855.7,-6.8,1646.5,19.16,919.6428571428571,2.7,64.8,132.2,36.29,37.92,-4.303448275862069,0.01084210526315789,2.201480263157895,3.415584415584416,-30.0,38.7280701754386,4353.7,0.04647368421052631,291.379000359583,0.006821052631578947,-0.3978021978021977,-0.2578074289772337,10.71375044939646,14.59,16.54,1.88
2018-09-01,2213.5,108.1,5.056250790039186e-05,0.42,0.8577663162071016,-46.4,3674.400000000001,-39.2,0.1093161420806472,-1.142857142857143,0.25,0.04483122362869185,1.837228104852585,15.91,178.0,0.2,-950.9,24.06985237157213,0.95,254.5,4.14,3955.5,7.75,3.378758620689656,432.4,42.34,-0.07,0.94,3430.6,-251.4,111.8,0.5125044447078345,843.7,0.04,1828.1,-2.81,1.492537313432836,2.7,-36.0,200.8,68.8,39.62,-1.146659707724426,2.105263157894737e-05,2.008681925808998,-1.005882352941176,0.2,53.38271604938272,4518.1,0.04551578947368421,315.4574712643677,-0.003789473684210526,0.935523114355231,0.08139399462676256,11.09991980015104,10.06,15.65,2.29
2019-03-01,649.8,100.2,0.0008894745511447866,0.42,0.8569728228526086,-27.6,2408.1,-22.6,0.1423159281831659,-0.4285714285714286,0.2127314814814815,-0.0229681978798586,1.196901024987139,12.24,174.1,3.7,-879.5,44.90809277078707,-0.68,258.0,-1.73,3035.5,7.75,1.653801249914155,432.0,33.45,-0.04,1.04,1786.3,125.3,137.2,0.5177993527508091,834.3,0.63,787.0,-1.85,36.27450980392157,2.7,-7.6,50.1,52.87,38.71,-0.3416370106761566,0.0003854166666666667,3.200992555831266,14.75,2.7,13.37461300309598,3242.4,0.045,122.6770139413502,-0.0007916666666666666,-0.2306725329981144,-0.3485288942479055,10.25180930872808,10.25,25.04,1.09
2019-06-01,706.1,105.5,0.002783300198807157,0.43,0.8817694901805196,-66.6,2431.4,49.5,0.1472829688535454,21.5,0.2220472440944882,0.03074141048824597,1.321470627295742,13.25,184.1,4.7,-895.1,40.67995673002628,-6.87,260.3,-21.33,3018.0,7.75,1.847287646254369,444.5,31.2,-0.9,0.91,1919.3,-24.6,138.9,0.5527919413008332,804.1,1.9,845.0,-33.73,46.07843137254902,2.7,-149.9,100.6,58.91,39.9,17.23243243243243,0.0004895833333333333,2.869900771775083,2.015873015873016,8.4,10.50827423167849,3235.5,0.04630208333333333,145.821303753229,-0.01561458333333333,0.08251633986928097,0.104076778035963,10.44636420208202,9.335,23.61,1.47
2019-09-01,784.3,101.1,0.001086748066227706,0.42,0.8811743701646498,-65.7,2456.2,26.9,0.1419804385348079,-0.9666666666666667,0.214993246285457,-0.0496240601503759,1.015888853619308,12.4,175.3,3.2,-911.0,39.66067060899719,-6.56,268.9,-21.33,3128.6,7.75,1.917258605885567,444.2,35.01,-0.03,0.66,1948.9,-30.4,129.3,0.5741243375985524,773.7,0.77,913.6,-1.29,30.47619047619048,2.7,-5.7,152.3,55.08,37.92,-0.9617551141417136,0.0003333333333333334,2.644051130776794,-0.5947368421052631,3.4,8.241187384044528,3229.9,0.04627083333333333,152.1389539422327,-0.00059375,-0.0641509433962264,-0.2312437123947104,7.820634744509214,10.885,26.63,1.4
2019-12-01,785.9,93.9,-0.02427911621520409,0.51,0.6187264431660384,-84.2,2364.4,-18.4,0.0973349144925727,15.0,0.2798974030137865,-0.4084915611814346,0.8360379544567372,-7.34,76.8,-112.0,-926.3,40.08796830645413,-7.56,235.2,-16.99,3204.4,7.75,1.839713663243075,311.9,30.77,-0.48,0.69,1920.6,-49.3,129.7,0.3707357660763105,841.3,-24.93,915.6,-24.93,-965.5172413793103,2.7,-19.0,207.1,-22.9,22.43,18.32558139534884,-0.01166666666666667,2.261538461538461,-33.37662337662338,-77.8,-23.45112781954887,3205.7,0.03248958333333333,149.4514045599564,-0.001979166666666667,-1.591935483870968,-0.1770379687913847,6.615716596504636,6.505,16.53,1.24
2020-03-01,846.9,92.8,-0.008760829358512606,0.49,0.7565959135092243,-35.1,2345.7,-49.2,0.1237548265680262,-0.5833333333333333,0.2249606712113267,0.4641105662059744,1.082606973327348,6.59,131.9,-27.0,-941.1,38.17516677426297,-8.18,249.4,-19.7,3081.9,7.75,1.888951521984216,381.4,31.4,-0.2,0.78,2011.1,-87.6,204.3,0.4204144620811287,907.2,-7.07,1051.2,-8.49,-257.1428571428572,2.7,-20.4,52.1,25.12,32.84,-0.6594464500601684,-0.003214285714285714,3.148989898989899,-0.716405936622543,-27.0,66.91228070175438,3252.9,0.0454047619047619,161.9503945885005,-0.002428571428571428,-1.897820163487738,0.2949256281442778,8.273115935248617,6.305,17.1,0.92
2020-06-01,837.2,109.9,-0.007864488808227463,0.47,0.7325927395358064,-41.2,2319.0,-72.2,0.1175852516954819,-0.35,0.2837801245599783,0.08252131546894015,1.577785004670371,7.52,137.6,-25.2,-956.1,38.97704465629704,-4.28,231.7,-10.74,3140.7,7.75,1.86579773111272,369.3,28.74,-0.13,0.78,1945.9,-95.2,199.0,0.4245803633019085,869.8,-6.68,1036.2,-5.84,-387.6923076923077,2.7,-7.6,104.5,27.77,35.55,-0.3121319199057715,-0.003,3.064814814814815,-0.05516265912305529,-24.7,7.709812108559499,3188.8,0.04396428571428571,156.5612680022528,-0.0009047619047619047,0.1411229135053111,0.4573940899540989,12.0530361543012,7.005000000000001,22.78,0.89
2020-09-01,855.6,93.4,-0.003449357165255566,0.45,0.7252529260067447,-14.0,2197.5,-82.9,0.1146440890561305,-0.3076923076923077,0.237144420131291,-0.008720112517580758,2.121471250515638,10.45,135.1,-12.2,-971.3,38.4070177669008,-4.57,230.5,-11.7,3189.0,7.75,1.818520357497517,365.6,25.79,-0.09,1.27,1937.9,-94.7,218.7,0.3853288364249579,948.8,-3.0,1074.3,-3.82,-193.6507936507936,2.7,0.5,153.7,38.21,35.24,-0.3458904109589042,-0.001452380952380952,4.300373134328358,-0.5508982035928143,-11.0,5.694704049844237,3146.3,0.04352380952380953,160.3690830850712,5.952380952380952e-05,0.3896276595744681,0.3445882957664772,15.91300967798322,10.175,32.0,1.06
2020-12-01,-363.5,80.8,-0.0208923799497935,0.49,0.5508827613568736,-211.7,1764.4,-152.2,0.1124382541096445,6.777777777777778,0.268995318689233,-0.2193530079455165,1.53323966102336,-4.67,82.7,-126.3,-974.8,57.10858239649026,-4.33,195.1,-8.99,2469.8,7.75,1.058936502220622,277.7,19.09,-0.7,1.23,1251.4,633.1,531.1,0.2408081859174471,1153.2,-18.56,167.6,-37.88,-4210.0,2.7,727.8,192.3,-12.97,27.51,8.916230366492147,-0.01503571428571429,5.434540389972145,5.186666666666667,-51.6,7.889204545454544,2917.6,0.03305952380952381,75.10502940823432,0.08664285714285713,-1.44688995215311,-0.2772753056867042,16.94087482226208,16.81,14.06,1.21
2021-03-01,-344.0,32.2,0.003254162792663342,0.41,0.2652251537393374,-15.9,1736.0,-11.0,0.05650409939988166,-1.042857142857143,0.2213911742707554,0.6470374409305706,1.324660553755457,38.72,62.9,7.7,-987.5,58.46277077383854,-3.13,70.7,-6.57,2366.2,7.75,1.034133555727646,133.7,20.52,0.03,1.29,1192.7,642.2,513.4,0.1177558569667077,1135.4,5.78,169.4,3.22,248.3870967741935,2.8,9.1,44.0,51.76,45.31,-1.085005279831045,0.0009625,2.628252788104089,-1.311422413793103,7.7,3.955621301775148,2871.4,0.0167125,71.04902603204862,0.0011375,-9.291220556745182,-0.1360381632240631,15.86096770035153,15.64,10.84,1.26
2021-06-01,192.1,128.6,0.007927011666168113,0.52,1.20690339218409,-234.9,1699.3,-6.2,0.2274902781932396,4.333333333333334,0.1900065746219592,-0.1381593467225779,1.381526434007026,16.14,238.9,16.0,-1000.2,54.85572570168878,-1.68,369.5,-3.65,2674.4,7.75,1.219447434517402,608.4,18.05,0.16,1.41,1146.8,664.1,229.3,0.7234244946492271,841.0,4.18,421.3,5.86,533.3333333333333,2.8,21.9,88.7,60.31,39.05,0.8198757763975155,0.002,13.78731343283582,-0.2768166089965399,21.2,17.78947368421052,2540.3,0.07604999999999999,82.29637603157516,0.0027375,-0.5831611570247934,0.04292864318360845,16.23235316853955,16.89,13.95,1.66
2021-09-01,159.0,78.8,0.006830199764982374,0.53,0.7325927395358064,-200.5,1679.3,-12.7,0.1356125146886016,-0.25,0.1922556187381532,-0.008706786171574832,1.802716708350788,17.03,148.8,20.5,-1012.6,57.1026043553516,-0.64,220.5,-1.37,2723.2,7.75,1.183772733681094,369.3,21.47,0.12,1.42,1065.7,680.3,214.2,0.4587577639751553,805.0,5.04,373.2,4.39,525.6410256410256,2.8,16.2,133.0,62.9,38.71,-0.2508532423208192,0.0025625,10.11467889908257,0.2057416267942584,18.6,3693.0,2484.3,0.0461625,75.12336106020018,0.002025,0.05514250309789337,0.3048731200329824,20.64030607317536,16.59,8.1,1.16
2021-12-01,217.5,74.2,0.0176095278604849,0.56,0.7770283673874231,-154.0,870.6999999999998,-23.5,0.1666099532113994,4.666666666666667,0.1684962981873883,0.07724102299147506,1.264079699178677,21.58,169.0,41.4,-549.2,58.0611908296223,5.02,222.7,8.72,2351.0,7.75,0.6183509693913783,391.7,18.53,0.68,2.6,1017.1,767.6,132.5,0.2519781280154391,1554.5,10.57,350.1,22.28,2957.142857142857,2.8,87.3,176.1,84.54,41.7,4.075170842824602,0.005175,42.0188679245283,1.097222222222222,41.4,-78.34,2425.2,0.0489625,72.23208578936155,0.0109125,0.2671755725190839,-0.2987918216306333,14.83292187011245,17.84,9.35,1.52
