Date_x,순부채(천원),SG&A,ROGI(%),총자산회전율(비율),무형자산회전율,Free Cash Flow2(천원),비유동자산(천원),운전자본증감(천원),투자비 대비 매출 (Rev/GI),EPS증가율(YoY)(비율),Opex Margin,매출액증가율(YoY)(연도),"BPS(지배, Adj.)(원/주)",EBITDA2마진율(비율),매출총이익(천원),영업이익(천원),무형자산감상비 누계,자기자본비율,ROA(비율),매출원가(천원),ROE(지배)(비율),Gross Investment (GI),ROIC(비율),비유동비율(천원),매출액(천원),무형자산,CAPEX(천원),"EPS(지배, Adj.)(원/주)",유동비율(비율),부채총계(천원),이익잉여금(천원),단기투자자산,재고자산회전율(비율),유동자산(천원),영업이익률(비율),채무총계,순이익률(비율),이자보상율,자본금(천원),당기순이익(천원),유형자산감상비 누계,EBITDA2(천원),매출액이익률(비율),순이익증가율(YoY)(비율),인당영업이익,매입채무회전율,영업이익증가율(YoY)(연도),EBIT(천원),매출채권회전율,현금배당성향(%),자산총계(천원),인당매출,부채비율(비율),인당순이익,EBITDA2증가율(YoY)(비율),BPS증가율(YoY)(비율),close,close_weighted,EV_EBITDA,PBR
2002-07-01,-1241,87.1,-0.03398898505114083,0.45,1.3856,513.4,973,-49.2,0.1362706530291109,-0.1176470588235295,0.5028868360277137,-0.1017530487804877,4.141625475182138,-15.47,79.1,-86.2,-296,75.68306010928961,1.85,94.0,2.45,1271,6.33,0.4390794223826715,173.2,125,21.81,-0.17,2.88,712,511,1241,0.08859335038363171,1955,-20.28,0,-40.5,-1368.253968253968,2,-31.8,0,-28.91,52.48,-0.2987654320987655,-0.01326153846153846,1.323943661971831,0.8116370808678501,-43.2,-13.64233576642336,0.0,2928,0.02664615384615384,32.12996389891697,-0.004892307692307692,0.707175177763413,0.1996050763360011,21.64585389859344,20.455,22.01,4.19
2002-10-01,-826,114.4,-0.05597709377236936,0.49,1.567460317460317,15.5,1103,-56.3,0.1413743736578382,-0.1176470588235295,0.579240506329114,-0.1017530487804877,4.968314944310996,-26.41,85.0,-95.5,-296,71.94029850746269,3.45,112.5,4.79,1397,14.58,0.5720954356846473,197.5,126,27.79,-0.15,2.14,752,424,859,0.1252377932783767,1577,-36.74,32,-28.4,-31833.33333333334,1864,-54.7,0,-56.22,47.14,-0.2987654320987655,-0.01469230769230769,1.388888888888889,0.8116370808678501,-78.2,-3.584175084175084,0.0,2680,0.03038461538461538,39.00414937759336,-0.008415384615384616,0.707175177763413,0.1996050763360011,23.03176535857562,21.59,27.78,5.53
2003-01-01,-1101,136.2,0.151761744966443,0.48,4.358870967741935,374.7,1113,-1.4,0.4534395973154363,-3.0,0.2519888991674376,0.4565125159100551,5.121603209639145,36.34,365.6,170.7,-296,70.3273495248152,4.07,174.9,5.79,1192,14.58,0.5570570570570571,540.5,124,27.18,0.3,2.08,843,519,1117,0.3127893518518519,1728,32.42,15,22.46,6096.428571428572,1877,128.4,0,202.79,68.66,-1.790845070422535,0.02547761194029851,1.634579439252337,-1.882416984213391,180.9,-3.003767491926803,0.0,2841,0.08067164179104477,42.19219219219219,0.01916417910447761,-2.375993941688754,0.03085316994722165,24.8735129140958,26.4775,20.63,4.54
2003-04-01,-1511,117.4,0.3032535885167464,0.5,4.574814814814815,849.2,1115,153.8,0.5910047846889952,0.7666666666666668,0.1900906735751295,0.1387998834838333,3.766865617197407,53.79,479.2,308.5,-296,70.99308610936518,6.63,138.4,9.29,1045,14.58,0.4933628318584071,617.6,135,15.62,0.53,2.27,923,782,1522,0.2987905176584422,2067,49.93,12,35.13,4407.142857142857,1888,294.0,0,341.4,78.19,0.5641139804096171,0.04604477611940298,1.895890410958904,0.5400987045033929,316.9,-10.43914473684211,0.0,3182,0.09217910447761195,40.85878707392651,0.04388059701492537,0.4801871216290587,-0.2645143594669821,20.68388291018216,21.945,13.45,3.53
2003-10-01,-919,175.0,-0.06761827079934747,0.62,1.696969696969697,-96.9,1234,-61.5,0.1827079934747145,-1.245283018867924,0.78125,-0.1303235707891034,5.073341666820467,-25.79,147.4,-88.7,-296,71.11538461538461,10.12,76.6,14.15,1226,18.58,0.6677489177489178,224.0,132,20.71,-0.13,1.9,751,670,919,0.1639824304538799,1366,-34.64,0,-22.36,-88700.0,1929,-54.0,0,-61.72,68.0,-1.636493025903786,-0.01323880597014925,0.9011764705882352,-1.693771279791708,-82.9,18.55038759689922,0.0,2600,0.03343283582089552,40.61654948620876,-0.008059701492537314,-1.479457148168805,0.3468337292571362,23.5990157030215,22.415,19.91,5.38
2004-01-01,-979,217.6,0.1841075794621027,0.59,4.9352,86.7,1232,-50.8,0.5027709861450692,-3.846153846153846,0.3527313989301346,0.1983823529411763,5.166312970963529,38.87,499.7,219.4,-296,66.48103028193526,10.19,117.2,14.91,1227,18.58,0.6450261780104712,616.9,125,26.49,0.37,1.74,963,786,979,0.3759293113954905,1641,35.67,0,23.61,219400.0,1944,149.1,0,246.2,81.49,-2.055903398926655,0.03274626865671642,1.126923076923077,-2.02973441108545,225.9,-3.270005162622613,0.0,2873,0.09207462686567164,50.41884816753927,0.02225373134328358,-2.507173322993408,0.0183254569174971,24.96245326218148,24.645,18.12,5.19
2004-04-01,-1178,187.3,0.3327375352775164,0.58,6.071052631578947,521.2,1237,119.8,0.6510818438381938,0.783783783783784,0.2706256321340847,0.05730764510982955,4.456300211901416,52.67,593.9,347.6,-296,65.62078272604587,10.82,98.3,15.82,1063,15.86,0.6359897172236504,692.1,114,38.51,0.66,1.73,1019,1039,1178,0.4007527504342791,1727,49.83,0,37.23,347600.0,1947,264.0,0,373.88,86.16,0.576874205844981,0.05188059701492537,1.26025641025641,0.3969722455845246,353.7,-14.48571428571428,0.0,2964,0.1032985074626866,52.39074550128535,0.03940298507462687,0.3550295857988166,-0.1374312324964885,22.28150105950708,24.25,13.56,4.19
2004-07-01,-1018,157.1,-0.03505903723887376,0.65,2.528723404255319,461.2,1202,1.2,0.2158946412352407,-1.106060606060606,0.6609171224232225,-0.1790854224698235,4.714270339464247,-6.51,162.2,-43.6,-296,66.75210545587696,11.71,75.5,17.07,1101,16.74,0.6597145993413831,237.7,94,31.92,-0.07,1.71,908,984,1018,0.155461085676913,1529,-14.95,0,-10.57,-3114.285714285715,2,-42.1,0,-16.81,70.73,-1.283910824603814,-0.006507462686567165,1.110294117647059,-1.300020068231989,-38.6,-129.0,0.0,2731,0.0354776119402985,49.80800877674164,-0.006283582089552239,-1.123599772166319,0.05788885741446936,22.50946785972583,21.515,11.7,3.91
2004-10-01,-760,178.2,-0.06573604060913706,0.72,2.507368421052631,-111.8,1184,-77.0,0.2015228426395939,0.714285714285714,0.7481108312342569,-0.02205570479287433,4.873399790155808,-21.53,162.8,-82.2,-296,67.01954397394137,13.11,75.4,18.97,1182,17.82,0.7193195625759417,238.2,95,24.4,-0.12,1.6,810,914,760,0.1872641509433962,1272,-30.74,0,-18.0,-41100.0,2,-46.1,0,-54.42,69.17,0.7029328287606433,-0.01226865671641791,0.8976190476190476,1.0561872909699,-77.7,11.75813953488372,0.0,2456,0.03555223880597014,49.21020656136088,-0.006880597014925373,2.307219662058372,0.03375484205041279,21.29444134482735,19.425,14.39,5.16
2005-01-01,-885,229.9,0.1975133214920071,0.65,7.028888888888889,95.3,1151,-59.4,0.5618117229129663,-4.166666666666667,0.3634208030350933,0.1801358970652016,4.587596754181768,38.19,516.2,218.2,-296,61.77953890489913,11.57,116.4,18.03,1126,17.82,0.671137026239067,632.6,90,13.16,0.38,1.56,1061,1044,885,0.3892923076923077,1625,34.3,0,22.36,218199.9999999999,2,147.3,0,247.56,81.63,-2.242222222222222,0.03117142857142857,1.141176470588235,-2.115810019518543,222.4,-2.982972848596411,0.0,2776,0.09037142857142857,61.86588921282799,0.02104285714285714,-2.773803994426382,-0.05864551407240548,21.1100843397417,21.725,11.79,4.22
2005-04-01,-1260,225.8,0.4859749144811858,0.65,10.21375,652.1,1138,205.5,0.9316989737742304,1.105263157894737,0.2763431648513034,0.07166482910694616,4.164614955691068,55.21,715.1,422.2,-296,60.77913502806207,12.03,102.0,19.04,877,18.99,0.6181423139598045,817.1,80,15.61,0.8,1.62,1188,1333,1260,0.4320994182971973,1891,51.05,0,35.7,422200.0,2,300.5,0,460.92,87.48,0.5966010733452596,0.06031428571428572,1.0625,0.4883381924198251,426.2,-16.83266129032258,0.0,3029,0.1167285714285714,64.53014665942422,0.04292857142857143,0.4456664048180152,-0.09220117223797764,20.90255216310593,20.04,9.83,3.97
2005-10-01,-697,211.0,-0.0899909008189263,0.83,3.9875,-108.8,1100,-90.8,0.2612374886260237,-1.2,0.7349355625217694,-0.2126200274348423,5.352782455964098,-23.93,192.4,-102.6,-296,61.42506142506142,14.93,94.6,23.24,1099,25.51,0.7328447701532311,287.1,72,25.06,-0.16,1.45,942,1239,697,0.2139344262295082,1342,-32.51,0,-18.95,-2386.046511627907,2,-45.8,0,-72.77,68.88,-1.530812324929972,-0.01465714285714286,0.9752577319587629,-1.636826640548482,-98.9,23.57364341085271,0.0,2442,0.04101428571428572,62.8,-0.006542857142857143,-1.433435971744249,0.2853006851568269,22.63014003367009,23.33,11.86,5.37
2006-01-01,-834,262.2,0.2386811023622047,0.78,11.08507462686567,38.8,978,-135.8,0.731003937007874,-3.6875,0.3530362192002154,0.1822009291521489,5.913730121650097,36.07,604.8,239.0,-296,57.6837416481069,13.75,137.9,23.0,1016,25.51,0.6293436293436293,742.7,67,22.52,0.43,1.53,1140,1372,834,0.4328088578088579,1716,32.65,0,20.94,7966.666666666667,2,183.0,0,267.9,81.43,-2.105013192612137,0.03186666666666667,1.094444444444445,-2.004306367271609,242.5,-3.188922284242164,0.0,2694,0.09902666666666668,73.35907335907336,0.0244,-2.507312996239031,0.1047955283631952,26.23447504722881,24.6,12.9,5.85
2006-04-01,-1282,254.0,0.7082969432314411,0.75,15.06129032258064,686.3,982,201.5,1.35924308588064,0.9534883720930232,0.2720068537159991,0.08596340415080439,5.58476892122534,53.44,844.5,486.2,-296,56.53937140925989,12.59,89.3,21.43,687,23.67,0.5869695158398087,933.8,62,8.85,0.84,1.56,1286,1641,1282,0.4723318158826504,1977,50.74,0,31.39,2315.238095238095,2,298.6,0,509.03,88.43,0.4990448901623685,0.06482666666666667,0.9602150537634409,0.5540581929555897,486.6,-15.75257731958763,0.0,2959,0.1245066666666667,76.86790197250448,0.03981333333333334,0.4815636262822289,-0.05562668462337061,26.0695268002511,25.55,11.62,5.53
2006-07-01,-1197,197.6,-0.06594982078853047,0.84,5.314516129032258,565.0,953,12.9,0.3936678614097969,-1.071428571428571,0.5996965098634294,-0.162727581137623,5.84722342374122,-8.3,243.9,-56.9,-296,62.74368231046932,13.91,85.5,22.19,837,24.28,0.5483314154200231,329.5,62,22.62,-0.06,1.79,1032,1588,1197,0.1813428728673638,1817,-16.74,0,-5.71,-254.0178571428572,3,-18.9,0,-27.35,74.04,-1.181905065307423,-0.007586666666666667,1.239130434782609,-1.329917225068979,-55.2,-29.95454545454545,0.0,2770,0.04393333333333333,59.37859608745685,-0.00252,-1.155314371257485,0.04699469328415762,29.67145784076567,28.39,13.77,6.11
2006-10-01,-1058,229.5,-0.09333333333333332,0.89,5.563492063492063,-165.9,1017,-131.8,0.3386473429951691,1.833333333333333,0.6547788873038516,-0.03565640194489461,6.264883566077948,-19.83,250.3,-98.5,-296,63.4215167548501,14.49,100.2,23.12,1035,21.64,0.5656284760845384,350.5,63,29.22,-0.17,1.78,1037,1523,1059,0.1927942794279428,1818,-27.57,0,-16.26,-856.5217391304348,3,-58.9,0,-69.49,71.4,1.847635726795096,-0.01313333333333333,1.022448979591837,0.6469534050179213,-96.6,134.8076923076923,0.0,2835,0.04673333333333334,57.67519466073415,-0.007853333333333334,1.389156626506024,0.07142879826362059,32.53685919066479,30.68,15.78,6.84
2007-01-01,-1135,287.7,0.2196138211382114,0.82,13.16842105263158,53.5,1010,-81.7,0.7628048780487805,-3.352941176470588,0.3832933653077538,0.1509803921568627,5.967333984567577,32.3,616.9,214.7,-296,60.11865524060646,13.01,133.8,22.01,984,21.64,0.5537280701754386,750.6,57,23.66,0.4,1.7,1210,1654,1136,0.3708498023715415,2024,28.79,0,19.44,1951.818181818182,3,145.4,0,242.46,82.18,-2.195571955719557,0.02618292682926829,1.115,-2.044250997461008,216.1,-3.525598872710193,0.0,3034,0.09153658536585366,66.33771929824562,0.01773170731707317,-2.628845184064549,-0.04749483025055623,31.34912784519372,34.13,14.46,5.93
2007-04-01,-366,291.7,0.3038839979285344,0.71,19.98421052631579,725.4,2280,188.1,0.5899016053858104,1.625,0.2560793608989553,0.06242394743246527,5.075202590680692,55.07,994.6,578.5,-355,46.11915499643959,12.32,144.5,24.39,1931,19.55,1.173443129181678,1139.1,57,36.4,1.05,1.57,2270,2020,1365,0.5892912571132953,1933,51.51,998,32.32,30447.36842105264,2208,367.2,0,627.27,87.31,0.6625514403292181,0.07054878048780487,1.12015503875969,0.7891629037860368,586.8,-19.98421052631579,0.0,4213,0.1389146341463414,116.829644879053,0.04478048780487805,0.7049535603715171,-0.1495025075174392,29.04600481205474,31.24,11.75,4.9
2007-10-01,-4,246.8,-0.04305744007236545,0.82,1.64169741697417,-226.6,2300,-156.9,0.2012211668928087,-1.133333333333333,0.5547314003146775,-0.2254037338220136,5.332670840285332,-12.62,300.9,-79.2,-357,47.03947368421053,13.4,144.0,24.78,2211,22.25,1.237224314147391,444.9,271,65.28,-0.14,1.66,2093,1959,1003,0.2693099273607748,1652,-21.39,998,-10.58,-2030.769230769231,3,-20.8,0,-56.15,67.63,-1.327351485148515,-0.009658536585365854,0.9,-1.415259172976121,-95.2,-42.37142857142857,0.0,3952,0.05425609756097561,112.5874125874126,-0.002536585365853659,-1.229162883602688,0.05073063488685459,29.36444043865649,28.12,13.14,5.77
2008-01-01,165,330.4,0.07695891571368065,0.77,3.058241758241758,-84.4,2463,-156.5,0.3536213468869123,-3.428571428571428,0.3957360162893759,0.1722608309921634,5.446008145048495,26.7,661.9,187.6,-357,42.15462031107045,11.49,173.0,23.1,2361,22.25,1.336408030385241,834.9,273,56.64,0.34,1.34,2529,2068,837,0.4373493975903615,1909,21.77,998,13.95,2181.395348837209,3,115.2,0,222.91,79.28,-2.318525519848771,0.0228780487804878,1.201388888888889,-2.017765310892941,181.7,-3.524271844660194,0.0,4372,0.1018170731707317,137.2219207813348,0.01404878048780488,-3.115689381933439,0.02125338468426796,30.31408339270425,29.85,12.81,5.48
2008-04-01,107,325.2,0.2726475279106858,0.69,4.527586206896552,652.2,2920,146.8,0.523524720893142,2.911764705882353,0.2476770753998477,0.1133955600403631,4.377689341012845,56.41,1159.0,688.1,-357,45.07475813544416,11.45,154.0,25.03,2508,19.87,1.424390243902439,1313.0,290,95.34,1.33,1.17,2498,2509,897,0.8065110565110565,1628,52.08,998,33.85,22196.77419354839,3,444.2,0,740.69,88.27,1.42652329749104,0.08391463414634147,0.9808917197452229,1.392282958199357,683.8,-15.19675925925926,0.0,4548,0.1601219512195122,121.8536585365854,0.05417073170731707,1.112734082397004,-0.1961654803999815,27.74973144426819,29.83,9.69,4.21
2008-07-01,177,252.2,-0.03230769230769231,0.67,1.751648351648352,524.1,2893,30.0,0.1839230769230769,-1.142857142857143,0.5273943956503555,-0.3029341792228389,4.342763277985736,-14.11,325.0,-94.2,-357,44.41825583886865,10.02,153.2,21.76,2600,17.81,1.395561987457791,478.2,273,88.87,-0.19,1.21,2594,2444,828,0.2695603156708005,1774,-31.56,998,-16.73,-3925.0,3,-61.9,0,-56.45,61.53,-1.49423929098966,-0.01148780487804878,1.332173913043478,-1.605990783410138,-84.0,41.94736842105263,0.0,4667,0.0583170731707317,125.1326579835986,-0.007548780487804878,-1.250132955149796,-0.007978195871484073,27.99299836835955,27.77,10.52,4.25
2008-10-01,547,244.0,-0.0228631727048892,0.75,1.862903225806452,-266.9,2870,-284.7,0.1625043967639817,-0.1578947368421053,0.5281385281385281,0.08402405330732976,4.694203688519168,-1.18,313.0,-75.0,-357,47.4184120798831,10.97,149.0,23.25,2843,16.81,1.474062660503338,462.0,248,67.21,-0.16,1.2,2159,2370,459,0.3737864077669903,1236,-13.8,998,-10.79,-1875.0,3,-52.0,0,-5.7,66.7,-0.3550508069336522,-0.009146341463414634,1.137404580152672,-0.5627376425855513,-65.0,-27.66467065868263,0.0,4106,0.05634146341463415,110.8885464817668,-0.006341463414634147,-0.9163713678242381,0.08092552783499563,28.26976362990046,30.18,9.61,4.13
2009-01-01,452,341.0,0.04364660330869412,0.67,3.529680365296804,-174.0,2820,-324.1,0.2720872932066174,-2.625,0.4411384217335058,0.173463268365817,3.639466445294431,24.58,605.0,111.0,-357,46.33257403189066,9.39,168.0,21.29,2841,16.81,1.386430678466077,773.0,219,49.67,0.26,1.27,2356,2446,548,0.4923566878980892,1570,16.04,998,11.13,1585.714285714286,3,85.0,0,190.0,78.27,-2.031510658016682,0.01423076923076923,1.365853658536585,-2.16231884057971,124.0,-2.442338072669826,0.0,4390,0.0991025641025641,115.8308751229105,0.0108974358974359,-21.83050847457627,-0.2246892792071117,23.06129205523013,22.6,8.86,3.58
2009-04-01,-473,348.0,0.2989524576954069,0.64,7.014851485148514,729.5,2814,21.2,0.5709105560032232,4.653846153846153,0.2455892731122089,0.1298070780631151,3.045897544470759,59.15,1253.0,765.0,-357,51.6391814027419,9.44,164.0,19.51,2482,14.89,1.082724124663332,1417.0,202,31.49,1.47,1.7,2434,2926,1472,0.6385759351059036,2219,54.69,998,34.23,5464.285714285715,3,485.0,0,838.13,88.43,2.075471698113207,0.09807692307692308,1.108108108108108,2.409600997506234,742.0,-9.672354948805461,0.0,5033,0.1816666666666667,93.65140438630243,0.06217948717948718,1.406427990235964,-0.1630922855714506,24.56186074489452,23.24,7.2,2.87
2009-07-01,-349,258.0,-0.04600389863547758,0.66,1.570446735395189,629.9,2858,-86.9,0.1781676413255361,-1.149659863945578,0.5645514223194749,-0.2775076331561688,3.817185858517389,-10.94,301.0,-118.0,-357,52.98383754662246,9.42,156.0,19.31,2565,14.53,1.117716073523661,457.0,291,34.08,-0.22,1.82,2269,2849,1347,0.2322154471544715,1968,-25.82,998,-15.75,-2360.0,2547,-71.0,0,-50.0,63.89,-1.460122699386503,-0.01512820512820513,1.514563106796116,-1.472115560431523,-118.0,-25.81920903954802,0.0,4826,0.05858974358974359,88.73680093859993,-0.009102564102564102,-1.184953508030431,0.2532220151156284,30.21840322052311,29.785,9.91,3.75
2009-10-01,71,257.0,-0.03703703703703703,0.72,1.837209302325581,-172.0,2818,-157.0,0.1755555555555555,0.0,0.5421940928270043,-0.01596493974017843,4.062702207473703,-6.12,308.0,-100.0,-357,51.01032779524023,10.05,166.0,20.39,2700,15.89,1.240316901408451,474.0,258,32.0,-0.22,1.6,2182,2759,927,0.2897310513447433,1636,-21.1,998,-14.56,-909.0909090909091,2565,-68.0,0,-29.0,62.87,-0.07555555555555549,-0.01282051282051282,1.456140350877193,-0.1828040278853601,-100.0,-36.46153846153846,0.0,4454,0.06076923076923077,96.0387323943662,-0.008717948717948718,-0.4405850091407678,0.06431867822429616,28.84518567306329,30.0,10.19,4.05
2010-04-01,-931,411.0,0.3887915936952714,0.65,6.376984126984127,1049.0,2850,322.0,0.7035901926444834,-9.090909090909092,0.2557560672059739,0.4253220932082074,3.733587212047944,58.68,1450.0,888.0,-357,52.66261286161784,9.85,157.0,18.88,2284,15.89,0.9972008397480756,1607.0,252,34.0,1.78,1.83,2569,3445,1929,0.623593325572371,2577,55.26,998,35.84,8880.0,2668,576.0,0,943.0,89.61,-3.461538461538462,0.1153246753246753,0.9457831325301205,-3.618957345971564,888.0,-23.98507462686567,0.0,5427,0.2087012987012987,89.88803358992303,0.0748051948051948,-10.58823529411765,-0.08100888980253651,33.39778482639444,29.91,10.26,3.97
2010-07-01,-624,291.0,-0.02505873140172279,0.68,2.09765625,855.0,2903,119.0,0.2102584181675803,-1.039325842696629,0.5418994413407822,-0.2153777480191943,4.022259318145347,6.19,385.0,-64.0,-357,54.2708734128511,11.25,152.0,20.97,2554,16.66,1.029067706487061,537.0,256,-26.0,-0.07,1.88,2377,3397,1622,0.2339869281045752,2295,-4.74,998,-4.74,-457.1428571428571,2728,-48.0,0,30.0,70.31,-1.132254464285714,-0.008311688311688312,1.062937062937063,-1.085776330076004,-64.0,268.5,0.0,5198,0.06974025974025974,84.26090038993264,-0.006233766233766234,-0.8945126107702794,0.07731762771360606,36.13628514805104,35.69,10.43,4.42
2010-10-01,-176,310.0,-0.03719599427753934,0.74,2.198347107438016,-265.0,2933,-267.0,0.1902718168812589,2.142857142857143,0.5827067669172933,-0.03214336509742577,5.323419885124255,-9.77,373.0,-104.0,-357,52.9030952862634,11.98,159.0,23.04,2796,17.81,1.121606118546845,532.0,242,54.0,-0.22,1.77,2328,3327,1174,0.2646766169154229,2010,-19.55,998,-13.16,-1485.714285714286,2762,-70.0,0,-52.0,68.05,1.776371308016877,-0.01350649350649351,1.006329113924051,3.124472573839663,-104.0,-44.33333333333334,0.0,4943,0.06909090909090909,89.02485659655832,-0.00909090909090909,-2.578352180936995,0.3234899751761577,44.05298417594913,40.535,13.52,5.75
2011-01-01,106,418.0,0.04058500914076783,0.72,3.954954954954955,-91.0,2955,-180.0,0.3210237659963437,-2.045454545454545,0.4760820045558087,0.1498897869213813,6.427702806513321,19.59,698.0,111.0,-357,45.6316529423579,11.4,180.0,24.56,2735,17.81,1.300616197183099,878.0,222,84.0,0.23,1.35,2707,3400,892,0.433794466403162,2024,12.64,998,8.31,1233.333333333333,2820,73.0,0,172.0,78.25,-1.63145896656535,0.013875,0.9045226130653267,-1.646547314578005,111.0,-2.544927536231884,0.0,4979,0.10975,119.1461267605634,0.009125,-3.005117707267144,0.2074386287797567,47.41474278051385,48.16,13.74,6.3
2011-04-01,-830,385.0,0.4633730834752982,0.68,8.812807881773399,1016.0,2923,156.0,0.7619250425894378,8.565217391304348,0.2152040245947457,0.1541214057507987,5.620614738354734,60.71,1637.0,1088.0,-357,50.67361235854141,12.15,152.0,23.53,2348,17.81,1.036157390996101,1789.0,203,31.0,2.2,1.29,2746,4088,1828,0.676626323751891,2644,57.41,998,37.23,13600.0,2835,688.0,0,1122.0,90.31,3.48014440433213,0.136,0.7755102040816326,3.541930379746835,1088.0,-13.76153846153846,0.0,5567,0.223625,97.34136830911024,0.086,2.09903011740684,-0.1255639989049817,51.91799010117455,50.44,12.56,5.96
2011-07-01,-422,279.0,-0.01097608780870247,0.73,3.183333333333333,785.0,2856,-105.0,0.2246177969423755,-1.086363636363636,0.4869109947643979,-0.2192448233861145,5.921925582086029,5.06,414.0,-58.0,-357,51.19373776908024,12.65,159.0,23.98,2551,18.11,1.091743119266055,573.0,180,-92.0,-0.19,1.25,2494,4031,1421,0.2542147293700089,2254,-4.89,999,-9.77,-341.1764705882353,2886,-57.0,0,29.0,70.51,-1.26242277733011,-0.00725,1.232558139534884,-1.085176798467166,-28.0,-15.91666666666667,0.0,5110,0.071625,95.33639143730886,-0.007125,-0.9166529402075441,0.05360816525551337,51.29720967793726,54.3,10.71,5.37
2011-10-01,-52,308.0,-0.03150787696924231,0.73,3.80794701986755,-154.0,2803,-148.0,0.2156789197299325,0.0,0.5356521739130434,-0.0455254573819317,5.943568953691375,-2.09,408.0,-84.0,-357,50.41639974375401,14.54,167.0,28.14,2666,21.49,1.187208809826345,575.0,151,44.0,-0.19,1.15,2322,3917,1051,0.3058510638297872,1880,-14.61,999,-10.09,-2100.0,2919,-64.0,0,-12.0,67.3,0.03275332650972373,-0.0105,0.9940476190476191,1.987730061349693,-84.0,115.0,-0.7758620689655172,4683,0.071875,98.34815756035579,-0.008,-1.41304347826087,0.003654786151115585,46.77588766555112,43.9,11.81,6.76
2012-01-01,40,425.0,0.07442748091603053,0.73,7.455223880597015,58.0,2788,-107.0,0.3812977099236641,-3.052631578947369,0.4254254254254254,0.1661218424962854,7.141222831333129,25.63,794.0,195.0,-357,44.80048367593712,15.05,205.0,33.28,2620,21.49,1.254161043634728,999.0,134,48.0,0.39,1.06,2739,3991,959,0.4595216191352346,2174,19.52,999,12.11,1500.0,2975,118.0,0,256.0,78.48,-2.2001982160555,0.02294117647058824,0.9669811320754716,-2.336071184120466,195.0,-2.3729216152019,0.3636363636363636,4962,0.1175294117647059,123.2118758434548,0.01388235294117647,-13.26315789473684,0.2015041613840329,53.45097088906918,52.41,11.62,7.49
2012-04-01,-1023,453.0,0.512217611802674,0.69,13.95652173913044,1303.0,2786,329.0,0.8879668049792531,5.205128205128204,0.235202492211838,0.1425840978593271,6.083663536189396,60.38,1729.0,1111.0,-357,55.41438623924941,14.9,197.0,28.15,2169,21.49,0.9827160493827161,1926.0,138,33.0,2.42,1.47,2281,4677,1522,0.8266094420600858,2330,57.68,499,38.21,37033.33333333333,3007,734.0,0,1163.0,89.67,2.155243600330306,0.1307058823529412,0.9425837320574163,1.954918032786885,1111.0,-15.53225806451613,0.06114130434782609,5116,0.2265882352941176,80.45855379188713,0.08635294117647059,1.355833008193523,-0.1480921853472409,58.465037712193,57.81,10.8,6.0
2012-07-01,-245,228.0,-0.01890756302521008,0.78,1.48792270531401,1050.0,3161,93.0,0.107843137254902,-1.033057851239669,0.7402597402597403,0.09345377495260387,6.43199497864787,0.97,292.0,-54.0,-357,58.58240819812126,15.6,16.0,28.51,2856,24.08,1.151967930029155,308.0,207,71.0,-0.08,1.2,1940,4612,744,0.2022324359816152,1523,-17.53,499,-11.36,-2700.0,3,4.0,0,3.0,98.05,-1.297304370583617,-0.006352941176470588,0.1151079136690648,-1.303918169209431,-54.0,-30.8,-1.257142857142857,4684,0.03623529411764706,70.69970845481049,0.0004705882352941177,-0.9839350778403445,0.05725685524624824,60.23684034610838,59.485,11.91,6.24
2012-10-01,-59,321.0,-0.02398948406178114,0.83,2.796019900497512,-215.0,3160,-233.0,0.1846861649687808,1.25,0.5160142348754448,-0.2450790413054564,6.393392269704262,-4.63,423.0,-73.0,-357,61.08144192256341,16.74,139.0,30.08,3043,24.3,1.151183970856102,562.0,201,70.0,-0.18,1.24,1749,4543,558,0.4212893553223389,1334,-12.99,499,-9.61,-1042.857142857143,3114,-19.0,0,-26.0,74.02,-0.1540492957746479,-0.008588235294117647,0.8323353293413174,-0.2589845978322876,-73.0,-562.0,-0.9259259259259259,4494,0.06611764705882353,63.71584699453552,-0.002235294117647059,-5.77319587628866,-0.006001669633100781,59.29007358222365,59.01,12.53,6.41
2013-01-01,-179,458.0,0.02828282828282828,0.73,4.727272727272728,-4.0,3177,-153.0,0.2976430976430977,-2.166666666666667,0.4841628959276018,0.08659821669818979,6.452884975858709,16.06,718.0,84.0,-357,54.86343092945569,14.17,166.0,28.39,2970,24.3,1.137893982808023,884.0,187,45.0,0.21,1.2,2297,4563,678,0.4623430962343096,1912,9.5,499,7.35,1200.0,3186,71.0,0,142.0,80.43,-1.764828303850156,0.0105,0.7793427230046949,-1.731331793687452,84.0,-2.46927374301676,0.7846153846153846,5089,0.1105,82.27077363896849,0.008875,-4.468682505399568,0.009305342710842268,60.86640152904566,59.23,14.19,6.62
2013-04-01,-1496,491.0,0.5273549979432333,0.7,12.67272727272727,1413.0,3110,318.0,0.8601398601398601,11.85714285714286,0.2209469153515065,0.1529280119358447,5.222611349438551,64.04,1946.0,1282.0,-357,61.44578313253012,15.27,145.0,26.04,2431,24.3,0.8711484593837535,2091.0,165,32.0,2.7,1.75,2240,5334,1995,0.7744444444444445,2700,61.31,499,41.03,32050.0,3245,822.0,0,1339.0,92.73,4.582312925170068,0.16025,0.6277056277056277,5.453684210526316,1282.0,-16.20930232558139,0.05944055944055944,5810,0.261375,62.74509803921568,0.10275,2.987546699875468,-0.1906548204443148,62.77684349325127,62.09,11.04,4.96
2013-10-01,-617,376.0,-0.03920570264765784,0.94,3.936708860759494,-237.0,2118,-318.0,0.3167006109979633,-1.074074074074074,0.5546623794212219,-0.1764261835436213,8.536562617442236,-4.34,479.0,-77.0,-357,54.67059980334317,18.78,143.0,32.36,1964,24.1,0.9523381294964028,622.0,158,47.0,-0.2,1.69,1844,5196,1116,0.318974358974359,1950,-12.38,499,-9.16,-1100.0,2995,-11.0,0,-27.0,76.37,-1.223251279551548,-0.009625,0.8511904761904762,-1.201924645245474,-77.0,-4.038961038961039,-0.8771929824561403,4068,0.07775,82.91366906474819,-0.001375,-1.067770143660212,0.6345391311493909,65.92123354580393,63.905,13.6,9.15
2014-01-01,-832,461.0,-0.02613636363636363,0.8,4.949367088607595,49.0,2177,-46.0,0.4443181818181818,-0.35,0.5460358056265985,0.006285190519837558,9.438987505039693,0.51,606.0,-46.0,-357,47.37176769817719,14.32,176.0,27.93,1760,24.1,0.9740492170022371,782.0,158,46.0,-0.13,1.42,2483,5103,1331,0.3077528532073986,2541,-5.88,499,-4.73,-657.1428571428571,3376,-37.0,0,4.0,76.85,-0.4836244541484715,-0.00575,0.7822222222222223,-0.5250403877221326,-46.0,-1.667377398720682,-1.648648648648649,4718,0.09775,111.096196868009,-0.004625,-1.117511520737327,0.1057129113952244,74.28217279494265,72.785,15.48,9.82
2014-04-01,-2134,533.0,1.02258726899384,0.74,15.40645161290323,1399.0,2172,261.0,1.634496919917864,-27.07692307692308,0.2102177554438861,0.2058555627846455,6.659427917453554,64.53,2218.0,1494.0,-357,57.71836007130125,14.5,170.0,24.32,1461,24.1,0.6707844348363187,2388.0,155,38.0,3.39,2.04,2372,6033,2633,0.6945898778359512,3438,62.56,499,41.21,29880.0,3471,984.0,0,1541.0,92.67,-9.712473572938688,0.18675,0.8808290155440415,-11.63945578231293,1494.0,-27.13636363636364,0.05487804878048781,5610,0.2985,73.25509573810994,0.123,125.5294117647059,-0.2944764558806829,75.9268577349106,72.72,12.92,6.64
2014-07-01,-1415,231.0,-0.06001690617075232,0.79,2.909677419354839,1245.0,2580,82.0,0.3812341504649197,-1.029498525073746,0.458980044345898,-0.2200280565447286,9.652709636989195,-4.66,319.0,-71.0,-502,59.18092674485676,15.96,132.0,25.81,1183,24.38,0.8382066276803118,451.0,155,44.0,-0.1,1.84,2123,5949,1914,0.1720717283479588,2621,-15.74,499,-8.2,-507.1428571428571,3,-29.0,-982,-21.0,72.28,-1.198980829895656,-0.008875,0.9103448275862069,-1.251598465473146,-71.0,20.5,-1.486486486486486,5201,0.056375,68.97335932423651,-0.003625,-1.072214473888114,0.4494803092155428,104.2492640794833,102.545,14.6,7.59
2014-10-01,-1090,370.0,-0.08032424465733234,0.93,3.290322580645161,-173.0,2601,-155.0,0.4509948415622697,1.8,0.5441176470588235,0.01729385722191479,8.182705650159345,-8.99,453.0,-109.0,-502,58.09845176657403,18.21,159.0,32.19,1357,10.35,0.8886231636487871,612.0,186,55.0,-0.28,1.79,2111,5791,1589,0.25112843660238,2437,-17.81,499,-13.24,-2180.0,3687,-84.0,-982,-55.0,73.53,0.6146341463414635,-0.013625,0.803030303030303,0.1315120711562896,-109.0,-10.2,-0.9135802469135802,5038,0.0765,72.12162623846943,-0.0105,0.9291845493562232,-0.1522892578470187,83.74398404900842,82.9,16.37,8.58
2015-01-01,-868,459.0,-0.08846918489065607,0.84,4.005347593582887,131.0,2667,161.0,0.7445328031809145,-0.2500000000000001,0.5634178905206942,0.01319189446484437,10.98591086271,-4.27,561.0,-89.0,-502,44.88083889418494,16.18,188.0,35.13,1006,10.35,1.132965165675446,749.0,187,61.0,-0.21,1.22,2891,5652,1367,0.2905352986811482,2578,-11.88,499,-8.01,-1780.0,3822,-66.0,-982,-32.0,74.5,-0.3950151057401813,-0.01155844155844156,0.6886446886446886,-0.3329590117911285,-89.0,-1.71395881006865,-1.216666666666667,5245,0.09727272727272727,122.8122344944775,-0.008571428571428572,-0.525027808676307,0.342576811680384,90.73976902041872,90.71,16.69,10.21
2015-04-01,-1585,544.0,4.609375,0.72,11.66666666666667,1539.0,2428,760.0,8.33984375,-12.0952380952381,0.2370023419203747,0.2134228187919465,11.42009689665696,58.03,1933.0,1066.0,-502,43.83380547686497,8.77,202.0,17.2,256,10.35,1.046100818612667,2135.0,183,67.0,2.33,1.35,2974,6082,2084,0.7446808510638298,2867,55.27,499,30.73,21320.0,3,501.0,-982,1239.0,90.4,-4.83645443196005,0.1384415584415584,0.7062937062937062,-5.652356902356902,1180.0,-43.57142857142857,0.1082317073170732,5295,0.2772727272727273,128.1344248168893,0.06506493506493506,-14.59016393442623,0.03952207872182378,95.6896927694614,90.5,23.15,11.92
2015-10-01,376,361.0,-0.03055848261327714,0.97,9.25974025974026,-258.0,2406,-298.0,0.7513171759747103,-1.047210300429185,0.4446002805049089,-0.154424778761062,23.25627336346707,3.65,547.0,-29.0,-583,27.41977563266371,10.44,166.0,23.28,949,41.57,2.289248334919125,713.0,77,70.0,-0.11,0.76,2782,5914,474,0.4996496145760336,1427,-4.07,850,-4.35,-414.2857142857143,3,-31.0,-1061,26.0,76.44,-1.141555483241132,-0.003766233766233766,0.9325842696629213,-1.073638501899765,-29.0,-15.84444444444444,-2.645161290322581,3833,0.0925974025974026,264.7002854424358,-0.004025974025974026,-0.937101499224539,1.036433978968685,89.86155626839664,104.72,22.87,24.47
2016-01-01,911,476.0,0.03910614525139665,0.93,13.77611940298507,-265.0,2882,-133.0,0.8594040968342644,-2.0,0.4702058504875407,0.02472527472527464,39.74943407264676,10.83,724.0,42.0,-583,14.73902046447459,11.51,199.0,36.86,1074,41.57,4.496099843993759,923.0,67,324.0,0.11,0.62,3708,5857,334,0.6291751874573961,1467,4.55,1245,3.14,466.6666666666667,3,24.0,-1061,100.0,78.33,-1.72183908045977,0.005316455696202532,0.6958041958041958,-2.117936117936118,42.0,-2.019693654266959,2.793103448275862,4349,0.1168354430379747,578.4711388455538,0.003037974683544304,1.967123287671233,0.7091919006717797,96.87979939378924,98.165,19.64,38.81
2016-04-01,-613,572.0,8.184713375796179,0.91,10.37837837837838,1292.0,2629,620.0,14.67515923566879,28.63636363636363,0.2300347222222222,0.1552406485382356,20.35017429966279,58.46,2088.0,1285.0,-583,25.26315789473684,14.54,216.0,41.69,157,41.57,2.106570512820513,2304.0,222,55.0,3.26,0.81,3692,6805,1613,0.9969710082215492,2311,55.77,1000,36.81,14277.77777777778,4334,1026.0,-1061,1347.0,90.49,10.72292993630573,0.1626582278481013,0.8,11.25714285714286,1285.0,-50.08695652173913,0.09198113207547169,4940,0.2916455696202532,295.8333333333334,0.129873417721519,4.397968605724839,-0.4880386406893126,98.8210798676232,96.13,17.59,20.73
2016-07-01,-80,398.0,-0.1135902636916836,1.02,3.396396396396396,938.0,2636,170.0,1.529411764705882,-1.049079754601227,0.4588859416445623,-0.1542711901867609,23.82279465740417,0.93,583.0,-56.0,-621,27.31764705882353,17.49,171.0,46.15,493,40.15,2.270456503014643,754.0,222,73.0,-0.16,0.72,3089,6687,1080,0.4671623296158612,1614,-7.43,1000,-5.31,-800.0,3,-40.0,-1209,7.0,76.53,-1.144254278728606,-0.007088607594936709,0.9293478260869565,-1.133225748610364,-56.0,17.13636363636364,-1.95,4250,0.09544303797468355,266.0637381567614,-0.005063291139240506,-0.9840916866233322,0.17064327344847,108.0400960829931,102.32,19.13,24.65
2016-10-01,495,409.0,-0.07236061684460261,1.23,19.94871794871795,-291.0,2671,-311.0,0.9228944246737841,-0.25,0.4601542416452442,-0.002352018816150658,30.27229803764512,-0.77,595.0,-61.0,-621,23.79862700228833,20.78,183.0,81.23,843,41.95,2.853632478632479,778.0,39,86.0,-0.12,0.58,2997,6564,605,0.6164817749603804,1262,-7.84,1100,-3.86,-762.5,4540,-30.0,-1209,-6.0,76.35,-0.2730696798493408,-0.007721518987341772,1.109090909090909,0.05518169582772536,-61.0,-14.96153846153846,-2.966666666666667,3933,0.09848101265822785,320.1923076923077,-0.00379746835443038,-1.827956989247312,0.27072824464935,109.825081252852,112.02,19.71,29.86
2017-01-01,513,545.0,0.03098591549295775,1.11,29.88235294117647,-45.0,2694,-154.0,1.430985915492958,-1.416666666666667,0.4872047244094488,0.04413883431565169,37.48488092295006,7.78,810.0,22.0,-621,17.95106334324263,18.14,206.0,110.94,710,41.95,3.431847133757962,1016.0,34,46.0,0.05,0.6,3588,6488,637,0.6051220964860036,1679,2.17,1150,1.28,220.0,4660,13.0,-1209,79.0,79.72,-1.33160621761658,0.002682926829268293,0.7984496124031008,-1.276785714285714,22.0,-2.341013824884793,6.846153846153846,4373,0.1239024390243902,457.0700636942675,0.001585365853658537,-11.1038961038961,0.2382568669327891,114.4966207179603,110.9,21.69,38.67
2017-04-01,-1093,613.0,90.25,1.03,94.11111111111111,1711.0,2714,554.0,158.8125,73.0,0.2235340417158599,0.1368539889613647,18.14197747528736,59.27,2304.0,1444.0,-621,34.15174079291608,18.31,237.0,61.6,16,41.95,1.599292869770183,2541.0,27,46.0,3.7,0.9,3272,7363,1593,1.126829268292683,2255,56.83,500,37.94,24066.66666666666,4787,964.0,-1209,1506.0,90.63,28.640625,0.1760975609756097,0.8810408921933085,25.1889400921659,1444.0,-21.35294117647059,0.09232365145228216,4969,0.3098780487804878,192.8108426635239,0.1175609756097561,6.618251928020566,-0.5160188046861325,120.2614678732916,118.84,19.57,18.91
2017-07-01,-289,401.0,0.02725366876310273,1.25,39.13636363636363,1369.0,2653,22.0,1.805031446540881,-0.9621621621621621,0.4076655052264808,-0.132406487917908,25.60306657394947,8.71,677.0,13.0,-621,33.28416912487709,23.68,184.0,78.33,477,50.31,1.959379615952733,861.0,22,52.0,0.14,0.73,2714,7297,777,0.6084805653710247,1415,1.51,488,4.41,1300.0,3,38.0,-1209,75.0,78.63,-0.8837638376383764,0.001585365853658537,1.171974522292994,-0.9734295266584551,13.0,-22.07692307692308,2.368421052631579,4068,0.105,200.4431314623338,0.004634146341463414,-0.8530453855238738,0.4112610716679288,134.8893079421307,126.805,21.12,25.91
2017-10-01,98,453.0,-0.04908835904628331,1.33,50.55555555555556,-128.0,2649,-236.0,1.276297335203366,-1.071428571428571,0.4373626373626374,-0.006358896095637778,30.17237662612037,3.3,712.0,-35.0,-621,29.6013779527559,25.33,198.0,94.72,713,56.67,2.201995012468828,910.0,18,50.0,-0.01,0.67,2861,7180,777,0.6431095406360424,1415,-3.85,875,-0.22,-1166.666666666667,4999,-2.0,-1209,30.0,78.13,-1.049886621315193,-0.00426829268292683,0.9,-3.549668874172185,-35.0,-75.83333333333333,-50.0,4064,0.1109756097560976,237.8221113881962,-0.0002439024390243902,-0.6211251435132032,0.1784672956644993,141.7865979735266,136.9,22.99,32.1
2018-01-01,377,612.0,0.2050739957716702,1.22,17.85333333333333,97.0,2996,-307.0,1.415433403805497,-57.00000000000001,0.4189693801344287,0.04377319851529515,35.08001249725214,19.12,1093.0,194.0,-621,23.6218864842793,24.72,246.0,118.02,946,56.67,2.589455488331893,1339.0,75,27.0,0.56,0.63,3741,7057,726,0.7039957939011566,1902,14.49,1103,10.9,4850.0,5151,183.0,-1209,256.0,81.55,-50.54545454545455,0.02179775280898876,0.717201166180758,-4.763636363636364,194.0,-3.3727959697733,0.6986301369863014,4898,0.1504494382022472,323.3362143474503,0.02056179775280899,4.793939393939395,0.1626532749456404,158.5452127317216,153.86,23.19,37.16
2018-04-01,-1486,708.0,5.520689655172414,1.12,42.8235294117647,2052.0,2942,308.0,10.04137931034483,7.142857142857141,0.2266483516483516,0.09699570815450631,18.66144912461814,57.18,2607.0,1601.0,-621,40.85018144116122,25.62,305.0,67.87,290,56.67,1.244500846023689,2912.0,68,20.0,4.56,1.05,3423,8155,1936,1.023550087873462,2845,54.98,450,41.07,160100.0,5289,1186.0,-1209,1665.0,89.46,2.767889908256881,0.1798876404494382,0.9384615384615385,2.794340924775707,1601.0,-20.08275862068966,0.08528428093645485,5787,0.3271910112359551,144.7969543147208,0.1332584269662921,1.990585774058577,-0.4680318564287881,171.6562868894835,165.65,22.63,20.06
2018-07-01,-1278,522.0,-0.2105263157894737,1.31,14.16393442622951,1988.0,2712,68.0,0.9094736842105263,-1.035087719298246,0.5439814814814815,-0.181086519114688,19.56684997460426,-15.97,635.0,-200.0,-621,54.85001947798987,28.25,229.0,62.35,950,52.81,0.9630681818181818,864.0,61,27.0,-0.16,1.39,2318,8564,1716,0.356729975227085,2422,-23.15,438,-4.63,-3333.333333333333,5338,-38.0,-1209,-138.0,73.26,-1.112734355977599,-0.02247191011235955,1.286516853932584,-1.421062204437977,-200.0,216.0,-2.575,5134,0.09707865168539326,82.3153409090909,-0.004269662921348315,-1.279293459251487,0.04851717805728817,215.2353497206469,209.69,28.2,18.76
2019-01-01,-920,688.0,0.1809006211180124,1.23,30.6530612244898,118.0,2691,-327.0,1.166149068322981,-5.5,0.4241011984021305,0.1051051051051048,19.03357497866038,19.17,1217.0,233.0,-621,52.40862230552952,26.95,285.0,69.77,1288,50.67,0.9624463519313304,1502.0,49,45.0,0.72,1.32,2539,8537,1333,0.5680786686838124,2644,15.51,413,12.58,11650.0,5623,189.0,-1209,288.0,80.96,-3.717062634989201,0.02478723404255319,0.7125,-1.669978401727862,233.0,-3.286652078774617,0.656084656084656,5335,0.1597872340425532,90.80829756795423,0.0201063829787234,-2.200375704445836,-0.02725400341066753,204.6841370782093,212.36,28.38,20.0
2019-04-01,-2898,822.0,3.054794520547945,1.05,76.09302325581395,2317.0,2668,408.0,5.602739726027397,6.25,0.2356356968215159,0.101161067193676,15.93165986906043,56.17,2918.0,1784.0,-621,58.84053780540697,24.57,354.0,48.52,584,43.02,0.6555282555282556,3272.0,43,49.0,5.22,1.85,2847,9789,3346,0.7700635443633796,4249,54.52,448,42.11,17840.0,5782,1378.0,-1209,1838.0,89.15,2.347376788553259,0.1897872340425532,0.9242819843342036,2.515151515151516,1784.0,-33.38775510204081,0.09143686502177069,6917,0.3480851063829787,69.95085995085995,0.1465957446808511,1.930099113197705,-0.162970703773604,249.3917525656768,230.78,29.4,16.0
2019-07-01,-2304,531.0,-0.1785297549591598,1.19,18.40740740740741,2169.0,2689,133.0,1.159859976662777,-1.032567049808429,0.4849094567404427,-0.1976444195176669,17.94926476112442,-9.46,713.0,-153.0,-621,59.66894795479867,27.28,281.0,47.43,857,42.19,0.7172579354494532,994.0,54,26.0,-0.17,1.83,2534,9621,2740,0.2765720645520311,3594,-15.39,436,-4.43,-956.25,3,-44.0,-1209,-94.0,71.53,-1.105200664925196,-0.01627659574468085,1.025547445255474,-1.282281731474688,-153.0,62.125,-2.818181818181818,6283,0.1057446808510638,67.59135769538544,-0.004680851063829788,-1.168417304611002,0.1266412231146241,258.8145907286748,245.15,33.47,19.25
2019-10-01,-1832,529.0,0.008244023083264633,1.25,23.77551020408163,-165.0,3021,-354.0,0.9604286892003298,-2.294117647058823,0.4042918454935622,0.04767230532643651,19.42986316463429,5.75,875.0,10.0,-621,58.75788452207667,28.44,290.0,49.26,1213,44.65,0.8315441783649876,1165.0,49,38.0,0.22,1.8,2550,9537,2255,0.368437697659709,3162,0.86,423,4.89,100.0,5881,57.0,-1209,67.0,74.94,-2.103837471783295,0.001063829787234043,1.066176470588235,-1.055880441845354,10.0,-30.65789473684211,2.473684210526316,6183,0.123936170212766,70.18992568125516,0.006063829787234042,-1.607822410147992,0.08248796946360937,270.4547619812888,275.975,31.05,18.45
2020-01-01,-1855,752.0,0.2102803738317757,1.18,41.36585365853659,122.0,3011,-445.0,1.320872274143302,3.136363636363637,0.4103773584905661,0.06605284227381913,18.65675876486288,19.28,1356.0,270.0,-621,55.61856439337413,27.1,340.0,50.01,1284,44.65,0.8078883820767373,1696.0,41,30.0,0.91,1.67,2974,9637,2266,0.4596205962059621,3690,15.92,411,14.15,3375.0,6014,240.0,-1209,327.0,79.89,1.893660531697342,0.02547169811320755,0.7472527472527473,17.51162790697675,270.0,-3.371769383697813,0.5833333333333334,6701,0.16,79.79608264019319,0.02264150943396226,2.35304347826087,-0.03978949276280008,266.412796615494,259.895,33.27,19.6
2020-04-01,-3573,829.0,2.440414507772021,0.93,88.29411764705883,2020.0,2902,291.0,5.184801381692574,3.516483516483516,0.2588274483677548,0.07322568531731122,14.07682108239392,48.87,2576.0,1413.0,-621,61.05100463678517,18.21,426.0,30.35,579,27.87,0.6122362869198312,3002.0,34,39.0,4.11,1.79,3024,10581,3971,0.6174413821472645,4862,47.07,398,36.11,17662.5,6132,1084.0,-1209,1467.0,85.74,1.551943462897527,0.1333018867924528,1.109375,1.956658291457286,1413.0,-40.56756756756756,0.1291512915129151,7764,0.2832075471698113,63.79746835443038,0.1022641509433962,1.534751037344398,-0.2454841025813421,255.6480150595678,294.71,37.78,14.84
2020-07-01,-3681,617.0,0.5770609318996416,0.89,64.85714285714286,2277.0,2951,48.0,2.169653524492234,-0.5888077858880779,0.3078193832599119,-0.04117098203872172,14.79973623534542,29.35,1494.0,483.0,-621,46.71118836337023,21.22,322.0,41.24,837,29.03,0.5779475127301215,1816.0,28,78.0,1.69,2.26,5825,10885,7050,0.2275689223057644,7980,26.6,3369,24.5,48300.0,3,445.0,-1209,533.0,82.21,-0.3215175851564663,0.04556603773584906,1.055737704918033,-0.4348842149989377,483.0,-302.6666666666667,0.3168539325842696,10931,0.1713207547169811,114.0814727771249,0.0419811320754717,-0.399427051360753,0.05135500044506913,289.5304720983668,281.94,31.83,15.7
2020-10-01,-3436,531.0,0.1711711711711712,0.99,21.0,7.0,3056,-324.0,1.083538083538083,-0.5562130177514792,0.3575207860922147,-0.02080038924705019,16.31887080744971,19.27,1067.0,209.0,-621,54.03317193777686,24.76,256.0,44.31,1221,33.99,0.582650142993327,1323.0,63,38.0,0.75,3.09,4462,10926,5793,0.1989174560216509,6651,15.8,2357,14.97,4180.0,6283,198.0,-1209,255.0,80.5,-0.3889795918367347,0.01971698113207547,1.0,-0.4060150375939849,209.0,44.1,0.7929292929292929,9707,0.124811320754717,85.07149666348903,0.01867924528301887,-0.3434412265758092,0.1026460571963586,325.4466820725237,310.95,30.58,15.76
2021-01-01,-380,830.0,-0.003103277060575968,0.72,25.01587301587302,253.0,10504,-313.0,0.195630585898709,-0.9066666666666666,0.4651015228426396,-0.07540372670807449,11.09334638359683,4.19,1209.0,-25.0,-777,60.74804767776407,16.4,367.0,27.74,8056,23.01,1.184483536310329,1576.0,63,33.0,0.07,1.53,5730,10783,2738,0.3849535906204201,4094,-1.59,2358,1.27,-500.0,10212,20.0,-1209,66.0,74.43,-0.9151636606546426,-0.001851851851851852,0.7551440329218106,-1.100632911392405,-25.0,-6.061538461538461,8.15,14598,0.1167407407407407,64.61434370771313,0.001481481481481481,-0.7825635703165542,-0.3202136033497726,364.3547989990246,351.49,40.73,11.16
2021-04-01,-2083,1146.0,0.2549280767181673,0.76,66.23809523809524,2607.0,10431,188.0,0.5558071390516782,74.71428571428571,0.2458662832494608,0.1346231358323255,10.84800510038006,48.57,3578.0,1914.0,-845,63.17426069298134,18.09,595.0,28.95,7508,25.11,1.047815168257157,4173.0,63,30.0,5.3,1.96,5803,12081,4116,0.7833677492021776,5327,45.87,2033,35.08,47850.0,10382,1464.0,-1209,2027.0,84.45,26.62204724409449,0.1417777777777778,0.9900166389351082,-29.84905660377358,1914.0,-20.96984924623116,0.1133879781420765,15758,0.3091111111111111,58.29231541938724,0.1084444444444444,10.59188544152745,-0.02211607523402881,395.5746914808918,397.29,38.45,11.32
2021-07-01,-1836,1119.0,0.05195140863272164,0.73,40.65079365079365,3125.0,10359,91.0,0.3309640734039804,-0.7433962264150943,0.3869582194455291,-0.05589105979869746,12.80821285186675,20.11,2096.0,402.0,-914,63.60531064707398,15.59,465.0,27.54,7738,20.47,1.049650420508663,2561.0,63,24.0,1.36,1.94,5647,12296,3870,0.4966065541981772,5157,15.7,2034,14.84,10050.0,3,380.0,-1209,515.0,79.73,-0.5769669327251996,0.02977777777777778,0.7463884430176565,-0.657728362764334,402.0,-16.52258064516129,0.4342105263157895,15516,0.1897037037037037,57.21957645151484,0.02814814814814815,-0.5859584105414866,0.1806975322511615,463.0192404215125,417.345,49.94,14.67
2021-10-01,-1213,812.0,0.02351097178683386,0.84,31.85714285714286,103.0,10383,-444.0,0.2419821557752592,-0.3970588235294118,0.3328350772296961,-0.03950834064969277,15.63322601143177,15.4,1590.0,195.0,-983,65.45393409549428,17.02,417.0,27.93,8294,21.83,1.066783109010583,2007.0,63,42.0,0.82,2.1,5137,12333,3250,0.4472921774013818,4487,9.72,2037,11.36,527.027027027027,10718,228.0,-1209,309.0,76.58,-0.2345013477088949,0.01444444444444444,0.7853107344632768,-0.3808917197452228,195.0,-200.7,0.8377192982456141,14870,0.1486666666666667,52.77920476728654,0.01688888888888889,-0.2342118349080059,0.220562633697432,557.3560028178221,539.375,58.23,17.57
2022-01-01,5318,1341.0,0.002686108979278588,0.56,42.42857142857143,123.0,22813,-1042.0,0.1282137375287797,-0.5731707317073171,0.4395809951365507,-0.02925045703839113,11.13066171774574,10.14,2108.0,56.0,-1144,59.28981485001711,10.62,565.0,17.76,20848,13.21,1.462840654055787,2673.0,63,65.0,0.35,1.18,10708,12235,1414,0.7659025787965617,3490,2.1,6732,3.74,266.6666666666666,17202,100.0,-1209,271.0,74.34,-0.6707746478873239,0.01444444444444444,0.6398640996602492,-0.7839506172839507,56.0,-4.538200339558574,1.98,26303,0.1486666666666667,68.66303302340494,0.01688888888888889,-0.3415584415584415,-0.2880124863795569,613.3663232800172,626.99,52.06,10.08
2022-04-01,2949,1692.0,0.1196961367384677,0.58,89.39682539682539,3382.0,22656,-219.0,0.2814733369983508,16.91428571428571,0.2705965909090909,0.1194511702986278,7.96503642053294,46.24,4808.0,2395.0,-1308,59.48306095251456,11.3,824.0,18.59,20009,14.23,1.335770296562703,5632.0,63,61.0,6.27,1.63,11553,13832,3904,0.9614202799590303,5858,42.52,6853,31.85,12605.26315789474,17479,1794.0,-1209,2604.0,83.22,7.516042780748663,0.01444444444444444,0.9155555555555556,19.24761904761905,2395.0,-27.33980582524272,0.1098104793756968,28514,0.1486666666666667,68.1150875537999,0.01688888888888889,3.560157790927022,-0.284405849129869,479.0602224420538,529.05,32.81,6.97
