파일,항목,기간,N,lag=3,lag=2,lag=1,lag=0,lag=-1,lag=-2,lag=-3,lag=-4,lag=-5,lag=-6,lag=-7,lag=-8,lag=-9,lag=-10,lag=-11,lag=-12,lag=-13,highest corr,best lag (highest corr)
철강원자재 가격,철광석(달러_톤),2011/07 ~ 2021/12,126,0.5332322370983125,0.6012449317435367,0.6632286037025407,0.7106805066996489,0.7536840297099309,0.7771198458315608,0.7751392972517529,0.7686577947822352,0.7407934470108546,0.6959429235561763,0.640011182752512,0.5878095208064547,0.5362325127060271,0.4841175980700232,0.41957562455362557,0.34115744894559924,0.2520017126009826,0.7771198458315608,-2
철강원자재 가격,유연탄(달러_톤),2011/07 ~ 2021/12,126,0.6475513055238578,0.6172134641989627,0.5942650357395816,0.560319355581467,0.5053746848798476,0.44284710660853455,0.3719909007912198,0.2975879435063712,0.23642389567602018,0.19277465616892236,0.15467401646176202,0.13361763295182758,0.11446679341310992,0.09484965271551103,0.0663832215441948,0.039073056668949925,0.028363785252232362,0.6475513055238578,3
철강원자재 가격,철스크랩(달러_톤),2011/07 ~ 2021/12,126,0.7030834555076904,0.7276398045451937,0.7478783509300079,0.7565610450220086,0.7367241095960789,0.7063853317145473,0.6685705621867942,0.6202129861599174,0.554713646311676,0.4598682427691186,0.36630974048448967,0.2718251174804684,0.17237094214554327,0.07164265992269467,-0.022524511831168506,-0.12924614169209933,-0.20363107313170703,0.7565610450220086,0
철강원자재 가격,철스크랩(엔_톤),2011/07 ~ 2021/12,126,0.698917738914728,0.7354428275555849,0.7611233029111574,0.7870539198570164,0.778844787645342,0.7461637583048921,0.7047392265708623,0.6573184198102937,0.6012531700414788,0.5126629931616539,0.4191289655259236,0.32561062107518457,0.23460901392175662,0.13837280932448412,0.05069731489754541,-0.06961564533158307,-0.18835773435001354,0.7870539198570164,0
철강원자재 가격,열연(천원_톤),2011/07 ~ 2021/12,126,0.8212789168997597,0.8784546033997327,0.9257963882985268,0.953315322943231,0.9417848717078001,0.903998316463856,0.8637352584738587,0.8140578324172705,0.7566657319686889,0.6913982294898879,0.6277833705395331,0.5528446528470967,0.4706345948818443,0.39443378780901994,0.31548833530251164,0.22868927951933635,0.16469542636917225,0.953315322943231,0
철강원자재 가격,후판(천원_톤),2011/07 ~ 2021/12,126,0.8173066390174405,0.8390400791808269,0.8543634113929311,0.8552834502479645,0.8247946459104755,0.7629289888318089,0.6886178688303157,0.6037390331349792,0.5101092244443239,0.4225100162152776,0.33293664409088114,0.24027858864654,0.16382445057060044,0.1054495125285543,0.04294642929629921,-0.021094953138522478,-0.07252786581921024,0.8552834502479645,0
철강원자재 가격,냉연(천원_톤),2011/07 ~ 2021/12,126,0.7980202485053529,0.8339569263573566,0.859886903552561,0.8536476423211403,0.8158983425054441,0.7664269825073615,0.6997859635908303,0.6180423587167005,0.5205127338960381,0.4184517385658871,0.30977431996346844,0.20883292122572528,0.11363038913925497,0.01988111940859968,-0.06828724996493284,-0.13883373786189174,-0.18421696061708906,0.859886903552561,1
생산자물가지수,선철 (2015=100),2011/07 ~ 2021/12,126,0.8229211796825848,0.8159850369423075,0.7892746020300673,0.7702694444173693,0.7339230391806432,0.6844777713380344,0.6364871566402887,0.5946267056212536,0.549283133611266,0.49946023381938426,0.4506816983697019,0.3946164990042897,0.3499944068247544,0.3061487445969976,0.26356688593397104,0.2164148239397915,0.18078988098136436,0.8229211796825848,3
생산자물가지수,합금철 (2015=100),2011/07 ~ 2021/12,126,0.6997973604590226,0.6847856753051313,0.6611149882870969,0.62147390531222,0.5484867691964925,0.47279404314623735,0.3919147386693154,0.3182348239500918,0.25128401127995625,0.19765625353243743,0.1608936691422077,0.13720605555573875,0.11046026985604657,0.07561760442743372,0.045727298472253666,0.017324197847478965,-0.015958596089355834,0.6997973604590226,3
생산자물가지수,조강 (2015=100),2011/07 ~ 2021/12,126,0.8004982986213315,0.7900257535663534,0.7685851496288907,0.7306501302747084,0.690020628731845,0.6309364295142939,0.5664282555452176,0.5009088708932389,0.42926352882235763,0.35996417566591127,0.30634025465222,0.25422530725514914,0.20078674661321386,0.1583655181099388,0.11651870714209832,0.07270724402900225,0.03432545762136021,0.8004982986213315,3
생산자물가지수,철근및봉강 (2015=100),2011/07 ~ 2021/12,126,0.9142928163127735,0.9394182714502538,0.9500519522875169,0.9464342477354528,0.9198370577390871,0.8691826259067544,0.8041468380320534,0.7426841594582971,0.6758797941593896,0.6123713276533372,0.5470634260684661,0.47133740920805484,0.39291630117834686,0.3313145489975395,0.27446949458554337,0.22401003735607486,0.18242729638339478,0.9500519522875169,1
생산자물가지수,형강 (2015=100),2011/07 ~ 2021/12,126,0.9017450498795168,0.9325968708682422,0.9530305048574106,0.950042516168605,0.91619233624392,0.8654658431762584,0.8087679435328297,0.7446776230347572,0.6717117038235576,0.5928063535602736,0.5059043920245929,0.41517201426509254,0.34239566153186723,0.2805713013460077,0.21655023939742568,0.15740862134748348,0.11670689064132554,0.9530305048574106,1
생산자물가지수,선재및궤조 (2015=100),2011/07 ~ 2021/12,126,0.6931576068715373,0.6683720858112698,0.6362651379524304,0.5967622953940638,0.5500914148206507,0.493060379395432,0.4336276012442288,0.3736551843948113,0.3158603311349502,0.2675026232364884,0.22144686961756896,0.18077253404029373,0.1360195733976643,0.09874785583965129,0.06315115353583949,0.029646580259582236,-0.00011065516924756856,0.6931576068715373,3
생산자물가지수,중후판(두께3mm이상) (2015=100),2011/07 ~ 2021/12,126,0.9043689798201032,0.9137574606014771,0.9051611720814462,0.8832766200074986,0.8530427724852914,0.8164022315775749,0.7673451823924012,0.7128467704207303,0.6478467437893729,0.5857072976139276,0.5272082891449544,0.47597901575920354,0.4225334929462268,0.3792605895468389,0.3419647890856312,0.30551635671897015,0.27291110291999215,0.9137574606014771,2
생산자물가지수,열연강판 (2015=100),2011/07 ~ 2021/12,126,0.7736484730436223,0.7710236718020946,0.757138695566961,0.733123269461117,0.7031450634753649,0.658659090275993,0.6091809155800411,0.5578647718594523,0.50583522298112,0.4599961044934843,0.4184772858801584,0.3750590955357523,0.3276554118099555,0.28247884682658797,0.2362623097597888,0.19060723116351563,0.15027600740045896,0.7736484730436223,3
생산자물가지수,강선 (2015=100),2011/07 ~ 2021/12,126,0.8794234162240714,0.90966276874494,0.9234771475852719,0.9219961269966587,0.9073878867154678,0.8849593184387874,0.8502181599180608,0.8098489338796288,0.7538249689894623,0.6987689825541736,0.6396283285011971,0.5787964626071787,0.5130392223176808,0.4530711996371381,0.39553812362965624,0.34778901119071337,0.31531694897413065,0.9234771475852719,1
생산자물가지수,철강관 (2015=100),2011/07 ~ 2021/12,126,0.8963665629242538,0.9172823011001965,0.9138969575478013,0.8921221072676288,0.8645369971731193,0.8104248830308772,0.7397699247552072,0.6694405157314436,0.5766295915185204,0.4715709814247657,0.3707915904482882,0.2679939924073789,0.16061822796880404,0.08751608947729322,0.02575867651815554,-0.02579957297021633,-0.0633061922779717,0.9172823011001965,2
생산자물가지수,냉간압연강재 (2015=100),2011/07 ~ 2021/12,126,0.7072624117030678,0.7445428860850934,0.7679673430043934,0.7776504930890379,0.7706014201086673,0.7599916751671035,0.7478320668934594,0.7334340595173127,0.7101038119743386,0.6850749592773586,0.6596969093229558,0.6362111589204397,0.6115638756130743,0.5817572101408465,0.546831289075551,0.516938237578199,0.49963843399883323,0.7776504930890379,0
생산자물가지수,표면처리강재 (2015=100),2011/07 ~ 2021/12,126,0.8742661611652961,0.907976504671602,0.9230420672946449,0.9147431250090242,0.8892823989366244,0.8464898391820668,0.7891290569337224,0.7203000520869742,0.6452444187903997,0.5567322968730549,0.4597657964334289,0.36200263379000475,0.26786047186281764,0.1846768631944832,0.11915627646931146,0.05869253368354234,0.01888105874661067,0.9230420672946449,1
생산자물가지수,기타철강1차제품 (2015=100),2011/07 ~ 2021/12,126,0.5614909461911471,0.511226177834411,0.47336864694160957,0.43897385572791425,0.38631323762104164,0.3301708640786667,0.300021088675942,0.2707024028648536,0.23951827870156886,0.21202797945758173,0.18339631169997617,0.15633935464264462,0.12728262660753692,0.09653829682981124,0.06193080234102817,0.025633852533161583,-0.014543043078942988,0.5614909461911471,3
수입물가지수,"유연탄(2015=100, 계약통화기준)",2011/07 ~ 2021/12,126,0.653074597919936,0.6298107640751829,0.5958647419245431,0.5546777390179961,0.487388415447046,0.4157154471873862,0.3368961672199472,0.25913385565785735,0.18888601596747845,0.1326150302755429,0.07508640620311635,0.026500101118976705,-0.018534698255207968,-0.06052557623121623,-0.10326535828129993,-0.14391677137984665,-0.17080346676390065,0.653074597919936,3
수입물가지수,"원유(2015=100, 계약통화기준)",2011/07 ~ 2021/12,126,0.46794564176409054,0.43696076230639863,0.4087317392262842,0.37584049299982497,0.3466285438168025,0.30635111649256713,0.2570455882504531,0.20499111591066768,0.15078992327880225,0.08952561106292176,0.025942336583136816,-0.029705509683474022,-0.0767017510446645,-0.11902573348906882,-0.15889234484745404,-0.20619702096379638,-0.26402527414018406,0.46794564176409054,3
수입물가지수,"철광석(2015=100, 계약통화기준)",2011/07 ~ 2021/12,126,0.6444238574421666,0.6649018208139,0.6633348114744032,0.6533646330988518,0.6440628102193829,0.6333339273913738,0.5972693943104113,0.5591177811487511,0.512379546169266,0.46335592771172185,0.4107185531291102,0.3539317740203188,0.3005571863887287,0.25284674327744394,0.20506827177820447,0.15911461714163003,0.12326443708615685,0.6649018208139,2
수입물가지수,"선철(2015=100, 계약통화기준)",2011/07 ~ 2021/12,126,0.8099354368404075,0.838908896432239,0.8586505830487958,0.8711068732273831,0.8638908716060001,0.8373211931206784,0.7999440922662874,0.75696868308835,0.7057002299866786,0.631896744805916,0.533944156829769,0.4470614135430281,0.3552488610254819,0.2648001681319824,0.17379426967903833,0.07423601197250812,-0.03400434717860966,0.8711068732273831,0
수입물가지수,"합금철(2015=100, 계약통화기준)",2011/07 ~ 2021/12,126,0.852402185300903,0.85189973848005,0.8218350908785335,0.7958238744136584,0.7571109729309246,0.7188892643333572,0.7156501570074751,0.65129018520071,0.5806054731696729,0.49618913474807413,0.40867231367190726,0.3175951719441234,0.23905433735304504,0.15972235720983685,0.09106473505172487,0.019142910475915133,-0.036509446954381616,0.852402185300903,3
수입물가지수,"조강(2015=100, 계약통화기준)",2011/07 ~ 2021/12,126,0.659159776419337,0.7298902354699396,0.8030911850677985,0.848368954246855,0.892255885158373,0.9067999579052998,0.8937523067275038,0.8736155449042404,0.8362277288239459,0.8030577322857206,0.7369217357716904,0.6858979768451103,0.6044300382443005,0.5153336944150435,0.405452866496198,0.2959570159954936,0.1503676549793955,0.9067999579052998,-2
수입물가지수,"철근및봉강(2015=100, 계약통화기준)",2011/07 ~ 2021/12,126,0.8035551709942867,0.7858471575104726,0.7413367057877519,0.6806429499540759,0.6204950027970304,0.5466886847888294,0.4775208527699404,0.3975229646721787,0.3135901878666677,0.2312594002609272,0.18215274515884583,0.13491157109474036,0.09135170239551958,0.051552619968427735,0.016160624136578882,-0.020451214515472414,-0.058118441812601646,0.8035551709942867,3
수입물가지수,"형강(2015=100, 계약통화기준)",2011/07 ~ 2021/12,126,0.7873451856869672,0.8071341005905426,0.8205588461068389,0.8144599905158411,0.7748629302492379,0.7318473371797612,0.6839456844651457,0.6316206065740143,0.5827919770304044,0.5304643341987433,0.47414853168837423,0.4230211833340324,0.3831756246043795,0.34211875634593,0.2978211052050056,0.25444154846309575,0.22340378651373352,0.8205588461068389,1
수입물가지수,"중후판(두께3mm이상)(2015=100, 계약통화기준)",2011/07 ~ 2021/12,126,0.8234242081529508,0.829519574303007,0.8190972967750633,0.8143186580088383,0.7931157464016592,0.753336625503851,0.7028488621093463,0.6576031236293818,0.6078204843779765,0.5617513217951379,0.5057745057837868,0.4507593324679588,0.4036275459536291,0.37313392494564585,0.3409736414897595,0.3065697842167426,0.2664662339875222,0.829519574303007,2
수입물가지수,"열연강판(2015=100, 계약통화기준)",2011/07 ~ 2021/12,126,0.8529293441609053,0.8890722841408496,0.9109271855488466,0.9139700195766298,0.8973121874003137,0.8652623673543203,0.8254423102075528,0.7722501400954247,0.7100581803678023,0.6375785108767033,0.5536617430618258,0.46544550883576585,0.3749712592703879,0.28148251841279814,0.18669544770626129,0.09257484093746783,0.014796257700532783,0.9139700195766298,0
수입물가지수,"철강관(2015=100, 계약통화기준)",2011/07 ~ 2021/12,126,0.7519318624270042,0.7295766960652752,0.6890064684111554,0.642469272004994,0.5835998026740284,0.5058485416769749,0.4236093064809539,0.3520726980501991,0.27438701320260017,0.1985895025784152,0.1452629639360149,0.09130253679524833,0.040683861974971265,0.004298406563096132,-0.029785448709089484,-0.06526849676781396,-0.09545506510523244,0.7519318624270042,3
수입물가지수,"냉간압연강재(2015=100, 계약통화기준)",2011/07 ~ 2021/12,126,0.6446906413248793,0.6288963502946969,0.5963800167387027,0.583453455483121,0.5469724684613574,0.5219809762893551,0.5021466994098956,0.4776105353899058,0.4496770153150908,0.451514250185892,0.44586128410498954,0.43484784039534025,0.42736573259840915,0.423124550670628,0.4215321446281577,0.41471735701419243,0.4057822840352254,0.6446906413248793,3
수입물가지수,"표면처리강재(2015=100, 계약통화기준)",2011/07 ~ 2021/12,126,0.8628252952348631,0.8779040825014356,0.867311453937977,0.8748646282984115,0.8576814071600769,0.8223741600771337,0.7872525868767086,0.7401503942268302,0.6836722102335816,0.6194607505068958,0.5529178105682779,0.4747241459340368,0.4032624945360256,0.3339885228845329,0.2701164325165867,0.19464568486173733,0.1245896961664587,0.8779040825014356,2
수출물가지수,"합금철 (2015=100, 계약통화기준)",2011/07 ~ 2021/12,126,0.3055714757421961,0.323944697638781,0.3397099422107534,0.3466164098729011,0.3334127895932671,0.31770543222945613,0.2996668225539485,0.27244182604597433,0.2298663227564035,0.18228250804586926,0.13185031446315187,0.08943632703992498,0.05064093874700135,0.011662838799848155,-0.02606951423636653,-0.05770306705859867,-0.08002000862415769,0.3466164098729011,0
수출물가지수,"조강 (2015=100, 계약통화기준)",2011/07 ~ 2021/12,126,0.7666014623292305,0.8171293401616684,0.863389982597337,0.8883779682060061,0.9203458606435935,0.9239558053063349,0.9150108904131797,0.9035800459585394,0.8721167409521025,0.8347732195128814,0.7624528419907974,0.6810617231944461,0.5915717525592261,0.4819157095310506,0.3735781981346678,0.2465097096934245,0.12890659498337728,0.9239558053063349,-2
수출물가지수,"철근및봉강 (2015=100, 계약통화기준)",2011/07 ~ 2021/12,126,0.8308624263647553,0.8351629290372299,0.8242306809512573,0.800694326853202,0.771621991624093,0.7237246023560756,0.6639853970162768,0.5978260917897886,0.5193095009791387,0.4365076783550573,0.35474131039104356,0.2712178129746638,0.1840047065147009,0.10917467383507372,0.03872038543626473,-0.0362509816585593,-0.09942347991956511,0.8351629290372299,2
수출물가지수,"형강 (2015=100, 계약통화기준)",2011/07 ~ 2021/12,126,0.8751519022781324,0.9077550185465414,0.926739533446353,0.9327921439062847,0.9104876269453585,0.8652366640944738,0.8160822089005015,0.7488335737605796,0.662412106026614,0.5562099929670984,0.4350076343421511,0.3033025302857153,0.17560735261173332,0.06026176460711136,-0.05214468027525667,-0.15698677113658424,-0.2297978890769993,0.9327921439062847,0
수출물가지수,"중후판(두께3mm이상, 계약통화기준)",2011/07 ~ 2021/12,126,0.6696145134809534,0.699238731554515,0.7094266904778288,0.7082834348331019,0.6875699270016096,0.6353962760168217,0.5737499398345197,0.5011751032694307,0.4086744042146472,0.2953831584333606,0.18083105826590853,0.05524445937703012,-0.058387467815597754,-0.14861813977892688,-0.2274134336384215,-0.31290021273059193,-0.3777872303329921,0.7094266904778288,1
수출물가지수,"열연강판 (2015=100, 계약통화기준)",2011/07 ~ 2021/12,126,0.8471988709776036,0.8773719700255033,0.8798155378269463,0.8610788030445603,0.8241598410405263,0.7635798160428645,0.6989071123341685,0.6186254961917637,0.5247895607644477,0.43370185860718524,0.3318672425900639,0.23147589186755346,0.14229429061697996,0.052895687910801285,-0.03678020849335521,-0.10713273942119525,-0.16312504932456406,0.8798155378269463,1
수출물가지수,"철강관 (2015=100, 계약통화기준)",2011/07 ~ 2021/12,126,0.8492904805722402,0.8823155912211341,0.8981210070672188,0.8986231965010479,0.8855247200538473,0.8394205698963365,0.779004682703984,0.7141048709747165,0.6282216983320438,0.5292140557972165,0.4203690873024285,0.29697294448588285,0.17433007138102016,0.07677051407452933,-0.014356420710144749,-0.09724957536525357,-0.1718292872989144,0.8986231965010479,0
수출물가지수,"냉간압연강재 (2015=100, 계약통화기준)",2011/07 ~ 2021/12,126,0.8482111739936367,0.8650814767837312,0.8655040764107996,0.8579185730968572,0.8315814902317241,0.7909251547873261,0.7327868676253304,0.6627448952062737,0.5787155519515681,0.4832105652466423,0.3850349122504173,0.27824378077762696,0.16697471131148484,0.06808617491513062,-0.01814957284562313,-0.10026511492332965,-0.16161109417272032,0.8655040764107996,1
수출물가지수,"표면처리강재 (2015=100, 계약통화기준)",2011/07 ~ 2021/12,126,0.8615110035694062,0.8912786717214553,0.9035824846722466,0.9088289724965966,0.8945373362742352,0.8706441380921518,0.8364316132484788,0.7931288967270678,0.7358332319147355,0.6566910576003903,0.5678312537352762,0.46677644334944446,0.3557595442476736,0.24730520248440097,0.14728566447214125,0.055167303486466285,-0.022321290982938675,0.9088289724965966,0
철강생산량,조강-소계,2011/07 ~ 2021/12,126,0.04137671691588876,0.08717985116261427,0.07432379282744585,0.08090132686262269,0.07116763897797733,0.060037272030306794,0.05866409690353769,0.05758864542322595,0.04994821962912797,0.00309566407159498,-0.03307304170329207,-0.04239143669411849,-0.06663081998681304,-0.10875557920229888,-0.14757567959362455,-0.21154359088160185,-0.24360330378296746,0.08717985116261427,-13
철강생산량,조강-전로강,2011/07 ~ 2021/12,126,-0.12078888214324976,-0.0943679586110691,-0.10574471027133328,-0.10594701455221492,-0.1269029457749061,-0.1415731749704176,-0.12528889590049186,-0.10629322224737657,-0.0880285709408167,-0.09401087557887959,-0.09391795753241446,-0.06290296870966809,-0.036260288270407,-0.020075494891263635,-0.036369124708742935,-0.07769405864205498,-0.10654225558467316,-0.020075494891263635,-2
철강생산량,조강-전기로강,2011/07 ~ 2021/12,126,0.20364564049578204,0.23278497523544392,0.2309363817770805,0.24015478126221637,0.25325766540301115,0.25718564380453207,0.23506927778475747,0.21152977118914762,0.17727395820904887,0.12190553856748736,0.07377568506317272,0.022606946032145716,-0.04286055145553365,-0.11859340212132741,-0.14994783608583576,-0.18251166740220237,-0.18954722965363047,0.25718564380453207,-2
철강생산량,철강재,2011/07 ~ 2021/12,126,0.0548558733937157,0.08029344093323583,0.07811287304408605,0.09622225343661352,0.12921154030289847,0.12098969734221136,0.11545662511898039,0.08570218505822715,0.06176482575398476,0.013231948928045521,-0.012532530693119163,-0.05132616287653111,-0.09841863755940958,-0.149145718630503,-0.1979198651617399,-0.2824727680216927,-0.31889041947813074,0.12921154030289847,-13
철강생산량,형강,2011/07 ~ 2021/12,126,-0.11010608424284132,-0.05163747038544316,-0.03287481160047494,0.008946989116210063,0.06457490930972799,0.08726675197817813,0.09960715617600396,0.09320862385860565,0.03925517975538368,-0.02583944587898615,-0.06474270087579717,-0.10168601718553708,-0.1048144904262112,-0.10657239050621424,-0.0721874053355911,-0.060265311816272905,-0.03431100946813968,0.09960715617600396,3
철강생산량,H형강,2011/07 ~ 2021/12,126,-0.18043851375071912,-0.09070987268955312,-0.053210263361466455,0.00963602360377836,0.06922581687362625,0.09968808101726763,0.12975595568743745,0.13146084810625894,0.06811224893685427,0.009939383218576457,-0.031981139953205034,-0.06550478779505259,-0.0500283807274048,-0.026647095789321257,0.00953071588893963,0.03816683262051592,0.08363541699193851,0.13146084810625894,3
철강생산량,봉강,2011/07 ~ 2021/12,126,0.4386741284589146,0.47242148012639346,0.5109374298835568,0.5507571358247232,0.5819189058234535,0.5820544261031252,0.5552671517796833,0.5161432616157486,0.4693390019272889,0.397142519508214,0.31886171508879224,0.23563883975451477,0.11062775158297325,-0.035178200050511074,-0.11703766496224427,-0.1919614053042146,-0.22703642476681526,0.5820544261031252,-2
철강생산량,철근,2011/07 ~ 2021/12,126,-0.044065230614026465,0.01879134235701694,0.043254253398437255,0.0731809439994303,0.07414415165477245,0.06084757577768395,0.007790278864563044,-0.027800883896392917,-0.039968315317847516,-0.06549891389262821,-0.08755467918695309,-0.11050747124247973,-0.134998341013326,-0.14272219270898623,-0.09060927267873674,-0.07172912255679947,-0.04266309545625129,0.07414415165477245,-10
철강생산량,선재,2011/07 ~ 2021/12,126,-0.09671013948625831,-0.008651508613198147,0.024729318989205707,0.0789948750988805,0.11419824826451756,0.1728979831721477,0.1851250705525316,0.23394008642110642,0.25992302626355646,0.27600197807763555,0.2993611618650146,0.3030948729129904,0.2869225592677422,0.2598484304009385,0.25970689450322265,0.23409276635404763,0.21907467318211768,0.3030948729129904,-8
철강생산량,중후판,2011/07 ~ 2021/12,126,-0.006531966025695337,-0.04870255505253438,-0.06400402441241236,-0.047002759846070115,-0.07371463705438694,-0.12682984929140792,-0.1203673301836183,-0.13275766314437035,-0.1486456039089809,-0.13890663329289923,-0.166786712539096,-0.18450868103810908,-0.2054655174830958,-0.17082002600221305,-0.18661456981553276,-0.19373579940347974,-0.21525760420027565,-0.006531966025695337,-13
철강생산량,열연강판,2011/07 ~ 2021/12,126,0.2142228048576332,0.20386101050945965,0.1800116192578991,0.14939720266460177,0.1648629567058933,0.16988552525291356,0.16693212997325743,0.15312758818042949,0.1511561723747813,0.1240045836159047,0.11621691133784061,0.12161148002249923,0.11981895904158696,0.1171921118772784,0.07196113676353035,0.014733597056610332,-0.046053254389327836,0.2142228048576332,3
철강생산량,냉연강판,2011/07 ~ 2021/12,126,-0.15782810446032494,-0.15089151441323634,-0.16273410437871452,-0.1757236764013998,-0.17541790819209382,-0.16981630348446186,-0.1258423599179637,-0.11578605315781798,-0.12355461071812393,-0.17326446948040847,-0.1830122300870365,-0.24455032643933214,-0.28314915232166543,-0.35702108605562094,-0.44111616543969645,-0.5572349246960377,-0.5608637194444206,-0.11578605315781798,-13
철강생산량,용융아연도강판,2011/07 ~ 2021/12,126,-0.301251208178141,-0.30003871920357883,-0.3095584884653749,-0.3062257830209482,-0.2747028982656299,-0.28358085354281315,-0.2608747547805844,-0.2484721770983312,-0.2313699001710382,-0.2338504247820656,-0.2125411365003601,-0.20570722662626667,-0.19696724882035302,-0.21346346762308038,-0.22768380824408174,-0.2578228885132332,-0.2589502742515621,-0.19696724882035302,1
철강생산량,전기아연도강판,2011/07 ~ 2021/12,126,0.00625776993967853,0.026887784558951848,0.01798024723619179,0.028463520153545432,0.06080023898671161,0.06441459304026434,0.08713886971192672,0.050297411330584824,0.011219114686061685,-0.01720733640301607,0.03203827820847974,0.026012907121390465,0.05035678691192786,0.020304483161598476,-0.041693235334779796,-0.1262909347164223,-0.12682253797359924,0.08713886971192672,-13
철강생산량,컬러강판,2011/07 ~ 2021/12,126,0.4938446324900189,0.5233732001888064,0.543921037769116,0.5691324334699164,0.5655739782502741,0.5442614577700327,0.5248569439701307,0.47383643809100173,0.45433506497117354,0.39506100977074876,0.34847442677095025,0.30261575442157973,0.2715818434764175,0.20942707181395737,0.14989644558646364,0.056001343034788084,0.054037831511001375,0.5691324334699164,0
철강생산량,석도강판,2011/07 ~ 2021/12,126,0.003184519334782856,0.01620124463667753,0.030701365803599324,0.050221256182248514,0.07519604063764221,0.07189017033586162,0.030658925817936254,-0.0113063862352793,-0.052563216530987646,-0.09764250419208194,-0.12296408704360864,-0.14497550211048596,-0.1482359447635359,-0.14455771302489726,-0.14041046241192742,-0.17493081140118133,-0.18267485489751925,0.07519604063764221,-13
철강생산량,강관,2011/07 ~ 2021/12,126,-0.09960109983536906,-0.12787226975833144,-0.145501528148503,-0.1613854769832972,-0.17847380095733412,-0.19411391660042254,-0.2171467575568335,-0.23124659006555554,-0.229199790451371,-0.2535907354214323,-0.2862935598979784,-0.29350983938219166,-0.3367265835123636,-0.37468706090988907,-0.3872914165151237,-0.4021221689906796,-0.3972729335437403,-0.09960109983536906,-12
"품목별 수출액, 수입액",철및강-수출액(천달러),2011/07 ~ 2021/12,126,0.7440003873166113,0.7363856774122084,0.7101460110233525,0.677586287440449,0.6316199597480552,0.5696166403597019,0.49532845462662106,0.4232280706879954,0.34266732840932584,0.2542898036485184,0.18208821506452905,0.10448075384853077,0.035993072196948445,-0.04159747557771634,-0.09458492695524148,-0.17541354715535043,-0.2327321991569514,0.7440003873166113,3
"품목별 수출액, 수입액",철및강-수입액(천달러),2011/07 ~ 2021/12,126,0.4184993696879315,0.43888637170551587,0.42807797513466095,0.37904379052536424,0.3470417544886635,0.29645109437697065,0.2133960647961034,0.13584802582612146,0.047239134615097274,-0.05417185558338581,-0.13754309342585158,-0.1984148179296317,-0.2772727030513081,-0.33790530070311064,-0.38072194805166243,-0.4038521941617359,-0.41985195455867325,0.43888637170551587,2
원유 가격,"Cushing, OK WTI Spot Price FOB (Dollars per Barrel)",2011/07 ~ 2021/12,126,0.45929367674938903,0.4304606037285568,0.40423079514346083,0.37104607397715245,0.3399866120796982,0.29816170843677364,0.2446579588938396,0.18935936631263556,0.13251990681943446,0.06737053483884446,0.00011133155954699094,-0.057765184062227644,-0.10960769062830202,-0.15557474536159568,-0.19894760011851084,-0.24785739738286774,-0.30976545565506686,0.45929367674938903,3
원유 가격,Europe Brent Spot Price FOB (Dollars per Barrel),2011/07 ~ 2021/12,126,0.4625771685437304,0.4307463096529971,0.4022665218156829,0.36854001378741313,0.3401917516193489,0.30024649611715837,0.2507740060964085,0.19922282834464491,0.14433670112127037,0.08255412391563458,0.01894684347531204,-0.03762083962278096,-0.08569380489763542,-0.12757460729256706,-0.1682656396726043,-0.21548488711592664,-0.2736530100141988,0.4625771685437304,3
현대제철 주가,Open,2011/07 ~ 2021/12,126,0.1914246150687382,0.17377205793809436,0.16426040655037766,0.15647295971173872,0.16009596941724433,0.14748613938129498,0.11965796335849391,0.07600026658371897,0.028710962565003214,-0.024914885875561923,-0.08556531595998097,-0.1543945550590799,-0.21482595723619552,-0.2580826702113616,-0.29544631425203566,-0.3407559883648719,-0.3922423575053394,0.1914246150687382,-13
현대제철 주가,High,2011/07 ~ 2021/12,126,0.1922381707177235,0.174934968545262,0.16597382004031191,0.15879375445823257,0.16318567572843198,0.15122794748686047,0.12392714201421164,0.08054790467579737,0.03398592401525223,-0.019578752991030863,-0.08007690364318407,-0.14903021716385179,-0.20983567999221012,-0.2530044708363395,-0.290598103504389,-0.33631415737724735,-0.3880240730898556,0.1922381707177235,-13
현대제철 주가,Low,2011/07 ~ 2021/12,126,0.19125600860583564,0.17285231095503387,0.16289831169592747,0.1540940577929366,0.15685805546510165,0.14420176527302828,0.11622959419268833,0.07229146068967357,0.0248281393868052,-0.029014471204997023,-0.08988431734617792,-0.1582356630173819,-0.21876283152754242,-0.26250953540230254,-0.29965450932931614,-0.3444093407669811,-0.3954518518412541,0.19125600860583564,-13
현대제철 주가,Close,2011/07 ~ 2021/12,126,0.19084521207977906,0.17285784419935218,0.1633057728193029,0.15541680168715172,0.15911895738319537,0.14727082576348474,0.11986386215217201,0.07621548645161332,0.02944155226099561,-0.024199102526077074,-0.08482596742132875,-0.15344968213754137,-0.21436600707324419,-0.2579801239964941,-0.2953074887194873,-0.3403556419075252,-0.3914918938819242,0.19084521207977906,-13
현대제철 주가,Volume,2011/07 ~ 2021/12,126,0.06277588573022323,0.11224596750327774,0.18024326338522817,0.27657851546044143,0.3803139633053746,0.4645934488824779,0.5310040899225216,0.5724976915139023,0.6453773973762075,0.6680412795069196,0.7067835848793669,0.7112493355586671,0.67120139725966,0.7233664639838137,0.717849530419781,0.706414474634462,0.6841025842578253,0.7233664639838137,-10
현대제철 주가,Change,2011/07 ~ 2021/12,126,-0.06617248538955825,-0.06644856505091987,-0.06981326932366061,-0.05781477937170913,-0.04493208537450648,0.05900694929335287,0.12256180872789484,0.15521839099832238,0.22261030920359484,0.2643367940669808,0.26547837030568755,0.287046635026942,0.22911062797962156,0.19093890070941502,0.17149828187287736,0.17404879883871285,0.19179829831445624,0.287046635026942,-8
원달러 환율,Close,2011/07 ~ 2021/12,126,0.035207406409304184,0.05333261176644604,0.05556071953957955,0.04714256843860539,0.017954992532693295,-0.01536483882957758,-0.043106166287571746,-0.06855380226657612,-0.0800132287248624,-0.07200651276029746,-0.02500884117637127,0.0496575695721062,0.12697148507782488,0.18880501000091088,0.258253443679769,0.3318368451067347,0.41148883621829224,0.41148883621829224,-13
원달러 환율,Open,2011/07 ~ 2021/12,126,0.035095765373680546,0.05326016032358726,0.055003739469459106,0.04651101936513756,0.017796740381875818,-0.015405322057544558,-0.042681712261241574,-0.0677729498706924,-0.07835822924092768,-0.06845486586227134,-0.02021449733870258,0.05488416999640751,0.13167435063645974,0.19297365494430332,0.26228629139046533,0.33621982159006597,0.41498392458679595,0.41498392458679595,-13
원달러 환율,High,2011/07 ~ 2021/12,126,0.022485316704730314,0.043035806102692586,0.04664885046101463,0.03932199474637674,0.012467304300702446,-0.019315341048546184,-0.04523753147232727,-0.06963759565628531,-0.08014914781091818,-0.0710731972308329,-0.02322884601075402,0.05061361120124835,0.1271607393774971,0.18770648640588383,0.25591134281738487,0.32859695423687957,0.40773848759845893,0.40773848759845893,-13
원달러 환율,Low,2011/07 ~ 2021/12,126,0.04611397767420426,0.06270081698857331,0.06334537556087982,0.05394861430960947,0.023472492336573277,-0.010898753913752276,-0.039279613928241155,-0.06499024396223617,-0.0769975891913659,-0.06882956802807096,-0.021861062188754207,0.05293274042309327,0.1303966334860895,0.19315768820431795,0.26305375970443057,0.33738545468231973,0.4172338748199978,0.4172338748199978,-13
원달러 환율,Change,2011/07 ~ 2021/12,126,0.014948547350997175,0.022070708719635696,0.049637208453181085,0.05642164171951089,0.04952636690185051,0.055591112573110876,0.043315079144785565,0.04134243269010034,0.01562875984754412,-0.048447937619338535,-0.10159727828199866,-0.11913298270261571,-0.09945406478477806,-0.08160820229905971,-0.09211186277260691,-0.10972950786689778,-0.09697386261862433,0.05642164171951089,-8
