Date_x,"BPS(지배, Adj.)(원/주)",BPS증가율(YoY)(비율),BS_Additional Paid-In Capital,BS_Contract Assets - Long Term,BS_Deferred Income Tax - Current Liability,BS_Deferred Income Tax - LT Liability,BS_Deferred Revenue - Long Term,BS_Earnings Quality Score,BS_LT Investments - Other,BS_Long Term Investments,BS_Minimum Pension Liability Adjustment,BS_Minority Interest - Non Redeemable,BS_Note Receivable - Long Term,BS_Oper. Lse. Pymts. Due in Year 6 & Beyond,BS_Operating Lease Payments Due in Year 1,BS_Other Comprehensive Income,"BS_Other Current Assets, Total",BS_Other Current Liabilities,BS_Other Equity,"BS_Other Equity, Total",BS_Other Long Term Assets,BS_Other Long Term Liabilities,BS_Other Property/Plant/Equipment - Gross,"BS_Property/Plant/Equipment, Total - Gross",BS_Shares Outs - Common Stock Primary Issue,BS_Short Term Investments,BS_Total Common Shares Outstanding,BS_Total Long Term Debt,"BS_Total Operating Leases, Supplemental",BS_Translation Adjustment,BS_Treas Shares - Common Stock Prmry Issue,BS_Treasury Stock - Common,CAPEX(천원),CF_Accounts Payable,CF_Accounts Receivable,CF_Accrued Expenses,CF_Cash Interest Paid,CF_Cash Taxes Paid,"CF_Issuance (Retirement) of Debt, Net","CF_Issuance (Retirement) of Stock, Net","CF_Long Term Debt, Net",CF_Net Cash - Beginning Balance,CF_Net Change in Cash,CF_Non-Cash Items,CF_Other Assets,CF_Other Financing Cash Flow,"CF_Other Investing Cash Flow Items, Total",CF_Other Liabilities,CF_Other Non-Cash Items,CF_Purchase of Fixed Assets,CF_Purchase of Investments,CF_Repurchase/Retirement of Common,CF_Sale of Business,CF_Sale/Maturity of Investment,"CF_Short Term Debt, Net",CF_Total Cash Dividends Paid,EBITDA2마진율(비율),"FS_Average Net Trade Cycle Days, TTM","FS_Average Payables Payment Days, TTM",FS_Earnings Retention Rate,"FS_Free Cash Flow Yield - %, TTM",FS_Income Tax Rate - %,FS_Income before Tax Margin - %,"FS_Income before Tax Margin - %, TTM",FS_Interest Coverage Ratio,FS_Net Cash Flow from Operating Activities,"FS_Payables Turnover, TTM","FS_Pretax ROA - %, TTM",FS_ROIC,"FS_Reinvestment Rate - %, TTM","FS_Tax Complement, TTM",FS_Total Debt Percentage of Total Equity,FS_Working Capital to Total Assets,Free Cash Flow2(천원),Gross Investment (GI),IS_DPS - Common Stock Primary Issue,"IS_Depreciation, Supplemental",IS_Dilution Adjustment,IS_Dividends per Share - Com Stock Issue 3,IS_Gross Dividends - Common Stock,"IS_Interest Expense, Net Non-Operating","IS_Interest Expense, Supplemental",IS_Interest Income - Non-Operating,IS_Interest/Invest Income - Non-Operating,IS_Investment Income - Non-Operating,"IS_Minority Interest, Supplemental","IS_Other, Net",IS_Provision for Income Taxes,Opex Margin,ROA(비율),ROE(지배)(비율),ROGI(%),단기투자자산,매출액(천원),매출액이익률(비율),매출액증가율(YoY)(연도),매출채권회전율,매출총이익(천원),무형자산,무형자산감상비 누계,무형자산회전율s,부채비율(비율),비유동비율(천원),순부채(천원),순이익률(비율),운전자본증감(천원),유동비율(비율),유형자산감상비 누계,이익잉여금(천원),이자보상율,인당매출s,인당순이익s,인당영업이익s,재고자산회전율(비율),채무총계,총자산회전율(비율),현금배당성향(%),EV_EBITDA
2003-07-01,14.20291791475782,-0.4188092155324604,1501,10,22,4,303,94,33,33,-425,924,133,421,217,-300,460,260,670,369,91,802,1863,1863,435,0,944,14,1231,-414,23,-397,76.28,106.7,-3.2,-330.6,20.1,255.2,-22.4,-304.3,-3.9,1317.0,1015.2,575.2,53.0,-196.1,102.7,103.5,601.8,-211.6,-19.8,-560.4,0.0,103.8,-18.5,0.0,13.36,43.03,24.94,1.0,6.33,30.98,12.06,13.65,36.37,465.47,14.67,27.02,37.0,78.45,0.65,3.42,0.27,1332.8,-44,0.0,58,130,0.68,0,-5,5,11,13,2,-131,6,113,0.0996533795493934,17.54,78.45,5.653136531365313,2332,3462,34.44,0.1222042139384116,-1081.875,1039,326,-177,41.0920245398773,677.2563176895308,1.709134615384615,-1348,8.33,180.0,1.52,-1220,-642,4375.0,0.1656732530120482,0.0061752610441767,0.0192380722891566,0.6873138773079214,60,1.98,0.0,4.37
2003-10-01,11.97410502209439,-0.1180070840968893,1606,10,23,4,303,94,31,31,-425,845,156,421,217,-162,432,260,495,333,103,760,1863,1863,510,0,939,14,1231,-414,24,-431,44.5,-82.0,-222.5,69.2,20.1,255.2,-9.7,-171.5,-0.6,2332.2,-2.5,90.4,-60.3,77.2,1.6,-18.3,175.5,-46.7,-6.1,-1721.4,0.0,5.5,-9.1,0.0,14.82,51.69,20.32,1.0,4.96,34.8,15.73,13.93,36.58,127.6,18.01,27.41,35.19,67.27,0.66,2.65,0.27,80.9,157,0.0,63,160,0.68,0,-6,6,10,10,0,-160,2,179,0.1177951874650252,18.02,67.27,4.204137931034483,2330,3574,34.05,0.0742410580102195,-16.06292134831461,1111,326,-177,41.84969325153374,544.5192307692307,1.395192307692308,-1435,10.26,-195.4,1.52,-1220,-468,12675.0,0.1643734939759036,0.006578313253012,0.0196265060240963,0.6805026656511804,50,1.97,0.0,6.31
2004-01-01,11.20423008476208,-0.0761958206310876,1596,10,23,4,303,94,212,212,-425,940,150,421,217,-121,398,260,495,373,113,753,1863,1863,510,126,939,14,1231,-414,25,-460,53.63,-81.7,-130.7,211.7,20.1,255.2,-8.7,-211.5,-1.5,2332.2,521.5,206.2,-21.9,76.3,-300.0,192.1,291.8,-101.2,-406.4,-1793.5,0.0,103.3,-7.2,0.0,14.99,50.65,19.37,1.0,7.32,34.8,10.22,12.89,35.67,865.9,18.89,24.34,33.09,62.47,0.67,2.45,0.24,892.3,-366,0.0,80,97,0.68,0,-6,6,15,18,3,-97,18,117,0.1127104834329169,16.2,62.47,3170.0,2980,3682,33.0,0.1545939165882722,-28.17138485080337,1090,326,-177,43.36196319018404,545.4077253218884,1.404291845493562,-1988,6.66,359.6,1.45,-1220,-344,2558.333333333333,0.1627718072289157,0.006374578313253,0.0182627710843373,0.625871154173041,52,1.89,0.0,5.33
2004-04-01,7.771762728689115,-0.3673537073857023,2151,10,23,4,303,94,309,309,-425,1328,172,421,217,-158,435,260,462,305,149,680,1863,1863,558,326,973,3,1231,-414,24,-470,77.15,-54.3,-357.0,411.3,20.1,255.2,1.3,520.4,-2.1,2332.2,1182.5,389.0,-82.2,70.1,-618.0,73.7,469.9,-179.9,-833.2,-2141.3,0.0,210.6,3.4,0.0,17.09,49.41,20.23,1.0,6.36,34.8,15.35,13.42,53.22,376.15,18.09,23.67,27.1,48.72,0.66,1.9,0.3,1182.7,-531,0.0,55,157,0.68,0,-5,5,16,17,0,-158,-19,197,0.1419753086419753,15.62,48.72,-11.70666666666667,3840,4050,35.45,0.1849034523112931,-11.34453781512605,1307,326,-177,45.30061349693251,368.2505399568034,0.949244060475162,-2452,10.01,257.8,1.62,-1220,-134,5209.090909090909,0.1620910843373494,0.0068842168674698,0.0191253012048192,0.5857680069424357,60,1.76,0.0,5.03
2004-07-01,10.49142826787632,-0.2613188127367124,1644,10,43,19,303,94,340,340,-425,941,212,421,217,-265,589,260,475,211,137,579,1863,1863,572,285,938,32,1231,-414,19,-429,95.69,-65.5,-405.4,661.0,22.0,387.5,-21.9,-718.5,-3.3,2332.2,220.8,519.4,-293.5,52.7,-614.6,156.0,592.6,-282.0,-1015.0,-3459.9,0.0,421.0,-18.6,0.0,12.74,44.18,22.17,1.0,5.64,21.63,11.17,13.15,37.13,393.32,16.51,24.85,33.55,59.98,0.68,2.85,0.22,1474.0,99,0.0,59,115,0.68,0,-5,5,18,17,-1,-117,0,83,0.0990281061203047,16.9,59.98,65.01818181818182,2838,3807,32.4,0.0996533795493934,-9.390725209669462,1109,326,-177,46.35889570552147,444.7314751869476,1.273097826086957,-1828,8.75,195.8,1.4,-1220,47,3091.666666666667,0.1584502409638554,0.0072563855421686,0.0186184337349397,0.6201335722430363,69,1.89,0.0,6.23
2004-10-01,8.753828525123183,-0.2689367172769248,1668,10,47,22,303,94,393,393,-425,1110,260,421,217,-325,734,260,589,264,142,697,1933,1933,577,592,942,2,1231,-414,18,-420,53.94,174.9,-482.5,-159.6,22.0,387.5,5.1,66.1,-0.7,2553.0,-279.4,140.5,-48.6,-2.3,-337.1,-32.1,146.3,-54.9,-507.6,-39.1,0.0,169.6,5.8,0.0,13.89,51.22,23.89,1.0,4.97,34.0,12.98,12.51,36.82,-60.88,15.32,22.66,30.73,51.01,0.68,1.4,0.24,-115.8,382,0.0,53,122,0.68,0,-6,6,20,35,15,-123,-2,165,0.1142225497420781,15.47,51.01,6.797773654916512,2865,4071,32.57,0.1390598768886402,-8.437305699481865,1215,326,-177,47.88343558282209,408.0957810718358,1.139031339031339,-1715,8.57,-448.6,1.45,-1276,243,1635.714285714286,0.1561,0.00712,0.01709,0.5888904961666426,40,1.81,0.0,6.32
2005-01-01,7.245882378445293,-0.3532904694361997,1662,10,48,23,303,94,322,322,-425,1200,288,421,217,-302,604,260,599,297,129,679,2019,2019,574,406,936,37,1231,-414,22,-521,59.95,231.8,-530.3,-153.8,22.0,387.5,6.5,-124.9,-4.7,2553.0,507.2,249.3,-1.8,-6.3,-83.3,369.6,289.3,-116.2,-691.6,-260.4,0.0,606.0,11.2,0.0,13.25,48.96,23.24,1.0,4.73,30.62,12.87,13.12,34.62,786.89,15.75,22.81,31.22,52.39,0.69,2.67,0.26,609.8,41,0.0,69,129,0.68,0,-6,6,28,28,0,-131,-3,150,0.1036527514231499,15.76,52.39,-11.40307692307692,3467,4216,30.8,0.1450298750678978,-7.950216858382048,1175,326,-177,49.52147239263803,395.1245363010069,1.058293587705352,-2184,8.93,-34.6,1.48,-1362,448,2145.454545454545,0.1535564227642277,0.0075973170731707,0.0178573983739837,0.5739177783827933,82,1.74,0.0,5.69
2005-04-01,8.008344291416675,0.0304411715831505,1520,10,45,21,303,94,310,310,-425,1084,402,421,217,-370,546,260,624,254,137,590,2016,2016,568,422,910,46,1231,-414,32,-747,69.36,235.9,-777.0,-54.2,22.0,387.5,-15.0,-819.1,-3.1,2553.0,220.1,385.7,12.2,-10.9,-84.1,448.4,495.6,-186.5,-859.7,-1070.8,0.0,772.3,-11.9,0.0,19.03,48.45,24.1,1.0,6.28,29.4,16.88,13.6,47.53,593.92,15.19,23.05,30.1,49.36,0.71,2.5,0.23,1133.4,172,0.0,85,179,0.68,0,-6,6,29,34,5,-181,-11,202,0.1347265451311694,16.29,49.36,-10.4958217270195,3195,4498,34.56,0.1106172839506172,-5.788931788931789,1410,326,-177,50.89570552147239,412.70468661773,1.136645962732919,-2040,11.92,-81.7,1.41,-1347,744,2488.888888888889,0.1496255284552845,0.0079769918699186,0.01759081300813,0.6364794113485213,72,1.7,0.0,2.52
2005-07-01,10.24611171625122,-0.0233825695950507,1365,10,43,6,303,94,263,263,-425,981,472,421,217,-232,631,260,366,133,174,545,1962,1962,570,463,892,44,1231,-414,32,-764,128.21,270.5,-653.3,-95.3,23.6,573.0,-12.6,-1326.4,-3.4,2553.0,-69.0,551.2,-12.5,-38.5,-257.0,424.7,655.7,-317.8,-1019.3,-1625.1,0.0,944.5,-9.2,0.0,16.94,45.15,23.34,1.0,6.69,33.13,13.82,14.19,51.65,567.16,15.68,26.0,37.19,59.36,0.68,2.81,0.2,1569.3,271,0.0,75,127,0.68,0,-5,5,31,33,2,-134,5,180,0.119517289394291,17.78,59.36,10.92972972972973,2947,4309,32.95,0.1318623588127135,-6.595744680851064,1293,326,-177,52.43558282208589,427.8137890394814,1.338833235120801,-1891,9.24,50.2,1.36,-1269,962,1817.857142857143,0.1465880487804878,0.0080087804878048,0.0180190243902439,0.6445774121166792,75,1.83,0.0,4.63
2005-10-01,15.4033306019289,0.7596107300619239,1063,10,50,7,303,94,209,209,-425,613,485,421,217,-256,595,260,388,132,171,630,1999,1999,568,281,850,31,1231,-414,39,-911,76.56,-6.1,-289.4,-78.2,23.6,573.0,-19.7,-1004.2,-9.4,2484.0,-798.0,175.1,19.5,13.7,234.9,99.1,171.2,-78.0,-19.4,-1153.3,0.0,252.9,-10.3,-268.0,16.22,49.99,25.57,-0.25,7.36,37.4,12.56,14.05,55.28,368.38,14.31,26.36,41.78,54.01,0.68,3.02,0.11,290.4,733,0.3,79,110,0.68,268,-5,5,30,32,1,-113,-16,196,0.1140215716486903,17.81,65.69,3.721973094170404,1967,4543,31.67,0.1159420289855073,-15.69799585348998,1320,326,-177,53.88343558282209,597.2532188841202,1.952789699570815,-1300,7.86,-61.6,1.19,-1304,882,1900.0,0.1428130081300813,0.0077967479674796,0.0176097560975609,0.7768467852257182,54,1.88,0.8170731707317073,5.46
2006-01-01,15.45639978574261,1.133128717590223,896,10,78,7,303,94,193,193,-425,587,144,421,217,-239,603,260,426,187,153,340,2090,2090,575,313,843,28,1231,-414,39,-854,62.53,-27.8,176.9,-76.9,23.6,573.0,2.5,-1271.8,-13.8,2484.0,-450.0,277.3,-0.1,19.9,196.6,292.0,282.6,-149.8,-208.6,-1536.9,0.0,394.5,16.2,-268.0,6.8,48.82,23.97,1.0,6.18,35.71,3.95,11.78,14.25,683.67,15.27,21.94,34.06,42.42,0.67,3.0,0.11,902.2,409,0.0,75,33,0.68,0,-5,5,25,26,2,-34,3,58,0.0289467824537964,14.66,53.74,7.862222222222222,2347,4491,21.17,0.0652277039848197,25.3872244205766,869,326,-177,54.72699386503068,599.8277347114556,1.702842377260982,-1707,2.54,351.2,1.17,-1366,932,622.7272727272727,0.1406151567944251,0.0065894308943089,0.0147509291521486,0.7304814573845153,52,1.86,0.0,10.8
2006-04-01,11.85309840652003,0.4800935093692407,839,10,79,7,303,94,149,149,-425,720,118,421,217,-188,606,260,467,279,167,277,2194,2194,577,192,838,26,1231,-414,39,-910,56.91,-18.2,260.3,115.8,23.6,573.0,-27.3,-1441.8,-16.5,2484.0,309.7,449.4,5.6,17.7,289.0,193.2,503.4,-209.2,-304.9,-1826.9,0.0,580.7,-10.8,-268.0,17.88,48.2,25.16,1.0,8.17,29.93,16.15,11.68,65.76,805.57,14.54,21.45,34.04,41.98,0.67,2.29,0.13,1648.5,178,0.0,75,154,0.68,0,-5,5,32,32,0,-157,-5,213,0.1327783558792924,14.3,52.62,10.29142857142857,2986,4805,32.98,0.068252556691863,18.45946984248943,1454,326,-177,55.66871165644172,508.029689608637,1.407956844234659,-2216,11.32,650.9,1.21,-1455,1275,2555.555555555556,0.1383674796747968,0.0065526132404181,0.0142160859465737,0.6940632673696374,50,1.84,0.0,8.89
2006-07-01,13.01768062654685,0.2704995794550704,701,10,50,17,303,94,125,125,-425,868,105,421,217,-26,667,260,482,456,429,426,2088,2088,581,353,826,27,1231,-414,37,-870,96.23,48.2,309.7,462.6,20.8,768.3,-28.7,-1650.1,-16.3,2484.0,583.0,681.6,23.1,2.3,63.7,110.2,729.5,-306.2,-401.2,-2087.0,0.0,657.6,-12.4,-268.0,18.99,42.15,26.12,1.0,8.9,4.52,13.27,11.56,35.96,810.36,14.01,20.85,36.1,39.28,0.75,1.88,0.15,2361.8,63,0.0,92,151,0.68,0,-7,7,43,42,-1,-156,-10,24,0.1155160628844839,15.53,54.21,10.73652694610778,3420,4389,34.07,0.0185657925272684,14.1717791411043,1351,326,-177,55.91411042944785,401.4255543822598,1.21752903907075,-2500,12.67,884.8,1.25,-1360,1607,1431.428571428572,0.1346849593495935,0.0071622531939605,0.0136564459930313,0.6103462661660409,52,1.8,0.0,8.97
2006-10-01,11.08333074853085,-0.280458815371857,456,10,38,20,303,94,123,123,-425,730,78,421,217,-4,659,260,511,506,176,298,2118,2118,589,299,815,5,1231,-414,35,-815,63.59,-45.6,-417.8,-35.9,20.8,768.3,-19.5,-526.8,-19.8,3067.0,-629.5,191.3,-54.3,9.8,60.4,-54.7,185.3,-67.1,-272.1,-723.7,0.0,333.8,0.3,-293.1,19.05,51.14,24.2,-0.03,7.28,36.7,13.49,11.85,60.1,165.83,15.12,23.55,49.78,51.88,0.74,1.29,0.14,98.7,599,0.35,145,116,0.68,293,-5,5,36,39,3,-122,-2,235,0.119047619047619,17.43,72.17,2.839339339339339,2736,5166,30.13,0.1371340523882896,-12.36476783149832,1432,326,-177,57.82515337423312,434.5127610208817,1.167053364269142,-1974,8.54,-442.6,1.22,-1402,1577,1794.117647058824,0.13465,0.0074428571428571,0.0138428571428571,0.717201166180758,32,1.99,0.7216748768472906,9.49
2007-01-01,11.62487845742025,-0.2478922246729576,278,10,29,21,303,94,99,99,-425,771,84,421,217,-11,679,260,562,551,166,238,2238,2238,593,182,778,4,1231,-414,33,-773,69.2,-57.5,-443.3,-128.5,20.8,768.3,-22.0,-788.9,-21.2,3067.0,-107.0,398.4,27.0,10.7,208.6,194.4,386.0,-143.0,-346.9,-1071.7,0.0,545.2,-0.8,-293.1,16.31,47.19,23.79,1.0,6.98,29.37,12.3,13.78,41.22,710.18,15.39,27.87,57.7,63.31,0.74,1.09,0.16,733.0,511,0.0,104,111,0.68,0,-7,7,35,35,0,-116,-3,172,0.1094989359644032,20.58,82.31,5.058695652173913,3142,5169,29.58,0.1509686038744156,-11.66027520866231,1405,326,-177,59.90490797546012,396.5696465696466,1.037941787941788,-2342,8.69,-279.9,1.24,-1523,1869,1996.428571428572,0.1329773109243698,0.0086899159663865,0.0161525210084033,0.684001587931719,29,2.02,0.0,8.34
2007-04-01,12.23601952080916,0.0323055711811599,0,10,31,15,303,94,83,83,-425,716,62,421,217,43,704,260,626,669,180,237,2308,2308,591,284,762,3,1231,-414,39,-983,79.69,-28.5,-604.6,214.3,20.8,768.3,-23.6,-1477.2,-22.8,3067.0,26.6,605.6,32.5,14.6,109.1,237.0,586.4,-225.1,-572.4,-1906.9,0.0,668.9,-0.8,-293.1,16.67,47.97,23.93,1.0,6.56,33.26,13.96,13.26,50.31,977.52,15.3,25.82,53.78,58.31,0.73,1.09,0.14,1628.5,265,0.0,79,122,0.68,0,-7,7,41,51,10,-128,-16,236,0.1242784992784993,18.83,75.75,10.7313769751693,3378,5544,31.68,0.1537981269510926,-9.169698974528613,1610,326,-177,62.17177914110429,435.0905218317359,1.06975505857295,-2634,9.32,84.5,1.21,-1560,2192,1550.0,0.1312676470588235,0.0082764705882352,0.0152357142857142,0.6895522388059702,28,1.95,0.0,9.33
2007-07-01,11.85998658239479,-0.0889324356130832,0,10,39,32,303,94,82,82,-425,740,64,421,217,84,726,260,649,734,381,536,2364,2364,596,231,759,3,1231,-414,39,-1033,137.35,107.5,-418.4,366.1,24.8,798.3,-25.9,-1819.7,-24.4,3067.0,247.4,798.3,-356.7,10.9,13.9,384.0,771.9,-364.4,-693.7,-2307.9,0.0,885.5,-1.5,-293.1,17.23,38.53,24.68,1.0,6.38,36.98,13.39,13.3,52.27,777.04,14.83,25.87,45.22,52.28,0.66,0.94,0.1,2266.2,276,0.0,116,105,0.68,0,-6,6,43,48,5,-114,0,253,0.1164543333931455,17.02,62.82,14.86135693215339,3546,5573,31.2,0.2697653223969014,-13.3197896749522,1594,326,-177,65.8036809815951,420.9403780901599,1.345613184682501,-2779,8.44,252.3,1.16,-1556,2363,1528.571428571429,0.1327,0.0076697478991596,0.0154336134453781,0.6991594530171873,26,1.95,0.0,8.79
2007-10-01,11.89942039938916,0.0736321661217669,51,10,46,27,303,94,69,69,-425,685,60,421,217,109,759,260,621,730,883,1542,2462,2462,598,149,754,2,1231,-414,42,-1205,87.64,87.6,-415.6,-139.6,24.8,798.3,-18.2,-470.1,-21.0,3314.4,-842.0,190.5,-68.5,30.7,51.4,-201.6,182.2,-88.8,-19.1,-619.2,1.8,120.0,2.8,-333.7,17.36,48.34,22.73,0.12,6.94,34.64,13.63,13.35,68.06,-31.47,16.1,27.56,53.42,58.93,0.66,0.32,0.15,-120.3,1154,0.42,125,120,0.68,334,-5,5,38,43,5,-124,9,268,0.1204523107177974,18.26,72.69,3.00969766115231,2622,6102,30.05,0.1811846689895471,-14.68238691049086,1705,326,-177,68.67484662576688,447.2505091649695,1.614365766683648,-1928,8.91,-695.7,1.26,-1627,2387,1910.526315789474,0.1316941176470588,0.0078823529411764,0.0153470588235294,0.8051194088929938,8,2.07,0.6600790513833992,7.27
2008-01-01,10.09287069592065,-0.1317869917617677,0,10,45,38,303,94,69,69,-425,697,54,421,217,140,795,260,696,836,960,1523,2527,2527,591,74,743,3,1231,-414,51,-1499,72.36,-27.0,-196.5,-324.4,24.8,798.3,-17.6,-966.2,-20.6,3314.4,-730.3,425.0,-132.5,14.0,-9.5,-36.1,410.9,-167.3,-19.7,-1168.4,-1.8,202.2,3.0,-333.7,15.43,45.14,22.03,1.0,6.92,17.82,11.58,13.12,41.9,723.99,16.61,27.53,53.84,59.83,0.69,0.33,0.14,525.2,1305,0.0,111,124,0.68,0,-8,8,24,25,1,-127,-6,116,0.106305711455926,19.0,72.24,2.991189427312775,2658,6058,29.46,0.1719868446508028,-30.8295165394402,1653,326,-177,71.40184049079755,421.9138755980861,1.582775119617225,-1952,9.51,-736.0,1.26,-1687,2753,3752.941176470588,0.1338581277672359,0.0083234661606578,0.0154889310562934,0.7971052631578948,9,2.1,0.0,7.17
2008-04-01,9.081504486733914,-0.2578056555655639,0,10,51,39,303,94,25,25,-425,724,53,421,217,146,801,260,786,932,1006,1612,2551,2551,601,28,737,2,1231,-414,48,-1451,63.48,3.9,-469.0,-29.3,24.8,798.3,-19.9,-1289.4,-21.1,3314.4,12.0,677.5,-197.4,5.8,35.5,173.6,659.0,-233.6,-19.3,-1652.4,1.8,287.3,1.2,-333.7,18.08,46.53,21.93,1.0,6.4,30.79,14.39,13.27,97.36,1080.05,16.69,27.18,55.24,60.78,0.7,0.21,0.17,1538.9,1025,0.0,118,134,0.68,0,-4,4,24,24,0,-138,-4,270,0.1315031093584104,18.92,72.48,4.488372093023256,3355,6593,31.51,0.1892135642135642,-14.05756929637527,1923,326,-177,74.61963190184049,383.6444805194805,1.340503246753247,-2624,9.96,-494.7,1.32,-1732,2983,4310.0,0.1366925996204933,0.008815559772296,0.0161115749525616,0.765381936382633,7,2.05,0.0,7.51
2008-07-01,9.80372906194479,-0.1733777273831278,0,10,57,32,556,94,19,19,-425,652,44,875,427,6,1021,260,820,826,383,1840,2426,2426,613,20,731,2,2260,-414,46,-1406,86.05,34.2,-762.2,465.2,22.9,946.9,-18.0,-1820.3,-22.0,3314.4,288.4,376.6,-449.8,10.4,-3.6,417.3,353.7,-320.4,-27.7,-2261.2,1.8,309.5,4.0,-333.7,17.72,41.66,22.62,1.0,7.29,31.8,13.45,13.29,76.31,1030.68,16.18,26.85,57.17,59.0,0.71,0.26,0.19,2482.9,729,0.0,137,108,0.68,0,-5,5,29,29,0,-115,-2,257,0.1204084743179393,18.99,73.49,6.039800995024875,3623,6561,31.75,0.1772833303427239,-8.607976908947782,1905,326,-177,77.65030674846625,387.9574970484061,1.27508854781582,-2963,9.17,-172.0,1.34,-1626,3121,3270.833333333333,0.139184440227704,0.0092895635673624,0.0165555344718532,0.7163445791025221,8,2.02,0.0,7.12
2008-10-01,9.959258925056169,-0.1630467206984793,180,10,49,31,524,94,12,12,-425,533,34,875,427,-323,890,260,814,491,368,1802,2279,2279,607,13,721,1,2260,-414,57,-1778,71.13,-101.0,-111.2,-73.6,22.9,946.9,-5.3,-558.4,-0.5,3602.8,-819.8,206.9,25.2,14.2,12.1,-42.1,203.8,-71.9,-0.2,-690.0,2.2,10.7,-4.8,-378.4,17.56,43.63,20.7,0.21,11.91,26.63,13.43,13.24,120.28,468.13,17.68,28.99,69.15,69.97,0.73,0.09,0.17,396.3,999,0.5,120,108,0.68,378,-3,3,22,24,1,-113,-26,215,0.1264101375367022,21.08,88.73,2.896423594983744,2796,6471,31.36,0.0604719764011798,-58.19244604316547,1888,326,-177,78.78220858895706,427.6061776061776,1.496621621621622,-2260,9.86,-317.1,1.3,-1544,3180,4075.0,0.1380806451612903,0.0096290322580645,0.0166666666666666,0.8263312476056698,2,2.19,0.6374367622259697,5.14
2009-01-01,8.13218883532787,-0.1942640423784736,46,10,47,34,523,94,12,12,-425,521,29,875,427,-377,909,260,869,492,356,1689,2283,2283,613,13,718,1,2260,-414,55,-1745,51.69,-269.1,410.6,-447.7,22.9,946.9,-6.2,-834.5,-1.4,3602.8,-624.8,257.0,-42.0,-8.7,11.5,-141.8,266.9,-124.5,-1.1,-1046.8,2.2,11.6,-4.8,-378.4,17.75,41.67,19.15,1.0,12.52,28.12,13.27,13.65,103.37,630.64,19.11,29.74,63.73,63.3,0.71,0.05,0.2,974.3,1149,0.0,135,87,0.68,0,-3,3,11,11,0,-91,14,197,0.1173559561682573,21.0,80.21,2.557457212713937,2991,5658,30.81,-0.0660283922086497,13.77983438869946,1622,326,-177,77.55521472392638,342.4559932942162,1.269907795473596,-2469,9.54,-472.6,1.38,-1575,3593,8462.5,0.1374768543830873,0.0097628941133588,0.017061417896847,0.7516939019529693,2,2.18,0.0,4.61
2009-04-01,6.081173103059698,-0.3303782306177399,0,10,42,45,553,94,9,9,-425,658,97,875,427,-170,868,260,978,808,375,1772,2435,2435,614,9,713,1,2260,-414,58,-1817,42.05,-334.4,567.1,-389.6,22.9,946.9,-6.3,-988.6,-1.5,3602.8,399.7,712.2,-98.1,-13.6,18.5,-122.0,719.0,-168.1,-1.7,-1330.3,2.2,20.2,-4.8,-378.4,18.81,45.99,20.93,1.0,12.15,28.25,14.53,13.65,111.91,1014.62,17.49,25.79,52.66,51.41,0.71,0.05,0.23,1945.3,835,0.0,116,88,0.68,0,-3,3,9,8,0,-93,11,211,0.1329239660465956,18.38,65.39,3.232258064516129,4012,5537,32.47,-0.1601698771424238,9.763710104038088,1671,326,-177,74.3159509202454,300.9491525423729,1.086130891827738,-3352,10.43,-306.5,1.46,-1718,3958,14640.0,0.1333131036996537,0.0097498633132859,0.0165626025150355,0.6419710144927536,2,1.89,0.0,4.64
2009-07-01,8.219297554721491,-0.1616151871611383,0,10,21,72,536,94,29,29,-425,551,94,875,427,-227,1079,260,871,644,338,1880,2341,2341,623,8,713,0,2260,-414,54,-1755,73.93,-306.2,982.1,-280.9,14.2,813.2,-7.0,-1450.7,-2.2,3602.8,938.9,785.0,-256.5,-14.2,-1.7,-155.3,535.8,-243.5,-1.8,-1855.4,2.2,22.7,-4.8,-378.4,18.09,45.27,21.54,1.0,11.23,27.58,8.21,12.41,80.01,1046.81,16.99,21.72,48.89,47.57,0.72,0.03,0.22,2916.7,103,0.0,128,47,0.68,0,-4,4,8,8,0,-51,-1,117,0.1226158038147139,15.72,59.15,6.954326923076923,4550,5505,32.27,-0.1609510745313214,5.605335505549333,1660,326,-177,71.07668711656441,332.310405643739,1.151675485008818,-3998,5.95,1.4,1.44,-1640,3947,10500.0,0.1291406050665209,0.0088518316019682,0.0147150537634408,0.6122789456122789,1,1.75,0.0,5.18
2009-10-01,8.38828326934601,-0.1577402161678708,0,10,23,79,537,94,31,31,-425,505,67,875,427,-112,1129,260,849,737,336,1909,2398,2398,632,5,714,1,2260,-414,51,-1672,34.04,-66.4,-238.5,-60.4,14.2,813.2,1.6,-300.0,1.6,4541.7,-541.6,159.0,-59.1,18.1,5.5,-174.1,155.4,-34.8,-0.7,-451.3,2.2,3.2,-4.8,-551.4,18.2,48.85,20.54,-0.24,8.44,30.5,14.03,12.53,83.68,219.11,17.82,22.7,53.22,43.96,0.71,0.08,0.23,184.3,697,0.75,115,74,0.68,471,-4,4,7,7,0,-80,6,230,0.1304801670146138,16.18,63.71,3.331367924528302,4005,5748,33.14,-0.1117292535929532,-24.10062893081761,1784,326,-177,68.85889570552148,333.7842648629406,1.159131363474546,-3498,9.75,-570.4,1.45,-1713,3745,24866.66666666666,0.1268248587570621,0.0087853107344632,0.01454802259887,0.6437451002351887,3,1.81,0.8971428571428571,6.97
2010-01-01,8.994946622980555,0.1060917060736084,0,10,23,75,497,94,30,30,-425,481,63,875,427,-199,1062,260,863,664,323,1879,2308,2308,637,7,710,0,2260,-414,52,-1737,42.64,-29.8,-287.1,-247.8,14.2,813.2,-0.5,-643.2,-0.5,4541.7,-426.9,249.5,-28.8,20.6,1.6,-19.2,243.3,-78.9,-6.8,-885.5,0.0,6.4,0.0,-551.4,17.21,45.09,18.24,1.0,8.83,27.76,12.35,12.3,72.32,659.98,20.06,22.85,49.35,39.69,0.71,0.01,0.25,800.2,676,0.0,119,58,0.68,0,-5,5,7,7,0,-62,-14,178,0.1179126038280968,16.3,57.74,3.084931506849315,4122,5538,32.65,-0.0212089077412512,-19.28944618599791,1690,326,-177,68.49079754601227,301.8249408583981,1.053058465697871,-3640,8.92,-585.9,1.51,-1662,4032,32550.0,0.1220058158856763,0.0084240611498836,0.0139143403123961,0.6311830408023706,0,1.86,0.0,6.78
2010-04-01,8.847772831307141,0.4549450708540839,0,10,26,72,476,94,40,40,-425,465,58,875,427,-279,1007,260,971,692,337,1881,2279,2279,637,8,705,0,2260,-414,55,-1876,56.85,-13.2,-403.2,129.9,14.2,813.2,-0.2,-941.3,-0.6,4541.7,-229.6,326.6,-21.5,43.0,-27.2,-139.6,317.1,-136.6,-11.2,-1332.5,0.0,9.4,0.4,-824.1,18.66,44.04,18.41,0.44,9.23,29.85,14.42,12.32,195.8,960.92,19.88,22.07,45.58,29.24,0.71,0.02,0.25,1703.4,508,0.38,116,67,0.68,239,-2,2,7,7,0,-73,-6,240,0.1350627615062762,15.63,53.48,4.299329858525689,4320,5975,34.67,0.0791042080549033,-14.81894841269841,1932,326,-177,69.83435582822086,297.6643309976643,1.026026026026026,-3855,10.12,-362.2,1.52,-1653,4181,16080.0,0.1200125456962446,0.0083224493187105,0.0137199235626454,0.6756756756756757,1,1.79,0.4237588652482269,6.08
2010-07-01,8.750293063411034,0.0646035144918824,138,10,43,68,497,94,41,41,-425,439,54,613,407,-386,1060,260,974,588,625,1971,2219,2219,625,3,690,1,1846,-414,72,-2524,100.89,125.1,-377.2,359.5,14.7,608.0,0.7,-1633.9,0.7,4541.7,296.6,471.0,-251.1,28.3,-35.6,-18.8,461.4,-238.2,-13.5,-2070.9,0.0,15.3,0.0,-824.1,17.78,39.14,20.51,1.0,10.16,28.79,13.22,13.52,98.69,1251.61,17.84,23.23,54.07,33.73,0.71,0.05,0.23,2853.4,-267,0.0,125,58,0.68,0,-4,4,9,9,0,-65,-2,206,0.1224069946854106,16.42,62.8,-35.67073170731707,4841,5833,34.03,0.0595821980018165,-15.46394485683987,1845,326,-177,70.84049079754601,352.7336860670194,1.153385049365303,-4401,9.41,26.8,1.46,-1560,4634,14280.0,0.1175039880358923,0.0090631439016284,0.0148470422067131,0.6098912588874947,2,1.72,0.0,5.67
2010-10-01,9.50716473489814,0.1333862281023521,254,10,44,74,504,94,40,40,-425,402,49,613,407,-329,1105,260,688,359,660,2063,2312,2312,639,3,696,0,1846,-414,71,-2564,74.76,-50.0,-486.1,-31.7,14.7,608.0,-1.3,-449.4,-1.3,4838.3,-677.8,104.1,-96.4,67.8,-59.4,-15.4,103.7,-75.5,-0.1,-619.7,0.0,0.0,0.0,-320.7,15.67,47.16,18.72,0.47,8.21,28.31,13.97,13.52,174.68,106.4,19.55,23.98,56.99,49.89,0.71,0.01,0.23,30.9,562,0.45,120,65,0.68,285,-5,5,9,9,0,-71,13,239,0.1276628589070701,17.09,65.42,4.768864177918983,4164,6478,32.16,0.127000695894224,-13.32647603373791,1944,326,-177,73.079754601227,342.233676975945,1.16844276383637,-3762,10.02,-700.1,1.47,-1639,4860,16540.0,0.1167843137254902,0.0091715686274509,0.0146862745098039,0.6840549102428722,0,1.77,0.4702970297029703,7.04
2011-01-01,8.910576199739955,-0.0093797580771682,319,10,45,80,524,94,38,38,-425,455,48,613,407,-239,1151,260,664,425,756,2146,2368,2368,649,5,702,4,1846,-414,69,-2519,77.36,-20.0,-571.5,-280.6,14.7,608.0,-1.3,-515.2,-1.3,4838.3,-160.7,269.1,-255.7,86.6,-116.4,180.7,268.4,-154.1,-0.7,-797.2,0.0,0.7,0.0,-320.7,14.75,45.56,18.12,1.0,6.73,26.92,12.79,13.59,220.12,601.1,20.2,24.35,53.05,46.69,0.72,0.11,0.26,553.4,766,0.0,121,55,0.68,0,-4,4,10,9,-1,-63,-3,208,0.1188423645320197,17.41,60.25,4.327323162274618,4683,6496,31.67,0.1729866377753702,-11.3665791776028,1917,326,-177,76.01840490797545,286.6963540217089,1.006123016977456,-4223,9.35,-930.8,1.55,-1674,5368,12866.66666666667,0.1171626786307743,0.0093421402459288,0.0147662844798936,0.6319680902811557,5,1.79,0.0,8.42
2011-04-01,9.569919063911437,0.0816189843899515,395,10,23,53,563,94,42,42,-425,463,51,613,407,-153,1190,260,791,638,753,2280,2503,2503,646,5,697,0,1846,-414,77,-2994,111.23,-17.8,-678.4,107.9,14.7,608.0,-1.4,-972.7,-1.4,4838.3,418.4,407.4,-331.4,110.8,-115.5,302.3,406.3,-266.7,-6.8,-1441.1,0.0,6.6,0.0,-643.6,16.08,44.56,17.44,0.53,6.86,27.02,14.25,13.59,335.98,1352.96,20.99,24.56,55.59,49.08,0.72,0.11,0.25,1793.7,397,0.45,131,64,0.68,293,-3,3,10,10,0,-71,1,259,0.1318711826762909,17.75,62.92,7.211049723756906,5261,7204,34.37,0.2056903765690377,-10.61910377358491,2310,326,-177,79.78834355828221,301.2924071082391,1.011577813677975,-4794,10.4,-465.8,1.51,-1762,5675,13557.14285714286,0.1183988866733134,0.0095962944499833,0.0148462944499833,0.6462725396967794,5,1.81,0.419170243204578,9.33
2011-07-01,9.683318164128178,0.1066278687988802,525,10,33,72,553,94,40,40,-425,472,49,556,427,-134,1143,260,784,650,938,2406,2425,2425,641,5,691,0,1537,-414,86,-3578,133.61,63.0,-620.5,442.1,14.9,824.4,-1.6,-1614.5,-1.5,4838.3,862.8,532.8,-466.9,138.3,-299.7,434.2,531.3,-403.7,-11.2,-2171.9,0.0,10.9,-0.1,-643.6,17.04,39.83,19.61,1.0,7.63,27.0,13.99,13.77,253.93,1381.28,18.66,24.59,59.98,50.62,0.73,0.1,0.23,3038.0,-6,0.0,141,60,0.68,0,-4,4,12,12,0,-71,5,253,0.1391134652913298,17.88,67.84,-25.98534798534799,5706,7174,33.13,0.229898851362935,-11.56164383561644,2215,326,-177,83.90184049079755,305.568445475638,1.098478989430266,-5230,10.21,38.9,1.45,-1640,6282,11537.5,0.1202040545031572,0.0100081422399468,0.0152573113991359,0.6254031906546944,4,1.79,0.0,8.06
2011-10-01,9.383078254496702,-0.0130518912695338,723,10,26,61,554,94,38,38,-425,453,49,556,427,-452,1081,260,768,316,885,2458,2337,2337,645,5,693,2,1537,-414,88,-3740,79.92,-74.4,-464.7,-19.3,14.9,824.4,0.0,-145.2,0.0,5701.1,-609.2,83.6,-10.1,32.5,-159.0,160.7,83.2,-80.9,-3.6,-285.1,0.0,3.6,-0.1,-474.9,15.75,44.51,17.67,0.33,7.94,28.32,14.04,13.79,236.06,475.26,20.72,26.0,63.57,49.72,0.73,0.15,0.22,394.4,444,0.68,133,62,0.68,433,-4,4,11,-128,-139,-70,144,281,0.1293978126235341,18.89,71.45,7.359840954274354,5097,7589,31.83,0.1715035504785427,-16.33096621476221,2252,326,-177,87.30981595092024,305.9198301035307,1.141263940520446,-4637,10.06,-424.1,1.45,-1591,6468,743.1818181818181,0.1206059322033898,0.0101059322033898,0.0153601694915254,0.6903484035295188,6,1.88,0.6081460674157303,8.73
2012-01-01,8.035618022250558,-0.0981932209406313,1032,10,31,61,541,94,39,39,-425,525,12,556,427,-282,1208,260,714,432,845,2223,2460,2460,644,3,691,1,1537,-414,94,-4109,84.43,-96.9,-264.4,-242.2,14.9,824.4,-0.9,-521.2,-0.9,5701.1,-132.3,274.7,-112.1,31.1,-160.9,240.1,273.9,-166.3,-6.7,-750.1,0.0,6.7,-0.1,-474.9,15.25,44.55,17.31,1.0,8.33,20.52,13.22,13.87,210.83,857.81,21.15,25.49,56.06,44.67,0.74,0.12,0.25,1166.8,763,0.0,147,61,0.0,0,-4,4,9,9,0,-70,4,184,0.1224517906336088,18.91,62.67,4.99672988881622,5572,7260,31.14,0.1176108374384237,-27.45839636913767,2116,326,-177,89.65337423312883,253.8048343777976,0.9516670396061758,-5041,10.51,-585.7,1.53,-1684,7113,17780.0,0.1213295357119304,0.0104804128470619,0.015548127019719,0.6282994374729555,6,1.84,0.0,8.6
2012-04-01,9.713139446124035,0.0149656837488512,1173,10,18,50,547,94,29,29,-425,482,11,556,427,-597,1148,260,874,278,695,2337,2409,2409,639,2,684,0,1537,-414,103,-4675,89.73,-132.0,-464.9,110.7,14.9,824.4,-1.0,-1005.4,-6.3,5701.1,-72.4,253.6,-18.8,41.4,-166.1,293.6,252.3,-256.7,-7.6,-1403.1,0.0,12.5,5.3,-950.9,16.72,45.6,16.3,0.37,8.46,28.47,14.91,14.05,303.46,1215.59,22.45,25.58,59.24,43.96,0.74,0.12,0.25,2291.9,313,0.68,135,63,0.68,436,-3,3,11,11,0,-74,-2,304,0.1388561706582908,18.87,66.17,11.07323943661972,5631,7641,33.14,0.0606607440310937,-16.43579264357927,2371,326,-177,90.99386503067484,278.3731125182659,0.9931807111544082,-5143,10.66,-175.5,1.51,-1656,7330,13262.5,0.1205356294928444,0.0105003297500494,0.0156553452483017,0.6668703089544423,5,1.82,0.5714285714285714,7.96
2012-07-01,9.009941228360027,-0.0695398957624537,1342,10,22,106,554,95,28,28,-425,479,12,556,427,-678,1464,260,864,186,696,2474,2328,2328,633,2,677,0,1537,-414,112,-5286,111.92,-68.1,-128.5,420.0,15.1,1033.7,-6.3,-1644.5,-6.4,5701.1,939.4,445.4,-126.3,42.7,-163.4,398.8,443.8,-372.0,-7.6,-2098.8,0.0,12.5,0.1,-950.9,16.38,41.82,17.97,1.0,8.67,32.76,13.84,14.01,295.29,1708.19,20.37,24.1,57.12,42.0,0.72,0.0,0.27,3884.9,-773,0.0,179,52,0.0,0,-3,3,11,11,0,-58,-2,310,0.1291163556531284,17.44,63.64,-9.946084724005134,6643,7288,32.9,0.0158907164761639,-56.71595330739299,2249,326,-177,91.3435582822086,302.0506634499397,0.983357452966715,-6164,9.31,569.0,1.55,-1548,7904,11750.0,0.1184953010617952,0.0101561366484205,0.0154019158477873,0.5789640927867811,0,1.72,0.0,8.17
2012-10-01,9.564974039479043,0.0193855129466891,1559,10,22,113,536,88,28,28,-425,487,11,556,427,-610,1343,260,843,232,753,2447,2437,2437,641,2,681,0,1537,-414,112,-5345,85.79,-9.5,-418.4,-120.8,15.1,1033.7,0.0,-56.2,0.0,6640.5,-961.6,141.2,71.0,38.7,-209.2,-712.5,140.7,-86.5,0.0,-220.8,0.0,0.0,0.1,-560.1,16.47,46.75,17.31,0.26,6.71,26.8,14.49,14.13,230.63,-108.81,21.14,24.97,56.87,40.09,0.73,0.0,0.25,-195.4,641,0.81,140,59,0.0,516,-5,5,9,45,37,-67,-43,280,0.1368022952529995,18.17,63.1,7.264516129032258,5681,7668,32.77,0.0104098036631967,-18.32695984703633,2366,326,-177,91.58588957055215,264.0559130241846,0.9749278899489684,-5194,10.61,-1087.5,1.51,-1638,8060,2558.536585365854,0.1161750972762646,0.0101556420233463,0.0153268482490272,0.6382553687364741,0,1.77,0.6736292428198434,9.21
2013-01-01,8.611407383490139,0.0716546455599587,2025,10,22,155,528,83,46,46,-425,488,10,556,427,-689,1405,260,726,37,654,1985,2504,2504,650,0,682,0,1537,-414,116,-5768,88.65,-30.4,-406.1,-449.6,15.1,1033.7,0.0,-552.9,0.0,6640.5,-1004.4,76.7,36.6,70.0,-295.6,-523.7,300.0,-176.8,0.0,-829.8,0.0,0.0,0.1,-560.1,15.56,46.07,17.05,1.0,5.73,-0.49,16.74,15.0,258.38,634.22,21.46,26.37,56.31,42.66,0.79,0.0,0.28,348.6,1687,0.0,157,59,0.0,0,-4,4,10,-27,37,-85,47,-6,0.1254504203923662,20.84,61.85,3.258775510204082,5636,7493,31.6,0.0320936639118456,-18.45112041369121,2230,326,-177,92.30061349693251,200.0,0.7964049889948642,-5149,16.82,-1749.0,1.63,-1693,9158,3883.333333333333,0.1170817120622568,0.0119377431906614,0.0164007782101167,0.623533327785637,0,1.76,0.0,10.13
2013-04-01,9.553581166846326,-0.0164270553473193,2154,17,28,147,505,80,56,56,-425,485,17,556,427,-852,1288,260,929,77,606,2017,2498,2498,646,2,677,0,1537,-414,123,-6311,80.05,25.0,-353.7,-169.4,15.1,1033.7,0.0,-989.4,0.0,6640.5,-702.4,135.5,71.9,69.2,-356.3,-564.0,408.0,-267.4,0.0,-1447.5,0.0,0.0,0.1,-1121.7,17.16,44.95,16.65,0.25,5.7,23.77,15.93,15.26,304.56,1502.21,21.98,26.95,61.54,43.84,0.8,0.0,0.27,1760.3,1260,0.81,142,59,0.0,527,-4,4,7,7,37,-64,1,273,0.1418007265179035,21.61,67.63,5.116338207247298,5941,7708,33.87,0.0087684858002878,-21.79247950240317,2438,326,-177,92.50613496932516,210.3098591549296,0.8347417840375587,-5455,12.14,-1245.0,1.58,-1699,9404,28550.0,0.1173424124513619,0.012408560311284,0.016715953307393,0.6381322957198443,0,1.77,0.602974828375286,11.1
2013-07-01,10.47449898568878,0.1625490910771819,2394,18,24,175,517,72,44,44,-425,468,18,675,455,-213,1363,260,875,-178,463,2205,307,2388,636,3,666,26,1796,-414,135,-7326,97.74,-5.1,-309.7,88.2,14.0,963.0,0.1,-2028.5,0.0,6640.5,-1008.6,253.8,-21.2,84.6,-786.6,-379.9,525.8,-369.6,0.0,-2544.4,0.0,0.0,0.1,-1121.7,16.05,41.96,17.8,1.0,5.69,24.62,13.62,15.19,435.97,1275.51,20.56,25.88,65.36,49.18,0.82,0.47,0.22,2933.5,1137,0.0,154,44,0.0,0,-2,2,7,7,37,-56,-23,238,0.1307641196013289,21.2,72.08,22.34615384615385,5634,7525,33.16,0.0325192096597146,-24.29770745883113,2350,326,-177,93.23312883435582,240.0604838709677,1.012701612903226,-5141,10.26,-888.5,1.45,-1608,10070,19680.0,0.1182645914396887,0.0127704280155642,0.0168871595330739,0.6353427895981087,26,1.7,0.0,9.59
2013-10-01,9.660330089363654,0.0099692952109469,2653,44,25,179,526,72,44,44,-425,488,22,675,455,-886,1529,140,874,-12,817,2169,2488,2488,634,3,663,26,1796,-414,142,-7915,58.17,-3.0,-273.1,-221.0,14.0,963.0,0.3,-541.3,0.3,5631.9,-1104.7,188.7,-205.5,32.7,-136.6,-298.9,206.7,-59.0,0.0,-721.5,0.0,0.0,0.1,-630.2,16.56,47.36,17.82,0.21,5.92,25.1,14.73,15.25,293.35,181.23,20.54,26.58,64.12,46.99,0.82,0.48,0.21,122.3,2309,0.93,145,44,0.0,591,-4,4,7,7,37,-60,-11,272,0.1375641025641026,21.87,70.7,2.773559322033898,4530,7800,33.28,0.0172143974960876,-28.56096667887221,2449,326,-177,93.63803680981594,235.1461038961039,1.060267857142857,-4015,11.03,-900.7,1.44,-1708,10201,36366.66666666667,0.1187782101167315,0.012976653696498,0.0170505836575875,0.6908156939155079,26,1.74,0.7278325123152709,10.36
2014-01-01,9.688206554604363,0.1250433434584308,2966,62,20,146,529,66,43,43,-425,514,31,675,455,-867,1632,114,792,-75,902,2203,2551,2551,633,3,662,26,1796,-414,148,-8491,75.46,-74.0,-275.6,-822.8,14.0,963.0,0.6,-1167.9,0.6,5631.9,-1951.6,418.0,-355.1,83.0,-608.1,-147.3,436.0,-135.1,0.0,-1460.8,0.0,0.0,0.1,-630.2,15.43,48.23,17.24,1.0,4.99,23.98,13.32,14.41,218.79,292.38,21.22,25.34,49.6,33.31,0.76,0.46,0.2,338.5,3559,0.0,149,44,0.0,0,-4,4,8,8,37,-51,-5,228,0.1256772829390776,19.17,54.16,1.563476934807472,3683,7567,31.28,0.009875884158548,-27.45645863570392,2230,326,-177,93.86503067484662,210.2617602427921,1.085546282245827,-3142,10.13,-1618.1,1.46,-1767,10871,23775.0,0.114432404158959,0.0108887159533073,0.0156355425145117,0.7115854805341358,26,1.76,0.0,11.36
2014-04-01,9.02860376297105,-0.0549508498129579,3109,55,20,158,517,66,70,70,-425,542,28,675,455,-706,1513,58,986,280,915,2134,2622,2622,631,3,660,27,1796,-414,152,-8850,82.7,-50.1,-498.4,-544.9,14.0,963.0,0.7,-1414.1,0.7,5631.9,-1583.0,635.0,-294.0,87.7,-671.1,-238.1,653.0,-220.4,0.0,-1901.9,0.0,0.0,0.0,-1254.9,17.33,47.63,17.43,0.28,4.91,25.01,15.2,14.24,274.77,1363.26,21.0,24.9,48.78,33.15,0.75,0.43,0.21,1616.5,3590,0.93,162,44,0.0,588,-4,4,8,8,37,-64,-6,294,0.1429611650485437,18.75,53.28,1.72659793814433,4052,8240,32.79,0.0690192008303061,-16.53290529695024,2536,326,-177,95.49693251533742,203.4445832589684,1.046930763740186,-3483,11.4,-1467.0,1.46,-1835,11065,39300.0,0.1114565797027492,0.0104156535051349,0.0150575365184665,0.7400089806915132,27,1.75,0.6666666666666666,10.7
2014-07-01,8.908469244491034,-0.1495087968729959,3347,28,24,199,545,69,67,67,-531,553,28,608,482,-16,1317,56,922,50,562,2154,320,2546,628,3,657,26,2164,-325,158,-9423,100.03,72.5,-704.5,-138.6,17.6,963.0,0.5,-2000.9,0.5,5631.9,-710.6,758.2,-343.4,89.9,-734.5,10.4,776.3,-321.9,0.0,-2559.4,0.0,0.0,0.0,-1254.9,15.99,45.86,18.25,1.0,5.64,30.14,13.99,14.32,202.7,1649.21,20.06,24.7,50.22,32.97,0.74,0.43,0.21,3164.2,2811,0.0,164,187,0.0,0,-5,5,8,8,37,-59,6,328,0.1306398935526793,18.25,55.02,2.16919959473151,4924,8267,31.74,0.0986046511627907,-11.73456352022711,2469,398,-223,93.18546721336745,212.8053035589672,1.05129099790649,-4344,9.77,-994.8,1.46,-1753,11758,35966.66666666667,0.1092813420935128,0.0101031192192383,0.0147664476621802,0.6944724462365591,27,1.72,0.0,10.21
2014-10-01,9.202658944739104,-0.047376346397155,3634,32,27,208,525,94,60,60,-527,535,32,608,482,1,1447,67,944,-97,559,2151,742,742,627,2,654,27,2164,-515,164,-9984,50.57,-95.2,-225.5,421.7,17.6,963.0,0.1,-474.1,0.1,4921.3,-449.0,17.7,-243.7,-13.3,-37.4,-53.3,17.7,-51.9,0.0,-670.2,0.0,0.0,0.0,-639.5,17.15,48.23,17.01,0.23,6.5,25.15,15.1,14.43,422.52,872.9,21.52,25.81,52.82,34.47,0.74,0.45,0.2,821.0,1245,1.02,167,51,0.0,639,-3,3,10,10,37,-61,-3,300,0.1422749610451876,19.07,58.05,2.474395047833427,4475,8343,32.16,0.0696153846153846,-36.99778270509978,2539,389,-210,90.70638761647751,221.6566320014596,1.104341481211237,-3913,11.3,-84.3,1.42,-2,11928,16971.42857142857,0.1062852459016393,0.0099049180327868,0.0144163934426229,0.7207152729785764,27,1.79,0.7163677130044843,10.61
2015-01-01,9.202780025410286,-0.0501048905654655,4056,47,216,178,513,95,50,50,-523,559,24,608,482,58,1518,33,915,-218,578,1691,728,728,626,3,653,27,2164,-668,169,-10462,80.91,-39.1,-211.0,-192.8,17.6,963.0,0.3,-961.6,0.3,4921.3,-859.9,153.6,-389.5,9.5,-117.5,152.4,153.6,-133.4,0.0,-1270.8,0.0,0.0,0.0,-639.5,15.66,46.98,16.65,1.0,6.27,26.05,13.41,14.44,261.47,301.29,21.99,26.75,49.27,32.2,0.73,0.42,0.21,1040.8,2175,0.0,152,41,0.0,0,-4,4,9,9,37,-52,-22,262,0.1287191124558749,19.66,53.99,1.558074642483432,4064,7932,29.9,0.0482357605391832,-37.59241706161137,2241,381,-219,88.31362881255501,183.6254381572358,0.99883158070439,-3478,9.92,-929.5,1.47,-2,12615,20420.0,0.1036318344170712,0.0096350856305522,0.0141503159630002,0.7205668604651163,27,1.85,0.0,11.02
2015-04-01,9.857890238941094,0.0918510212366601,4206,47,258,191,506,93,44,44,-520,555,24,608,482,26,1493,56,1114,-138,477,1683,754,754,624,2,651,27,2164,-758,173,-10898,112.76,14.9,-313.5,181.7,17.6,963.0,0.5,-1292.6,0.5,4921.3,-895.1,287.3,-281.7,-25.0,-428.9,50.8,287.3,-247.0,0.0,-1789.0,10.6,0.0,0.0,-1276.8,17.39,48.49,17.28,0.13,5.94,24.9,14.57,14.28,297.25,1413.36,21.18,25.75,47.83,29.33,0.73,0.42,0.18,2340.6,2150,1.02,153,46,0.0,689,-4,4,6,6,37,-57,-4,282,0.144773413897281,18.92,52.4,1.563066202090592,4029,8275,32.49,0.004247572815534,-26.39553429027113,2525,420,-239,82.73993614530406,192.8269328370834,1.055489764845204,-3446,10.94,-532.6,1.4,-2,12741,56700.0,0.099729966114113,0.0091742742009341,0.0134523399578716,0.7475158084914183,27,1.8,0.8105882352941176,11.74
2015-07-01,11.67679583015689,0.3107522190052772,4517,16,258,91,524,81,45,45,-524,514,16,608,482,-33,611,81,1031,-379,500,1838,311,2451,627,2,650,26,2164,-854,178,-11472,144.99,113.5,-427.1,586.5,14.8,1433.5,0.7,-1898.8,0.7,4921.3,-560.5,442.5,-400.5,-27.4,-775.4,211.6,442.5,-395.0,0.0,-2453.0,10.6,0.0,0.0,-1276.8,16.07,48.04,19.09,1.0,5.78,27.12,13.71,14.21,285.39,1504.59,19.17,24.41,47.19,29.08,0.74,0.41,0.12,3697.1,3683,0.0,174,41,0.0,0,-4,4,8,8,37,-50,-16,293,0.1306634787806336,18.12,51.47,1.386202648598706,4363,8365,31.75,0.0118543607112615,-19.58557714820885,2504,465,-236,79.95782667321241,196.7557874144115,1.223182262797522,-3822,9.99,189.1,1.26,-1649,13470,27350.0,0.0959909698690356,0.0089373660591629,0.0129705009616265,0.7817757009345795,27,1.72,0.0,11.29
2015-10-01,10.83159920714751,0.1770075662034203,4857,37,45,120,533,88,44,44,-520,505,19,608,482,-1,1521,51,999,-489,516,1876,2488,2488,626,3,649,26,2164,-968,183,-12048,93.83,-64.5,-380.0,418.5,14.8,1433.5,0.2,-475.5,0.2,4360.8,-1287.6,50.3,-224.9,0.0,-611.7,-63.8,50.3,-94.8,0.0,-657.8,0.0,0.0,0.0,-720.7,17.51,51.07,17.52,0.16,4.72,29.28,15.33,14.27,301.4,643.26,20.89,24.97,48.93,29.26,0.73,0.43,0.12,548.5,4794,1.1,154,40,0.0,687,-4,4,7,7,37,-50,4,360,0.1443420741790692,18.25,53.43,1.501573108130485,3076,8466,31.98,0.0147428982380439,-22.27894736842105,2563,523,-257,74.69790639913612,204.9313675648195,1.249322033898305,-2543,10.84,-437.8,1.25,-1684,13582,40700.0,0.0922849162011173,0.0084972067039106,0.012486033519553,0.796950014120305,28,1.75,0.7905638665132336,13.01
2016-01-01,9.329173921428971,0.0137343167683781,5330,56,44,122,730,83,61,61,-516,562,56,608,482,-11,1635,82,878,-642,528,1934,2550,2550,624,3,647,27,2164,-993,189,-12791,147.48,-75.3,-328.6,-641.9,14.8,1433.5,0.4,-1183.6,0.4,4360.8,-1326.1,-248.8,-383.3,-12.3,-127.8,309.7,304.8,-242.8,0.0,-1486.8,618.3,0.0,0.0,-720.7,15.87,48.53,17.64,1.0,5.07,13.73,20.42,16.02,239.5,364.2,20.74,28.83,52.78,35.94,0.77,0.39,0.17,764.6,5765,0.0,143,63,0.0,0,-5,5,7,7,37,-73,-21,223,0.1295700845540074,22.24,57.44,1.158942065491184,3037,8397,29.83,0.0586232980332828,-25.55386488131467,2370,532,-268,69.662843347807,166.412213740458,1.096447445684087,-2447,17.62,-1304.1,1.41,-1693,14916,82100.0,0.0919956791201117,0.0100227682728119,0.0139101198789571,0.7863095795486469,29,1.8,0.0,12.02
2016-04-01,9.834419495007758,-0.0023809094405028,5537,102,51,153,772,77,132,132,-510,579,51,608,482,25,1635,45,1110,-282,549,2004,2669,2669,623,3,645,27,2164,-906,192,-13218,92.33,-61.3,-595.3,-254.4,14.8,1433.5,0.6,-1439.1,0.6,4360.8,-862.9,-14.9,-449.3,-14.0,-211.4,339.1,538.7,-336.5,0.0,-1965.1,618.3,0.0,0.0,-1438.1,17.63,50.0,17.96,0.24,4.54,26.55,15.34,16.19,351.91,1593.99,20.38,28.64,53.31,36.94,0.77,0.37,0.18,2264.9,5731,1.1,151,43,0.0,685,-4,4,8,8,37,-53,-16,343,0.1456126658490356,21.96,57.99,1.19502601192742,3501,8969,31.89,0.0838670694864047,-15.06635309927768,2690,505,-291,67.72085843503001,169.2717833590571,1.068472007857443,-2893,11.27,-1102.5,1.42,-1785,15091,32650.0,0.0922379248137802,0.0101408286778398,0.0141435637802607,0.7747926744989634,29,1.77,0.7210526315789474,13.79
2016-07-01,9.450200414585222,-0.1906854798146924,2925,68,51,111,755,97,199,199,-810,634,68,903,517,68,845,28,1004,-657,479,1910,355,2687,621,3,643,24,2817,-920,34,-2592,158.71,72.6,-370.1,386.0,16.3,1425.5,-1.1,-2013.6,-1.1,4360.8,544.8,-144.4,-655.9,-102.3,-113.8,393.4,704.5,-496.6,0.0,-2605.0,814.5,0.0,0.0,-1372.2,16.36,46.8,19.69,1.0,5.43,22.49,17.19,17.04,302.43,2065.96,18.59,28.88,55.39,40.03,0.78,0.33,0.15,4170.8,4690,0.0,163,50,0.0,0,-4,4,9,9,37,-62,-37,328,0.1333928173098372,22.41,60.08,1.14893108802102,4908,8966,31.28,0.0718469814704123,-24.22588489597406,2656,510,-286,67.3120032800648,172.7862342819325,1.142686962276638,-4247,13.32,-332.8,1.35,-1730,7880,29800.0,0.0922209613594041,0.01086323033054,0.0149679061918063,0.7486639946559787,27,1.69,0.0,12.74
2016-10-01,9.793078078608715,-0.0958788364190484,3155,103,51,49,734,97,239,239,-798,617,51,903,517,54,820,102,994,-861,490,1699,2681,2681,621,3,642,25,2817,-1111,37,-2991,83.32,-103.4,-343.3,488.6,16.3,1425.5,0.1,-375.2,0.1,4905.6,-828.6,8.6,-71.6,-37.6,-605.1,-142.8,8.6,-84.6,0.0,-587.9,814.5,0.0,0.0,-750.1,17.84,50.48,18.01,0.25,5.81,20.39,15.63,17.09,436.99,1083.88,20.32,29.69,59.47,42.99,0.8,0.34,0.11,999.3,5415,0.0,154,46,0.0,750,-3,3,8,-130,-138,-55,132,271,0.1479013990672885,23.63,64.54,0.9640513272602604,4080,9006,32.06,0.0637845499645641,-26.23361491406933,2730,551,-299,67.46945036913978,175.6370500202238,1.223675340434138,-3435,12.44,-85.9,1.24,-1752,8114,1001.503759398496,0.0920260416666666,0.0111901041666666,0.0150260416666666,0.7922237860661506,27,1.74,0.7075471698113207,13.08
2017-01-01,9.227014143066604,-0.0109505706746136,3476,106,51,53,741,94,190,190,-805,651,53,903,517,94,959,34,875,-864,538,1549,2800,2800,620,3,641,25,2817,-1028,42,-3600,98.35,-74.0,-304.4,-716.9,16.3,1425.5,0.4,-1052.7,0.4,4905.6,-1666.7,289.9,-263.5,-41.6,-844.8,48.2,277.5,-189.0,0.0,-1403.6,814.5,0.0,0.0,-750.1,15.95,49.86,18.29,1.0,5.48,20.68,13.45,15.41,286.38,154.7,20.01,27.22,47.63,32.14,0.77,0.32,0.12,1049.6,6899,1.21,154,38,0.0,0,-4,4,9,29,20,-48,-32,231,0.1298790230540972,21.07,51.57,0.7852179406190777,3241,8762,30.11,0.0434679052042397,-28.78449408672799,2504,573,-317,66.97706429925302,152.1220492214967,1.169638372677047,-2563,10.67,-1313.2,1.29,-1832,8953,4504.0,0.0907753247549019,0.0097084926470588,0.0133994117647058,0.8140096618357487,27,1.77,0.0,13.47
2017-04-01,9.179899165691438,-0.0665540380546684,3682,102,51,65,693,88,199,199,-527,709,51,903,517,126,1079,37,1085,-250,524,1538,2956,2956,618,3,639,25,2817,-935,46,-4109,134.13,-29.7,-238.2,-458.5,16.3,1425.5,0.5,-1391.3,0.5,4905.6,-1523.4,1047.2,-374.3,-78.2,-1256.7,-25.9,582.2,-324.8,0.0,-1992.2,814.5,0.0,0.0,-1498.7,17.7,51.59,18.97,-0.12,5.6,19.4,9.86,13.99,380.63,1792.57,19.29,23.72,43.19,27.24,0.79,0.31,0.1,2706.4,7080,0.0,153,23,0.0,749,-4,4,9,98,89,-35,-93,170,0.147055680239393,18.76,46.84,0.7869799391148232,3385,9357,32.81,0.0432601181848588,-39.28211586901764,2910,643,-354,63.76876779308606,158.7659157688541,1.215868740051427,-2648,7.95,-909.5,1.22,-1915,8845,929.7872340425532,0.0894350245098039,0.0089466727941176,0.0120548406862745,0.8349991076209173,28,1.7,1.062411347517731,13.42
2017-07-01,8.72804143800654,-0.076417318670207,3516,41,51,137,663,88,212,212,-441,761,41,1429,562,115,1082,34,1095,-1,516,1587,393,3053,616,3,636,22,3707,-770,23,-1649,189.86,173.7,-73.3,-117.7,15.8,1288.8,-2.1,-1973.0,-2.1,4905.6,-778.7,1344.5,-415.6,-86.4,-1718.0,-26.9,883.4,-515.9,0.0,-2649.1,814.5,0.0,0.0,-1498.7,16.71,47.27,21.56,1.0,5.16,23.9,14.12,13.25,264.17,1941.88,16.98,21.32,38.52,23.59,0.79,0.26,0.1,4457.1,7142,1.21,191,42,0.0,0,-5,5,12,108,96,-51,-112,309,0.1345296131106732,16.79,41.75,0.8693373901284652,4130,9641,31.55,0.0752844077626588,-131.5279672578445,2887,710,-385,59.76724887565993,153.5195530726257,1.183707676835401,-3344,10.75,-444.1,1.23,-1912,7082,1262.135922330097,0.0887707720588235,0.0083557598039215,0.0112334558823529,0.7969744564768124,25,1.61,0.0,13.62
2017-10-01,9.42540140564857,-0.0375445462610241,3755,79,51,121,688,75,227,227,-434,791,39,1429,562,97,1163,33,1188,53,497,1652,3123,3123,615,1,635,22,3707,-797,26,-2047,131.46,-220.0,-587.2,451.2,15.8,310.7,0.1,-323.4,0.1,4126.9,-445.1,208.2,-154.1,-38.5,-125.6,-110.2,208.2,-133.4,0.0,-563.1,0.0,0.0,0.0,-817.2,17.51,50.52,17.36,0.27,4.44,20.45,15.12,12.73,318.29,1005.84,21.08,22.01,39.8,24.2,0.79,0.25,0.11,872.5,7803,0.0,106,49,0.0,817,-5,5,11,2,-10,-65,-1,306,0.1515580736543909,17.34,43.15,0.8032985323044334,3682,9884,31.0,0.0974905618476571,-16.83242506811989,3064,692,-394,57.7056582836727,152.4060646011866,1.172269830806416,-2866,12.02,-585.9,1.25,-1964,7339,49933.33333333333,0.0885741176470588,0.0083858823529411,0.0112894117647058,0.8033159947984395,25,1.73,0.6871320437342304,14.83
2018-01-01,9.96288321846158,0.0797515928755705,4267,72,51,126,657,96,219,219,-427,756,36,1429,562,34,1175,48,885,-184,503,1728,3239,3239,618,3,637,26,3707,-676,29,-2552,128.67,-179.4,-467.5,-543.6,15.8,666.4,0.3,-983.9,0.3,4126.9,-531.8,567.5,-287.6,-81.4,-338.4,248.0,567.5,-266.2,0.0,-1367.1,0.0,0.0,0.0,-817.2,15.31,48.57,17.25,1.0,4.79,15.15,12.56,12.53,337.51,924.06,21.22,22.7,37.71,24.48,0.8,0.28,0.13,1663.6,8571,1.33,107,37,0.0,0,-4,4,9,66,56,-56,-113,189,0.130891109092744,18.2,42.23,0.7066580478345185,3598,9909,28.86,0.1309061858023282,-21.19572192513369,2860,729,-415,56.00680235968588,138.903232469276,1.120313952287514,-2814,10.66,-1257.6,1.31,-2042,8149,2090.322580645161,0.0895458823529411,0.0082941176470588,0.0114635294117647,0.8065934065934066,29,1.81,0.0,15.74
2018-04-01,10.06030682136513,0.0959060268291502,4934,85,51,132,636,94,209,209,-429,355,42,1429,562,-10,958,53,1111,-235,472,1938,3257,3257,641,3,642,26,3707,-907,33,-3201,172.43,-132.6,-652.3,7.5,15.8,1133.6,-0.5,-1420.4,-0.5,4126.9,-198.0,796.0,-242.0,-85.4,-434.8,258.0,796.0,-439.8,0.0,-2087.3,14.3,0.0,0.0,-1671.1,17.52,46.34,17.04,0.21,5.11,31.84,15.08,13.78,279.99,1987.54,21.48,25.43,41.68,27.49,0.77,0.28,0.12,3477.6,8357,0.0,102,7,0.0,854,-6,6,13,-72,-84,-15,55,513,0.152875175315568,19.5,46.1,0.7418539871736737,3932,10695,31.15,0.1429945495351075,-16.39583013950636,3332,688,-434,56.99976096578375,137.3035313329251,1.114014494232928,-3548,10.28,-660.5,1.29,-2028,8297,2096.153846153846,0.0908300653594771,0.008992331154684,0.0129691503267973,0.8669044338169734,29,1.85,0.7770700636942676,14.42
2018-07-01,10.08774143541196,0.1557852362483712,4871,23,51,126,618,95,216,216,-419,360,23,1429,562,-84,1025,76,1235,-344,499,2017,3126,3126,639,3,640,20,3707,-1075,24,-2117,179.38,-168.0,-710.8,646.4,15.8,1373.2,-4.2,-1885.9,-4.2,4126.9,934.5,984.5,-510.1,-147.8,-630.4,365.3,984.5,-619.2,0.0,-2639.1,20.2,0.0,0.0,-1671.1,16.23,45.75,18.45,1.0,4.88,28.03,13.87,14.17,285.21,2109.26,19.83,24.64,39.78,26.58,0.76,0.23,0.14,5407.5,7636,1.33,192,2,0.0,0,-5,5,23,-54,-76,-19,46,408,0.13994668697639,18.64,43.88,0.7983488970090675,5065,10504,30.82,0.0895135359402552,-14.77771525042206,3238,687,-449,58.71055293740972,135.8803666184274,1.048046309696093,-4680,9.98,-193.2,1.34,-1862,7952,2491.525423728814,0.0910298910675381,0.0090433986928104,0.0131129411764705,0.7731488296776093,25,1.74,0.0,15.19
2018-10-01,8.26930411074776,-0.1226576190386937,5177,53,51,136,601,87,232,232,-399,377,26,1429,562,4,1150,25,1343,-135,523,1914,3172,3172,637,3,638,20,3707,-1084,28,-2748,72.89,-14.5,-536.9,81.1,15.8,297.2,-0.4,-522.1,-0.4,5061.4,-697.6,204.3,-155.8,-8.2,-195.2,-3.5,204.3,-77.7,0.0,-788.3,0.4,0.0,0.0,-931.5,17.36,51.04,16.87,0.27,5.1,19.82,15.19,14.2,361.6,1027.51,21.69,23.85,36.75,23.9,0.76,0.19,0.13,949.8,10681,0.0,103,2,0.0,931,-5,5,20,-29,-49,-17,15,319,0.15359230624175,18.1,40.3,0.6524561783163817,4367,10606,31.09,0.0730473492513152,-19.75414416092382,3297,697,-416,59.64395869785291,110.6483672503549,1.038409969240476,-3966,12.18,-677.1,1.33,-1929,10384,4791.176470588235,0.0908801742919389,0.0091764705882352,0.0131372549019607,0.7833087149187592,25,1.68,0.721146398140976,14.57
2019-01-01,7.245270822734957,-0.2727736877102795,5783,41,51,140,607,90,229,229,-392,392,21,1429,562,-32,1214,43,955,-512,548,1871,3310,3310,638,3,639,20,3707,-1042,32,-3358,144.6,28.7,-481.9,-555.9,15.8,645.4,-0.9,-1349.9,-0.9,5061.4,-596.5,513.9,-282.6,-11.9,-507.1,429.2,513.9,-217.5,0.0,-1796.1,1.8,0.0,0.0,-931.5,15.36,50.11,17.71,1.0,5.62,17.11,13.16,14.33,246.77,1359.65,20.66,23.97,37.06,23.7,0.76,0.18,0.13,2169.7,11363,1.46,111,2,0.0,0,-6,6,19,-10,-29,-16,5,236,0.1325808303041898,18.13,39.21,0.6141266178388682,4468,10454,29.22,0.0550005045917851,-21.69329736459846,3054,732,-443,60.33278687028763,105.3685236559946,1.016495463747469,-4052,10.91,-940.4,1.35,-2027,11422,9246.666666666666,0.0905399064774961,0.0095786704925872,0.0131328311812529,0.7557290537121376,24,1.67,0.0,14.07
2019-04-01,8.05898728760911,-0.1989322561719301,6059,20,51,149,572,87,235,235,-386,406,20,1429,562,64,1235,18,1196,-271,588,1873,3416,3416,637,3,638,20,3707,-1145,35,-3761,140.26,94.1,-493.7,-68.0,15.8,1052.5,-1.0,-1530.1,-1.0,5061.4,-292.2,771.2,-373.1,-23.3,-1022.0,326.5,771.2,-357.7,0.0,-2284.6,27.9,0.0,0.0,-1861.7,17.47,48.55,18.28,0.26,5.25,25.56,15.35,14.41,321.23,2123.54,20.02,23.92,38.56,23.93,0.77,0.17,0.13,4153.0,11533,0.0,109,2,0.0,930,-5,5,21,11,-10,-19,-19,436,0.1547747747747748,18.48,39.76,0.6238310708898944,4772,11100,31.79,0.0378681626928472,-22.48328944703261,3528,844,-469,57.93938749852526,104.9646938924074,1.020164519181772,-4343,11.43,-566.7,1.34,-2075,11709,28633.33333333333,0.089800228492481,0.0098469897444072,0.0130626095966842,0.7848960543063216,24,1.66,0.7328605200945626,16.22
2019-07-01,8.3802889720808,-0.1692601336248893,5804,71,51,133,565,86,240,240,-672,419,71,1429,562,39,1225,51,1412,-429,560,1985,3347,3347,636,3,636,16,3707,-1208,19,-1388,241.26,177.2,-526.3,386.9,15.8,1587.3,-4.8,-1842.7,-4.8,5061.4,1065.5,1005.7,-489.8,-58.0,-1156.6,593.5,1005.7,-599.0,0.0,-2691.1,28.0,0.0,0.0,-1861.7,16.39,47.69,18.33,1.0,4.68,26.6,14.12,14.47,209.78,2116.25,19.96,23.05,37.48,23.55,0.78,0.15,0.15,6027.9,10757,1.46,118,1,0.0,0,-7,7,27,4,-24,-15,-7,415,0.1421852387843705,17.87,38.58,0.6855869080628499,6130,11056,31.07,0.0525514089870524,-21.00703021090633,3435,841,-499,55.79597674644008,106.7457838850718,0.9951419251856478,-5689,10.36,-21.4,1.4,-1956,10422,39275.0,0.0893872416175142,0.0098997289972899,0.0130530846484935,0.7155523914309754,23,1.59,0.0,17.71
2019-10-01,8.002686787128521,-0.0322418089900347,6162,58,51,145,585,92,279,279,-664,434,58,730,545,53,1215,24,1526,-255,565,4425,3483,3483,635,3,636,16,3362,-1170,22,-1977,95.06,-61.9,-436.9,-261.6,15.8,292.8,-0.6,-428.8,-0.6,6126.9,-316.3,154.0,-101.1,-11.1,-70.8,-401.7,154.0,-95.1,0.0,-729.2,39.2,0.0,0.0,-507.7,17.48,51.36,17.73,0.63,4.42,23.63,15.85,14.65,322.85,786.91,20.64,21.52,34.0,24.59,0.77,0.13,0.13,691.8,12009,0.8,97,2,0.0,508,-5,5,27,-29,-57,-18,68,425,0.1556475041817061,16.47,34.92,0.5679153812252093,5814,11359,32.11,0.0709975485574203,-25.9990844586862,3648,829,-540,54.28138465522718,118.7050834047603,1.158106415243621,-5360,12.11,-1178.3,1.39,-2096,11236,5048.571428571428,0.0893678861788618,0.009880081300813,0.0130955284552845,0.7278610790721517,20,1.47,0.3694545454545455,17.27
2020-01-01,8.475939052951361,0.1698581406170059,6885,57,51,167,630,94,284,284,-654,446,57,796,377,68,1447,22,1096,-707,598,4414,3617,3617,637,4,638,13,3390,-1218,25,-2571,165.37,-121.0,-320.7,-831.6,15.8,796.2,-0.4,-1198.9,-0.4,6126.9,-690.4,477.9,-438.5,-19.9,-502.7,32.8,477.9,-260.4,0.0,-1699.3,79.2,0.0,0.0,-1018.3,15.67,50.43,17.88,0.59,5.07,17.06,13.55,14.72,173.8,1530.64,20.47,21.6,33.63,20.98,0.77,0.12,0.13,2057.1,12809,0.8,123,2,0.0,511,-9,9,21,20,-1,-17,9,257,0.1336384850116676,16.56,34.51,0.5415356610954823,5440,11142,30.15,0.0658121293284867,-34.74275023386343,3359,908,-563,52.27088900033202,116.5115677911335,1.169499192245557,-4974,11.24,-1716.2,1.38,-2192,11868,13536.36363636364,0.0901396815450367,0.0100362399177351,0.0132191105112632,0.7232716650438169,20,1.47,0.40814696485623,15.19
2020-04-01,6.776133919715518,-0.1591829496822772,7190,53,51,208,639,94,271,271,-643,469,53,931,180,-33,1355,47,1338,-657,606,4656,3684,3684,636,4,637,60,3443,-1318,28,-3085,149.98,-245.7,-96.4,-475.2,15.8,993.8,-0.2,-1476.4,-0.2,6126.9,315.4,795.2,-483.8,-31.1,-1237.8,196.2,795.2,-410.4,0.0,-2326.0,84.9,0.0,0.0,-1527.9,17.89,49.93,17.77,0.59,5.01,25.47,15.29,14.71,345.24,2741.47,20.6,20.73,32.36,23.02,0.77,0.42,0.12,4648.6,12470,0.8,119,2,0.0,508,-5,5,13,-4,-17,-24,-23,428,0.1558547902829588,15.9,33.28,0.5449318835145607,6446,10991,32.1,-0.0098198198198198,-114.0145228215768,3529,1032,-594,49.76942403100912,118.9146996378169,1.180830471433032,-5908,11.4,-1030.5,1.37,-2239,12566,19033.33333333334,0.0893000498087984,0.0099224669815868,0.0131126160866351,0.6807258763780503,69,1.41,0.4054269752593775,16.98
2020-07-01,8.13871891190757,-0.0288259821323617,7167,43,51,180,691,95,325,325,-615,499,43,623,771,64,1393,47,1585,24,617,4824,3859,3859,634,94,635,54,3424,-1010,24,-2566,188.72,-359.7,721.5,-7.8,15.8,1360.0,-6.7,-1960.5,-6.7,6126.9,2288.5,953.9,-503.5,-46.6,-1295.4,226.1,953.9,-599.1,0.0,-2915.8,230.4,0.0,0.0,-2035.2,16.97,47.75,18.07,0.61,4.92,26.8,16.46,15.28,109.79,3156.13,20.26,20.26,31.67,19.57,0.77,0.35,0.14,7616.0,11520,0.8,143,2,0.0,509,-14,14,8,8,-17,-17,245,478,0.1425934471619751,15.51,32.52,0.5848184225883198,8510,10835,31.75,-0.0199891461649782,15.01732501732502,3441,1029,-653,47.15280999963132,118.0989353567437,1.136933121581083,-7949,12.05,131.8,1.4,-2314,12376,25750.0,0.0882415485716122,0.0101711735595616,0.0129728863395353,0.6104225352112677,62,1.33,0.3900383141762452,19.2
2020-10-01,8.19833229297736,0.0244474775850922,7551,45,51,201,668,97,87,299,-604,520,45,623,771,68,1401,47,1722,242,589,4886,3922,3922,634,83,634,60,3424,-943,27,-3164,93.12,148.5,-594.5,48.4,15.8,344.6,-0.1,-430.0,-0.1,8415.3,178.7,207.5,-18.1,-11.9,-353.3,-194.9,207.5,-93.1,0.0,-768.9,149.0,0.0,0.0,-557.4,18.48,51.5,18.57,0.63,5.26,23.39,16.89,15.56,213.54,1602.85,19.71,19.49,30.95,19.15,0.77,0.37,0.15,1509.7,12400,0.88,134,2,0.0,557,-9,9,11,11,-17,-22,94,465,0.1606869580003401,14.93,31.75,0.543897742635913,8677,11762,33.14,0.0354784752178889,-19.78469301934399,3898,1081,-687,44.33142538613513,113.7160728247515,1.096889484559111,-8089,12.94,-575.8,1.45,-2415,13277,94550.0,0.088399209486166,0.0103774703557312,0.0131185770750988,0.6314828734027703,69,1.25,0.3659658344283837,20.2
2021-01-01,8.861404517568559,0.0454776116497648,8389,44,51,241,685,97,125,306,-594,534,44,623,771,28,1665,47,1207,-203,572,4833,4023,4023,636,4,636,59,3424,-844,29,-3914,92.51,364.5,-686.9,350.6,15.8,746.2,-0.7,-1406.4,-0.7,8415.3,751.2,476.0,-339.4,-21.2,-700.1,78.8,476.0,-185.6,0.0,-1953.5,410.1,0.0,0.0,-1117.8,15.95,49.93,19.15,0.61,5.86,17.08,14.58,15.79,185.33,2534.72,19.11,19.63,31.48,19.67,0.77,0.36,0.14,3951.9,12464,0.88,119,2,0.0,560,-9,9,8,8,-17,-21,109,301,0.1367471872931833,15.08,32.31,0.5383610968226962,9170,12088,29.74,0.0849039669718183,-17.5979036249818,3595,1209,-736,42.05884601628419,118.4017915665283,1.115577889447236,-8567,12.09,-252.5,1.39,-2522,14036,165400.0,0.085751241512111,0.0102460537650755,0.0128265303537042,0.6179643167527222,68,1.24,0.3832991101984942,19.9
2021-04-01,9.06642194742151,0.3379933240460729,8756,40,51,278,699,97,141,327,-583,551,40,623,771,98,1658,47,1482,222,627,5017,4091,4091,634,4,635,62,3424,-776,32,-4639,158.21,522.1,-1312.0,915.4,15.8,1090.7,-1.3,-1848.9,-1.3,8415.3,1594.1,776.2,-369.9,-32.1,-1114.6,-83.8,776.2,-343.8,0.0,-2788.5,409.8,0.0,0.0,-1676.3,18.11,49.3,18.7,0.64,5.02,25.04,15.79,15.91,73.72,2401.15,19.57,19.76,31.9,20.33,0.77,0.36,0.15,6194.9,12728,0.88,125,2,0.0,558,-29,29,5,5,-17,-20,0,524,0.1596803377563329,15.18,32.69,0.572188268910231,10014,13264,33.21,0.2068055681921572,-10.10975609756098,4404,1217,-776,42.30758401734156,117.7790415137259,1.084630098743732,-9392,11.83,-135.8,1.42,-2552,15004,8829.166666666668,0.0852863078950035,0.0103015480895915,0.0128369881929664,0.6272877748876803,71,1.24,0.3554140127388535,21.37
2021-07-01,9.952282328318333,0.2228315581408493,8618,38,51,244,700,95,145,330,-560,568,38,673,757,116,1766,47,1751,331,744,5057,4052,4052,632,4,633,53,3441,-975,25,-3408,236.3,825.5,-1471.6,1445.0,36.1,1566.8,-7.8,-2637.3,-7.8,8415.3,-247.2,1000.1,-591.8,-47.6,-3729.6,-286.5,1000.1,-580.1,0.0,-3703.1,413.6,0.0,0.0,-2233.6,16.69,44.24,19.41,0.61,3.86,25.05,14.29,15.36,150.94,2436.43,18.86,19.34,31.56,20.11,0.77,0.33,0.09,8395.0,14640,0.88,134,2,0.0,557,-13,13,10,10,-17,-21,-38,480,0.1459125121096952,14.93,32.34,0.5827981651376147,8172,13419,33.28,0.2384863867097369,-9.118646371296547,4466,1711,-804,39.62072558857304,121.0752688172043,1.203799477699831,-7539,10.71,32.3,1.25,-2412,13989,65300.0,0.0853780721090503,0.0100253243133677,0.012923051586095,0.6823104693140795,66,1.26,0.3876130828114127,24.79
2021-10-01,10.7880611752202,0.3158848397083376,9098,42,51,320,702,90,149,326,-573,585,42,673,757,62,1857,47,1931,224,745,5083,4121,4121,632,7,633,56,3441,-1196,26,-4080,181.67,-58.6,-1354.2,-277.0,36.1,387.2,-3.4,-436.2,-3.4,8168.2,-2531.1,295.2,-220.5,-17.2,-1730.9,-333.5,295.2,-181.7,0.0,-845.4,0.1,0.0,0.0,-612.5,18.33,48.24,18.74,0.66,3.14,24.37,16.08,15.22,217.68,530.87,19.53,19.97,31.62,20.43,0.77,0.31,0.08,349.2,18075,0.97,139,2,0.0,613,-11,11,6,6,-17,-29,-23,586,0.1627129969929836,15.35,32.4,0.5359146841673503,5644,14965,32.85,0.2723176330556027,-11.05080490326392,4917,1945,-834,36.43414694221827,114.5875300938437,1.230924188080381,-4994,12.16,-2054.7,1.22,-2467,15111,48680.0,0.0861153846153846,0.0099310897435897,0.0130865384615384,0.803619374932875,65,1.31,0.3368131868131868,24.73
2022-01-01,11.08288056690566,0.2506911906496108,10066,39,51,336,747,76,156,337,-563,597,39,673,757,74,2122,47,1439,-237,767,5183,4235,4235,633,6,634,52,3441,-1186,29,-5297,164.66,-45.5,-1800.3,-541.5,36.1,874.4,-8.9,-1836.8,-8.9,8168.2,-2702.1,801.8,-610.7,-32.0,-1838.8,136.4,801.8,-346.3,0.0,-2538.7,3.6,0.0,0.0,-1228.5,15.92,46.65,18.93,0.62,3.33,19.16,13.63,14.94,183.81,2155.49,19.34,20.09,32.1,20.83,0.77,0.29,0.08,2340.0,18653,0.97,150,2,0.0,616,-11,11,7,7,-17,-23,-7,393,0.1370372831793713,15.38,32.89,0.5510814024488222,5472,15047,30.07,0.2447882197220383,-8.358051435871799,4524,1844,-926,34.59577950996308,115.5544747081712,1.222422178988327,-4814,11.02,-2606.2,1.23,-2578,16028,51550.0,0.0667435897435897,0.0076217948717948,0.0104358974358974,0.7843106593692989,61,1.35,0.3715319662243667,20.78
2022-04-01,9.211230605139775,0.0159719742317363,10534,36,51,365,734,81,159,332,-553,623,36,673,757,17,2081,47,1754,-200,716,5078,4291,4291,632,4,633,52,3441,-1418,32,-6122,194.62,142.3,-2594.6,489.7,36.1,1264.6,-11.5,-2311.0,-11.5,8168.2,-1464.6,1219.6,-713.6,-45.4,-2311.1,25.2,1219.6,-540.9,0.0,-3510.9,3.6,0.0,0.0,-1841.6,19.35,47.07,19.54,0.75,3.86,27.07,15.44,14.88,216.03,3064.66,18.73,20.11,31.71,21.57,0.76,0.27,0.1,5210.1,18365,0.97,414,2,0.0,450,-12,12,9,9,-17,-33,-9,675,0.1610867009097098,15.27,32.55,0.5826391792364841,6708,16159,32.89,0.2182599517490953,-6.227934941802205,5315,1821,-999,32.57054348201019,115.5079713871616,1.172892608350087,-6025,11.26,-2290.7,1.27,-2625,17177,83566.66666666666,0.0454871794871794,0.005139423076923,0.0070400641025641,0.7691831683168316,60,1.35,0.2473886750962067,17.6
