Date_x,"BPS(지배, Adj.)(원/주)",BPS증가율(YoY)(비율),"BS_Accounts Receivable - Trade, Gross",BS_Additional Paid-In Capital,BS_Cash & Equivalents,BS_Compensation Rate - Domestic,BS_Construction in Progress - Gross,BS_Earnings Quality Score,BS_Expected Rate of Return - Domestic,BS_Income Taxes Payable,BS_Land/Improvements - Gross,BS_Long Term Investments,BS_Notes Receivable - Short Term,BS_Number of Common Shareholders,BS_Other Current Assets,BS_Other Current Liabilities,"BS_Other Equity, Total",BS_Other Long Term Assets,"BS_Other Long Term Assets, Total",BS_Other Long Term Liabilities,BS_Pension Benefits - Overfunded,BS_Pension Benefits - Underfunded,BS_Prepaid Benefits - Domestic,BS_Provision for Doubtful Accounts,BS_Receivables - Other,BS_Restricted Cash - Current,BS_Total Common Shares Outstanding,BS_Total Funded Status,CAPEX(천원),CF_Accounts Payable,CF_Cash from Financing Activities,"CF_Investment, Net",CF_Net Changes in Working Capital,CF_Options Exercised,CF_Other Financing Cash Flow,CF_Other Investing Cash Flow,CF_Other Non-Cash Items,CF_Purchase of Fixed Assets,CF_Purchase of Investments,CF_Sale/Maturity of Investment,CF_Total Cash Dividends Paid,CF_Unusual Items,EBITDA2증가율(YoY)(비율),"EPS(지배, Adj.)(원/주)",EPS증가율(YoY)(비율),"FS_Accounts Receivable Turnover, TTM","FS_Average Receivables Collection Days, TTM",FS_Dividend Coverage - %,"FS_Dividend Yield - Common Stock - Net - Issue Specific - %, TTM.2","FS_Dividend Yield - Common Stock - Net - Issue Specific - %, TTM.3",FS_Free Cash Flow Net of Dividends,FS_Income Tax Rate - %,FS_Income before Tax Margin - %,"FS_Income before Tax Margin - %, TTM",FS_Market Capitalization,FS_Net Cash Flow from Operating Activities,FS_Operating Profit before Non-Recurring Income/Expense,"FS_Reinvestment Rate - %, TTM",FS_Shares used to calculate Diluted EPS - Total,"FS_Tax Complement, TTM",Free Cash Flow2(천원),Gross Investment (GI),"IS_Amort of Intangibles, Supplemental",IS_Compensation Rate - Domestic,IS_Current Tax - Domestic,IS_Deferred Tax - Domestic,IS_Deferred Tax - Total,IS_Expected Rate of Return - Domestic,IS_Income Tax - Total,IS_Interest/Invest Income - Non-Operating,"IS_Other, Net",IS_Provision for Income Taxes,"IS_Rental Expense, Supplemental","IS_Research & Development Exp, Supplemental",IS_Selling/General/Administrative Expense,IS_Total Plan Expected Return,IS_Total Plan Interest Cost,IS_Total Plan Other Expense,IS_Total Plan Service Cost,IS_Unusual Expense (Income),ROE(지배)(비율),ROGI(%),단기투자자산,매입채무회전율,매출액(천원),매출액이익률(비율),매출액증가율(YoY)(연도),매출총이익(천원),무형자산회전율s,부채비율(비율),비유동비율(천원),순부채(천원),순이익률(비율),순이익증가율(YoY)(비율),영업이익증가율(YoY)(연도),운전자본증감(천원),유동비율(비율),유형자산감상비 누계,인당매출s,인당영업이익s,자기자본비율,자본금(천원),재고자산회전율(비율),투자비 대비 매출 (Rev/GI)s,EV_EBITDA
2003-07-01,10.30659964554522,0.2678926037443052,307,206,304,0.051,14,92,0.082,139,28,102,46,378455,255,158,0,77,7,14,11,38,0,-4,180,50,4240,0,15.82,-3.3,-22.2,-97.0,-4.8,1.1,-62.2,10.2,-8.1,-28.8,-388.7,0.0,-23.3,0.0,0.2536231884057973,0.98,0.4202898550724639,3.04,120.27,313.23,0.65,0.44,65.0,16.62,31.34,31.12,6573.09,80.81,69.24,31.25,66.82,0.83,117.6,589,7.7,0.051,64.8,-0.8,-1.0,0.082,28.6,3.4,9.3,13.1,2.0,3.1,38.1,-1.2,1.0,-0.3,2.7,0.0,37.91,0.5088353413654618,304,129.6,250.7,42.81,0.381267217630854,121.1,90.0,21.29380053908356,0.3840970350404312,-293,26.13,0.4146868250539957,0.2226148409893993,-17.9,3.89,-151,0.0627261948286968,0.0177303617376256,82.44444444444444,7,0.4076422764227642,1.798146972037844,17.93
2003-10-01,10.54977570468004,0.1298050095616876,307,206,355,0.051,18,92,0.082,139,28,135,46,378455,255,185,0,77,7,14,11,38,0,-4,181,50,4248,0,19.91,-3.3,-32.6,-129.2,14.8,14.4,-62.2,16.0,-14.3,-48.6,-388.7,0.0,-47.0,0.0,0.3166811468288446,1.07,0.3544303797468356,3.02,121.27,178.485,0.53,0.34,72.27,16.52,31.31,30.91,8110.14,116.05,76.89,30.37,67.61,0.83,207.4,636,7.7,0.051,64.8,-0.8,-1.0,0.082,28.6,3.4,9.7,14.3,2.0,3.1,41.2,-1.2,1.0,-0.3,2.7,0.0,36.35,0.5015697137580795,355,144.5,276.7,42.69,0.3814278582126809,132.1,97.64,22.37001209189843,0.391304347826087,-344,26.13,0.3667296786389413,0.3100511073253833,-2.4,3.73,-164,0.0615016376921138,0.0171075837742504,81.7193675889328,7,0.4021802325581395,1.78511143111513,21.11
2004-01-01,14.69983373046662,0.5715822369516186,307,206,398,0.051,48,92,0.082,139,28,218,46,378455,255,408,0,77,9,14,11,38,0,-4,167,50,4265,0,44.37,-3.3,-10.9,-203.6,24.4,26.7,-62.2,22.3,-19.1,-92.8,-388.7,0.0,-47.2,0.1,0.3876639687412784,1.09,0.345679012345679,3.46,105.76,43.74,0.61,0.41,59.77,13.1,28.59,30.31,7600.08,104.4,85.18,12.48,67.88,0.85,261.1,561,7.7,0.051,64.8,-0.8,-1.0,0.082,28.6,3.4,0.2,11.2,2.0,3.1,42.8,-1.2,1.0,-0.3,2.7,0.0,40.73,0.5855731225296443,398,156.5,298.7,42.83,0.383510884668828,142.2,105.92,52.84974093264248,0.6023316062176166,-376,24.84,0.3614678899082568,0.4082644628099175,0.7,1.75,-187,0.0595549871140883,0.016620510898293,65.42372881355932,8,0.4177622377622378,1.838839529893445,19.62
2004-04-01,15.21993564068357,0.3675576361238941,307,206,234,0.051,62,92,0.082,139,28,186,46,378455,255,195,0,77,10,14,11,38,0,-4,166,50,4280,0,34.5,-3.3,-175.0,20.4,-61.7,18.7,-62.2,6.6,-9.5,-34.5,-388.7,0.0,-193.7,0.0,0.4652908067542214,1.28,0.4382022471910112,3.51,104.23,206.16,0.54,1.49,-182.8,14.17,29.82,30.19,8037.12,45.5,97.6,26.31,67.96,0.85,4.4,783,7.7,0.051,64.8,-0.8,-1.0,0.082,28.6,3.4,0.1,14.3,2.0,3.1,49.8,-1.2,1.0,-0.3,2.7,0.0,39.47,0.5036753445635528,234,179.9,339.0,43.47,0.4543114543114544,159.1,116.51,23.52231604342581,0.5325301204819277,-214,25.59,0.4612794612794613,0.5015384615384615,-64.4,2.99,-188,0.0580970709784004,0.0163337238530341,80.95703125,7,0.5824742268041238,1.826091824714804,20.74
2004-07-01,8.554877186408953,-0.1699612403100774,307,206,289,0.051,55,92,0.082,139,28,210,46,378455,255,265,0,77,10,14,11,38,0,-4,186,50,4283,0,38.19,-3.3,-163.9,-4.5,-62.5,27.5,-62.2,11.5,-13.5,-72.8,-388.7,0.0,-191.4,0.0,0.4666425818882467,0.09,-0.9081632653061223,3.68,99.5,334.03,0.52,1.44,67.74,15.58,30.29,29.99,9890.14,106.39,108.62,29.48,1095.11,0.89,68.5,810,7.7,0.051,64.8,-0.8,-1.0,0.082,28.6,3.4,6.4,17.9,2.0,3.1,56.8,-1.2,1.0,-0.3,2.7,0.0,42.32,0.5265189421015011,289,201.2,379.7,43.56,0.5145592341443956,178.6,129.41,29.34662236987818,0.5442477876106194,-268,25.57,0.4824427480916029,0.5693641618497107,-86.5,2.56,-196,0.0571182982973313,0.0162115041214414,77.31164383561644,29,0.5616863905325443,1.869220584487593,23.09
2004-10-01,7.92059515919128,-0.2492167245150448,307,206,340,0.051,49,92,0.082,139,28,245,46,378455,255,270,0,77,10,14,11,38,0,-4,219,50,4300,0,57.08,-3.3,-159.1,-24.6,-87.4,66.5,-62.2,17.2,-19.2,-129.7,-388.7,0.0,-225.6,0.0,0.5156713955790166,0.1,-0.9065420560747663,3.7,98.82,325.83,0.42,1.12,13.72,15.81,31.5,30.18,13836.98,104.6,121.34,30.34,1108.44,0.88,110.2,999,7.7,0.051,64.8,-0.8,-1.0,0.082,28.6,3.4,10.4,20.8,2.0,3.1,59.3,-1.2,1.0,-0.3,2.7,0.0,41.0,0.5048318042813456,340,221.1,418.2,43.2,0.5113841705818576,197.1,143.56,24.2152466367713,0.525560538116592,-318,26.52,0.5338865836791149,0.5773732119635888,-130.0,2.97,-224,0.0560037450261371,0.0160997113209019,80.50541516245488,31,0.5234042553191489,1.852776310024451,27.6
2005-01-01,13.10516384822219,-0.1084821713962209,307,206,361,0.051,73,92,0.082,139,28,278,46,378455,255,48,0,77,10,14,11,38,0,-4,235,50,4329,0,55.87,-3.3,-129.3,-59.2,-150.8,98.4,-62.2,25.5,-26.5,-185.3,-388.7,0.0,-227.7,0.1,0.5384151246983104,0.11,-0.8990825688073395,3.83,95.44,317.63,0.74,1.04,18.03,14.27,30.14,30.47,13969.14,74.05,130.07,38.22,1113.59,0.88,120.6,1095,7.7,0.051,64.8,-0.8,-1.0,0.082,28.6,3.4,7.4,19.6,3.2,3.1,64.1,-1.2,1.0,-0.3,2.7,0.0,46.16,0.5526570048309178,361,238.9,456.0,42.58,0.526615333110144,217.1,159.29,26.88524590163934,0.5324036095159967,-340,25.84,0.7277628032345012,0.526995305164319,-216.3,2.74,-236,0.0567594155084207,0.0163161366785927,78.81136950904393,31,0.5072302558398221,1.736772598452649,25.47
2005-04-01,9.420933758351756,-0.3810135613734673,288,230,395,0.051,82,92,0.082,155,28,307,46,378455,255,52,0,77,11,14,11,38,0,-4,235,50,4343,0,57.89,-3.3,-23.2,-28.7,-7.8,23.0,-62.2,8.7,-9.6,-57.9,-388.7,0.0,-46.2,0.0,0.3950978598865922,0.11,-0.9140625,5.42,67.48,330.0,1.2,0.34,37.45,13.07,29.55,30.35,14724.35,141.52,134.16,36.68,1115.3,0.85,74.9,1219,7.7,0.051,64.8,-0.8,-0.9,0.082,37.2,6.4,0.0,18.6,3.0,6.0,69.8,-1.2,1.0,-0.3,2.7,0.0,42.29,0.4937062937062937,395,253.6,476.0,42.83,0.4041297935103245,222.4,172.99,21.78072111846946,0.5298013245033113,-385,25.69,0.4055299539170507,0.375,-16.5,3.27,-255,0.0564871729139498,0.0161603941194172,82.11480362537765,31,0.509090909090909,1.694306410163146,24.6
2005-07-01,8.948082244685304,0.045962677161635,307,261,318,0.051,91,92,0.082,161,28,530,46,378455,255,61,0,77,12,14,11,38,0,-4,239,50,4363,0,69.39,-3.3,11.0,-256.8,-1.4,57.2,-62.2,18.6,-21.1,-127.4,-388.7,0.0,-46.1,0.0,0.3989654323015024,0.12,0.3333333333333333,3.95,92.56,342.37,1.19,0.19,84.56,10.13,29.69,30.17,15622.22,154.0,148.36,35.86,1120.12,0.84,149.6,1426,7.7,0.051,64.8,-0.8,-0.7,0.082,31.6,9.6,0.2,15.8,3.0,5.7,79.8,-1.2,1.0,-0.3,2.7,0.0,40.51,0.4757602862254025,318,277.9,526.0,42.98,0.3853041875164605,248.1,187.62,25.64625850340136,0.6714285714285714,-306,26.68,0.431513903192585,0.3471454880294662,-39.0,2.36,-274,0.0559877394977652,0.0159047856827056,79.58852192744992,31,0.6116279069767442,1.594404933183595,24.78
2005-10-01,8.872545011426718,0.1201866568234797,312,300,377,0.051,99,92,0.082,180,29,490,46,378455,255,59,0,77,13,14,11,38,0,-2,333,50,4392,0,57.42,-3.3,11.3,-225.4,10.2,102.6,-62.2,30.1,-30.6,-184.6,-388.7,0.0,-91.3,0.0,0.373313016978668,0.13,0.3,3.65,100.4,210.265,1.0,0.35,79.73,11.23,29.19,29.61,18169.72,181.76,163.43,33.08,1126.42,0.85,263.5,1540,7.7,0.051,64.8,-0.8,0.4,0.082,36.7,-1.3,0.2,18.3,2.9,5.5,76.0,-1.2,1.0,-0.3,2.7,0.0,37.9,0.4528554549035053,377,293.0,559.1,42.97,0.3369201339072214,266.1,207.9222222222222,22.26322263222632,0.5959409594095941,-363,25.91,0.2921550946798919,0.3544929925803793,-48.0,2.92,-291,0.0548870748299319,0.0156435374149659,81.7907444668008,30,0.5486751717369971,1.538838262616924,27.11
2006-01-01,10.39831671286822,-0.206548133751199,364,347,771,0.051,128,92,0.082,63,31,170,46,378455,255,61,0,77,15,14,11,38,0,-2,292,50,4409,0,61.91,-3.3,38.7,103.0,-27.2,129.9,-62.2,47.8,-49.6,-246.8,-388.7,0.0,-91.2,0.0,0.237678127859851,0.13,0.1818181818181819,3.63,100.92,78.16,0.9,0.38,53.1,10.64,29.0,29.34,18466.46,115.23,156.8,23.33,1129.27,0.89,298.8,1094,7.7,0.051,64.8,-0.8,-3.9,0.082,36.6,-1.3,16.3,18.3,4.3,5.9,83.4,-1.2,1.0,-0.3,2.7,0.0,40.36,0.5486523526724532,771,107.1,592.9,40.32,0.300219298245614,271.6,228.2,34.67432950191571,0.4374201787994891,-756,25.91,0.186427457098284,0.1967717140661029,-135.8,2.7,-299,0.0537261846368064,0.0150570198751984,74.25320056899004,31,0.4163623595505618,1.664356030766983,25.4
2006-04-01,10.3602104261882,0.0997010160488351,412,368,277,0.051,111,92,0.082,68,31,357,46,378455,255,73,0,77,16,14,11,38,0,-4,311,50,4429,0,42.61,-3.3,-236.0,-194.3,-86.3,31.8,-62.2,15.5,-8.6,-42.6,-388.7,1.3,-267.8,-1.3,0.3011013504654518,0.16,0.4545454545454546,4.62,79.26,206.165,0.49,1.28,-192.51,11.6,30.32,29.57,18574.2,117.89,175.07,21.73,1132.08,0.89,59.8,1745,7.7,0.051,64.8,-0.8,-1.8,0.082,46.8,28.3,0.7,23.4,4.0,6.8,101.5,-1.2,1.0,-0.3,2.7,0.0,39.74,0.4312415654520918,277,183.9,665.5,41.23,0.3981092436974789,297.8,254.5444444444444,14.7953216374269,0.5654970760233918,-276,26.8,0.4581967213114755,0.2876304023845009,-111.5,3.96,-312,0.0533982938674853,0.0146833235580108,87.11156393275598,30,0.6681726907630522,1.655247385651794,25.16
2006-07-01,9.730623681647254,0.0874535364744482,459,398,214,0.051,105,92,0.082,92,34,614,46,378455,255,80,0,77,17,14,11,38,0,-5,330,50,4446,0,71.35,-3.3,-202.3,-450.0,-94.1,63.1,-62.2,27.1,-33.9,-114.2,-388.7,1.3,-265.4,-1.3,0.4199436553586102,0.04,-0.6666666666666666,3.88,94.21,334.17,0.51,1.26,148.1,11.68,30.51,29.82,22291.0,219.45,215.56,22.79,4541.97,0.89,197.5,1998,7.7,0.051,64.8,-0.8,-1.1,0.082,53.2,14.1,0.2,26.6,3.7,8.9,110.0,-1.2,1.0,-0.3,2.7,0.0,40.58,0.4125,214,99.075,746.1,43.35,0.4184410646387833,349.8,284.8444444444444,21.08916177255739,0.6780565936999466,-212,26.95,0.4446043165467626,0.4586466165413534,-131.3,2.54,-339,0.0532388354526103,0.0147505548060066,82.58377425044092,61,0.7475951903807615,1.659806853956003,27.3
2006-10-01,9.218832199543408,0.0390290708777147,509,445,419,0.051,131,92,0.082,101,36,497,46,378455,255,95,0,77,19,14,11,38,0,-6,405,50,4463,0,76.52,-3.3,-243.9,-315.0,-110.9,93.0,-62.2,42.7,-48.0,-190.5,-388.7,1.3,-337.0,-1.8,0.415702435673905,0.05,-0.6153846153846154,3.7,98.96,321.265,0.42,1.01,87.23,11.67,30.48,30.14,28230.25,234.48,236.49,24.08,4557.74,0.89,339.2,2167,7.7,0.051,64.8,-0.8,-0.9,0.082,58.0,5.6,6.2,29.0,4.2,9.6,116.2,-1.2,1.0,-0.3,2.7,0.0,39.81,0.4193148098192609,419,108.075,815.4,43.12,0.4584153103201574,383.0,313.3222222222222,16.4850136239782,0.5626702997275205,-419,26.92,0.520586182833217,0.432136335970785,-178.2,3.65,-384,0.0534933130987385,0.0147434316608176,85.84795321637428,63,0.6149321266968326,1.673035478123714,30.24
2007-01-01,9.6930743632961,-0.0678227418000605,4,642,1354,0.051,224,92,0.082,94,40,6,46,378455,255,120,0,77,21,14,11,38,0,-5,857,50,4570,0,146.43,-3.3,-70.1,164.1,-105.8,269.6,-62.2,64.1,-67.9,-334.8,-388.7,1.3,-339.7,-2.4,0.4374669905989226,0.06,-0.5384615384615385,4.22,86.83,308.36,0.58,1.11,128.24,2.3,31.07,30.57,26049.32,274.67,239.2,35.2,4581.85,0.91,445.9,1683,7.7,0.051,64.8,-0.8,-2.3,0.082,12.3,26.4,0.9,6.1,3.6,11.8,126.0,-1.2,1.0,-0.3,2.7,0.0,42.32,0.6198775657184011,1354,76.58333333333333,857.6,42.58,0.4464496542418621,398.1,342.7333333333333,19.14975105323631,0.345461509000383,-1353,30.36,0.7100591715976334,0.5362877328195248,-204.7,4.43,-426,0.0541174150075243,0.0151009522499963,83.92799742847959,66,0.3882299683114532,1.640645604551992,24.24
2007-04-01,9.124922965721266,-0.1192338195510405,7,683,1267,0.051,296,92,0.082,112,43,0,46,378455,255,135,1,77,24,14,11,38,0,-9,1210,50,4570,0,81.95,-3.3,-105.1,6.1,-38.8,0.0,-62.2,44.6,-47.3,-81.9,-388.7,1.3,-105.1,-2.4,0.3504811810349169,0.06,-0.625,3.58,102.32,314.53,0.95,0.52,86.09,9.56,31.62,30.89,27209.33,273.15,232.91,10.16,4586.72,0.91,146.5,2269,7.7,0.051,64.8,-0.8,-1.7,0.082,55.6,61.2,0.5,27.8,3.9,13.4,126.8,-1.2,1.0,-0.3,2.7,0.0,40.92,0.4569506726457399,1267,176.2666666666667,919.8,38.7,0.3821187077385424,391.0,370.9888888888889,14.40761404660322,0.3291762389235313,-1266,28.6,0.4783586284429455,0.3263888888888888,-50.2,5.66,-489,0.0542253067128658,0.0149956614429257,87.40676993689041,71,0.370438985098671,1.664647064367293,20.58
2007-07-01,8.30433565119766,-0.1465772469589682,10,698,1534,0.051,330,92,0.0792,113,44,4,46,378455,255,153,3,77,27,14,11,38,3,-10,1265,50,4570,3,99.63,-3.3,-106.7,2.5,-25.6,0.0,-62.2,78.7,-75.2,-181.4,-388.7,1.3,-106.7,0.0,0.3214566196833795,0.06,0.5,3.55,102.98,320.7,1.02,0.6,219.08,14.99,31.51,31.14,27325.15,319.45,284.01,23.05,4586.27,0.9,332.1,2291,7.7,0.051,64.8,-0.8,-1.2,0.0792,96.2,38.2,0.0,48.1,5.2,13.4,146.5,-1.0,1.0,-0.3,2.5,0.0,39.73,0.4598740965259967,1534,61.43333333333333,1017.5,42.16,0.3637582093553142,464.6,401.1444444444444,18.6322188449848,0.3328267477203647,-1533,26.79,0.357569721115538,0.3238050609184628,-93.4,4.59,-535,0.0541566394482668,0.0148579995398673,84.29413271842172,72,0.3623575498575499,1.735352842166043,19.38
2007-10-01,7.323943155484206,-0.2055454533767359,10,709,1696,0.051,331,92,0.0792,121,58,35,46,378455,255,152,4,77,29,14,11,38,3,-12,1248,50,4572,3,82.61,-3.3,-201.1,-27.6,-57.4,6.2,-62.2,95.2,-114.6,-264.2,-388.7,1.3,-207.3,0.0,0.33666728867326,0.07,0.4000000000000001,3.57,102.4,200.41,1.09,0.64,153.28,11.88,32.71,31.72,25666.23,337.57,319.27,22.89,4586.29,0.9,569.4,2513,7.7,0.051,64.8,-0.8,-1.8,0.0792,84.4,39.7,0.5,42.2,6.1,11.4,140.8,-1.0,1.0,-0.3,3.1,0.0,37.87,0.4554700854700854,1696,73.875,1085.6,41.98,0.3313711062055431,494.7,431.1666666666666,14.12444933920705,0.3312224669603524,-1695,28.82,0.4359798072510324,0.3382915427114321,-126.8,5.75,-577,0.0537160338312038,0.0147533948865602,87.62364294330519,73,0.3690006798096533,1.791065903054224,17.21
2008-01-01,7.351855267282974,-0.2415352455025427,5,712,221,0.051,331,92,0.0792,155,57,18,46,378455,368,227,5,77,30,14,11,38,3,-10,1044,50,4576,3,108.59,-3.3,-193.8,-11.7,-152.1,14.5,-62.2,136.2,-174.6,-372.6,-388.7,1.3,-208.2,0.0,0.3727817173090346,0.07,0.1666666666666667,4.16,88.07,80.12,0.88,0.81,83.14,14.45,32.14,32.02,20440.77,191.98,334.07,22.01,4586.44,0.87,645.6,2206,7.7,0.051,64.8,-0.8,-0.8,0.0792,106.3,34.0,1.0,53.2,10.1,11.8,146.6,-1.3,1.0,-0.8,4.3,0.0,37.2,0.5962458215479557,1737,48.0923076923077,1144.2,41.9,0.3341884328358209,518.9,463.0111111111111,30.37423846823324,0.3600232085871772,-1737,27.5,0.2095347943098809,0.3913043478260871,-289.0,3.11,-496,0.0543925000995382,0.0150918988239502,76.70226969292389,71,0.3517368582846603,1.800175989573515,14.17
2008-04-01,6.075432494664102,-0.3341935578539015,5,670,1432,0.051,312,92,0.0869,170,54,36,46,378455,368,221,11,77,29,14,11,38,1,-12,1513,50,4579,1,80.96,-3.3,-432.1,-19.5,-20.5,6.3,-62.2,22.9,-48.1,-81.1,-388.7,1.3,-438.4,0.0,0.3430586128418462,0.07,0.1666666666666667,6.07,60.3,165.235,0.77,1.74,-189.63,8.76,29.4,16.18,23138.48,330.35,319.26,21.68,4588.47,0.88,226.0,2600,7.7,0.051,64.8,-0.8,-1.7,0.0869,60.2,27.7,0.5,30.1,6.7,11.1,149.5,-1.2,1.2,-0.2,1.4,0.0,35.52,0.5116040254672417,1432,165.75,1168.5,39.78,0.2703848662752772,505.5,490.6444444444444,17.79036827195467,0.3456090651558074,-1432,26.82,0.1916349809885931,0.3760907504363002,-28.9,4.68,-502,0.0544744448147098,0.01537801163573,84.8965848965849,67,0.3977195371000681,1.844222248515103,4.16
2008-07-01,7.027377533869064,-0.1537700510870404,6,617,168,0.051,296,92,0.0862,162,58,0,46,378455,368,240,9,77,29,14,11,38,0,-18,1346,50,4580,0,89.57,-3.3,-419.0,17.1,-49.7,6.3,-62.2,124.3,-73.2,-170.8,-388.7,1.3,-365.7,-0.2,4.189239912417892,0.07,0.1666666666666667,6.35,57.6,250.35,1.25,2.29,313.84,14.91,15.53,16.68,17096.09,403.41,1618.45,21.29,4588.44,0.87,439.6,2196,7.7,0.051,64.8,-0.8,-2.3,0.0862,114.9,14.9,0.2,57.4,6.6,11.7,167.7,-1.1,1.1,-0.2,2.5,0.0,36.01,0.5941609092935146,1671,132.32,1239.9,71.69,0.2185749385749387,578.3,515.3555555555556,22.84622169950015,0.3334313437224346,-1671,13.22,0.2021276595744679,0.3097345132743363,-126.9,3.92,-466,0.053986978277278,0.0155250858390845,81.40258496888464,61,0.4073258869908016,1.964710533631727,3.15
2008-10-01,5.855044561592647,-0.2005611680357786,7,597,115,0.051,189,92,0.0525,175,56,41,46,378455,368,206,-2,77,28,14,11,38,0,-19,1294,50,4581,0,59.12,-3.3,-548.0,-27.1,-56.9,10.8,-62.2,175.5,-138.7,-227.5,-388.7,1.3,-558.8,-0.2,3.50150770605316,0.07,0.0,6.7,54.65,229.51,1.57,3.15,108.14,12.81,16.26,17.3,13176.77,359.65,1573.74,21.95,4586.26,0.87,690.4,2350,7.7,0.051,64.8,-0.8,-0.4,0.0525,99.2,2.3,5.6,49.6,5.8,11.3,139.8,0.2,-0.2,-0.2,4.5,0.0,35.35,0.574871478511207,1742,211.0333333333333,1191.3,71.81,0.0973655121591747,558.2,527.1,17.0549084858569,0.3200221852468109,-1742,14.18,0.0798977309044424,0.2057796125754208,-181.8,4.98,-486,0.0520238630506541,0.0153300360797043,85.42999289267946,59,0.3884251711770459,2.039653070736653,2.36
2009-01-01,4.005069365102773,-0.4552301127409263,8,579,180,0.051,134,92,0.0525,158,56,0,2,378455,313,249,-1,77,32,14,11,38,0,-21,1011,50,4583,0,62.89,-3.3,-530.0,15.7,-100.3,14.0,-79.2,230.3,-213.9,-289.4,-388.7,0.0,-464.7,0.0,0.031019993041244,0.07,0.0,4.61,79.32,208.67,1.32,2.87,240.08,15.77,33.98,31.84,15001.67,302.97,339.26,28.97,4587.1,0.87,871.9,2220,7.7,0.051,64.8,-0.8,2.4,0.0701,121.7,49.4,1.4,60.8,5.8,17.1,140.8,-1.6,1.4,-0.6,2.4,0.0,37.37,0.6326253953908721,1867,122.68,1135.2,41.92,-0.0078657577346618,521.8,526.1,21.41274238227147,0.3022160664819944,-1867,28.62,0.0330578512396693,0.0066105769230768,-297.0,4.3,-475,0.0503029173664462,0.0148754335725776,82.36367784622405,57,0.3448359659781288,2.032328084825992,9.13
2009-04-01,3.443977694676104,-0.4331304482930454,13,616,111,0.051,117,92,0.0945,205,60,241,1,378455,332,253,6,77,36,14,11,38,0,-26,1059,53,4584,0,30.24,-3.3,-154.6,15.7,11.5,3.7,0.0,2.1,77.7,-30.2,-388.7,151.9,-158.3,0.0,0.0673648536029778,0.07,0.0,3.39,108.08,238.28,1.34,1.47,200.55,20.28,34.96,33.14,21329.47,389.17,338.16,27.9,4566.54,0.84,356.7,2755,7.7,0.051,64.8,-0.8,-1.9,0.094,159.5,54.9,0.4,79.8,6.6,23.6,141.6,-1.2,1.0,-0.2,3.9,0.0,35.71,0.5313538748832866,1953,322.65,1124.9,42.64,-0.0373127941805733,479.6,521.2555555555556,16.3898916967509,0.3328519855595668,-1953,27.87,0.0003190810465858,0.0716550412175016,-50.4,4.859999999999999,-550,0.0482172507533359,0.0146402600421707,85.9181141439206,60,0.3257746886765132,1.991217167612534,12.36
2009-07-01,4.205295604122773,-0.4015839359910606,18,621,131,0.0727,88,92,0.09,202,68,675,7,378455,380,265,12,77,46,14,11,38,0,-32,1045,54,4586,0,36.68,-3.5,-177.5,15.7,83.2,8.3,-27.0,7.0,155.4,-66.9,-990.7,325.7,-158.7,0.0,-0.7549125979505726,0.07,0.0,4.02,91.16,267.89,1.03,1.16,381.32,20.55,34.59,34.0,27733.29,418.0,350.85,27.13,4568.37,0.83,733.1,3107,7.7,0.073,75.0,-15.5,-13.9,0.09,164.5,48.7,0.8,82.3,6.6,17.6,142.8,-1.2,0.8,-0.2,5.2,0.0,34.47,0.5293230247029983,1842,331.85,1157.3,42.65,-0.0666182756673926,493.6,512.0777777777778,19.5632183908046,0.4183908045977012,-1842,27.48,-0.0292950869697893,-0.0518918918918918,-81.3,5.42,-596,0.0456575906661728,0.0139283961110189,83.63776196885215,60,0.3422951789411416,1.799081174675732,15.84
2009-10-01,4.982764538936255,-0.1489792286771462,18,644,99,0.0727,91,92,0.09,228,70,1136,3,378455,419,281,13,77,70,14,11,38,0,-29,1089,83,4588,0,32.22,-2.9,-315.6,15.7,62.5,12.5,-27.4,16.9,243.9,-99.1,-1777.5,674.7,-300.7,0.0,-0.7284557081364048,0.07,0.0,3.99,91.77,226.86,0.92,0.97,161.11,22.59,35.08,34.65,32202.64,337.05,383.24,24.63,4569.47,0.8,1030.9,3931,0.0,0.073,108.0,-18.3,-23.4,0.09,195.5,47.0,2.4,97.7,6.7,24.9,149.1,-1.5,1.3,-0.2,3.9,0.0,31.37,0.4480178315554848,1561,233.6333333333333,1233.2,43.16,0.0351716612104424,532.3,516.7333333333333,15.92132505175984,0.490163594947194,-1561,27.16,-0.0088783663805859,0.0092178035291019,-228.6,5.98,-659,0.0443547925608011,0.0134191702432045,86.26540453652439,62,0.3815594059405941,1.605856528248262,18.28
2010-01-01,6.46870574536795,0.6151295160407186,18,680,2356,0.073,91,92,0.09,217,73,8,26,378455,49,178,16,77,155,14,11,38,0,-29,77,83,4568,0,39.47,-3.6,-312.7,15.7,-9.9,18.8,-47.1,18.0,320.1,-138.8,-2341.1,1571.0,-284.4,-0.4,0.1436062509734697,0.08,0.1428571428571428,4.62,79.26,185.83,1.49,0.89,298.35,21.61,34.34,34.74,33495.76,338.26,390.16,22.61,4571.33,0.79,1323.8,2499,0.0,0.095,90.3,-67.6,-42.1,0.086,96.2,54.1,0.9,96.2,6.5,26.0,161.4,-1.3,0.9,0.0,3.9,0.0,29.39,0.619665183301547,3531,372.35,1296.2,42.55,0.1418252290345314,551.5,534.6222222222223,14.70314535641169,0.2791736460078169,-3531,26.92,0.0735384615384615,0.1644776119402986,-369.9,6.54,-643,0.0449184555390664,0.0136521939644423,87.18156741846504,64,0.2779755522196011,1.613192651886907,17.1
2010-04-01,6.046876545212645,0.755782726049663,18,657,2674,0.073,64,92,0.094,279,89,8,30,378455,29,180,10,127,188,13,11,38,11,-29,85,83,4569,11,50.95,2.4,-218.4,15.7,-88.5,0.9,-31.4,-36.2,103.0,-50.9,-380.4,762.1,-187.9,-0.4,0.121437680555917,0.07,0.0,4.0,91.61,130.74,1.45,0.89,104.54,25.38,32.17,34.01,34290.49,343.49,385.43,21.94,4570.66,0.77,288.0,2515,0.4,0.073,94.2,-1.3,-10.1,0.094,222.1,52.0,0.4,111.1,7.2,25.7,81.7,-1.5,1.3,-0.2,5.0,0.0,28.49,0.5727893738140418,3446,160.16,1360.5,41.14,0.2094408391857052,559.8,560.8,15.70482497634816,0.2754966887417218,-3446,24.01,0.041786283891547,0.1396449704142011,-136.1,5.98,-662,0.046145400315028,0.0138135458723893,86.42681929681112,62,0.2920154539600773,1.745834766531165,18.03
2010-07-01,5.677442349424986,0.3500697415560883,18,687,3109,0.073,78,92,0.094,284,93,8,30,418497,34,198,19,116,186,13,11,45,0,-29,101,83,4570,0,67.46,6.1,-214.7,15.7,-127.0,2.6,-31.1,-29.8,232.1,-118.5,-488.9,881.4,-186.2,-0.4,0.2272011805213969,0.08,0.1428571428571428,4.61,79.31,75.65,1.33,0.82,274.39,26.55,34.04,33.89,38981.65,341.85,452.21,13.68,4570.87,0.76,562.2,2758,0.4,0.073,103.2,-7.5,-4.7,0.094,270.7,56.9,0.6,135.3,8.0,30.2,85.6,-1.9,0.0,-0.2,11.4,0.0,27.09,0.5492242114236999,3902,95.08888888888887,1497.1,42.84,0.2936144474207205,641.4,598.5555555555557,15.06431956668924,0.2610020311442112,-3902,25.0,0.1766740018861992,0.2887685290763968,-344.9,6.31,-737,0.0482637259024016,0.0144407127459619,86.90791409238011,64,0.2848363774733638,1.916174157828226,18.83
2010-10-01,6.135283085311662,0.2313010252379801,18,687,3034,0.073,97,92,0.094,272,122,6,32,402940,39,187,22,124,196,14,11,55,7,-29,113,83,4593,7,93.37,4.2,-799.1,15.7,-171.1,5.0,-115.0,-32.9,381.8,-211.3,-570.0,1154.8,-689.2,0.0,0.205710370031978,0.09,0.2857142857142856,4.77,76.66,116.935,1.18,0.73,-241.48,26.96,34.29,33.74,44247.8,362.33,479.6,14.28,4571.05,0.75,831.1,2931,0.4,0.073,124.4,-6.0,-1.1,0.094,293.5,64.6,0.2,146.7,8.3,29.7,90.2,-2.2,0.7,-0.2,13.6,0.0,27.47,0.4975225881667152,3556,151.25,1587.2,42.82,0.2870580603308466,679.7,637.8888888888889,15.15098314606741,0.2840091276110234,-3556,25.05,0.1872200656912513,0.2515657620041754,-577.9,6.23,-776,0.0504499279412281,0.0150005272593061,86.84250647964629,64,0.321230520137624,2.143984299003694,21.03
2011-01-01,5.999809077547148,-0.0724869373068275,18,692,3366,0.073,118,92,0.094,257,124,5,35,416623,44,206,24,104,189,13,11,58,0,-29,123,24,4571,0,74.56,7.5,-800.5,15.7,-289.1,5.3,-115.2,-24.2,526.1,-286.0,-609.5,1410.4,-690.6,0.0,0.167090389067962,0.09,0.125,4.83,75.83,158.22,0.78,0.78,180.97,27.77,34.72,33.86,41536.69,255.75,465.04,1.97,4571.13,0.73,1012.7,3127,0.4,0.073,131.6,-6.0,-13.5,0.094,154.6,90.3,1.5,154.6,8.6,30.5,94.0,-2.2,3.5,-0.2,9.1,0.0,26.56,0.6334518307856382,3752,93.66,1603.8,41.6,0.2373090572442524,667.2,672.0666666666666,14.49535300831567,0.2773520300016305,-3752,25.08,0.1527658354829464,0.1920020507562163,-917.0,6.51,-731,0.0513189627322224,0.0151269653736402,87.33978923383651,64,0.3014095094906972,2.138184575852522,18.77
2011-04-01,6.328661859428341,0.0466001434143363,18,690,3395,0.073,139,92,0.094,338,124,5,39,484177,37,219,30,117,202,18,11,74,0,-29,136,33,4571,0,57.76,-5.4,-290.8,15.7,-107.0,0.7,-41.6,0.0,149.8,-57.8,-318.3,338.9,-255.6,0.0,0.1300099793450766,0.08,0.1428571428571428,4.4,83.24,189.665,1.04,1.04,66.04,28.1,32.0,33.74,37209.61,379.45,436.98,0.6,4571.17,0.73,320.6,3239,0.4,0.073,108.8,0.0,0.0,0.094,301.3,97.8,1.3,150.7,9.6,33.8,101.6,-2.5,2.2,-0.2,15.9,0.0,26.99,0.6373653110879389,3764,204.92,1675.5,38.85,0.2315325248070563,651.0,707.0666666666666,15.10710259301015,0.2542673107890499,-3764,23.01,0.1803429271279853,0.1344755970924196,-206.8,6.58,-778,0.0521710326332803,0.0150824284466829,86.87561214495592,64,0.300915948275862,2.114519588315563,16.29
2011-07-01,6.078101928080056,0.0705704354172171,18,630,3405,0.073,162,92,0.094,327,118,2,41,486863,17,255,35,120,203,16,11,80,4,-29,127,52,4571,4,78.55,-4.9,-292.8,15.7,-115.7,0.9,-41.1,-10.4,315.2,-136.5,-629.2,646.9,-252.6,0.0,0.1032907130546314,0.09,0.125,4.42,82.72,221.11,1.4,1.34,383.79,28.56,32.94,33.46,29530.86,462.34,499.1,-0.54,4571.14,0.72,686.9,3082,0.9,0.073,124.6,-5.0,-8.3,0.095,333.1,83.9,0.7,166.6,9.6,35.6,116.9,-2.6,2.0,-0.2,5.7,0.0,25.81,0.6439041095890411,3743,207.38,1770.2,41.42,0.1824193440651929,733.3,737.411111111111,16.33630657416584,0.2704444077317033,-3743,23.53,0.1130109537803901,0.1028533510285334,-379.3,6.05,-756,0.0525466042762231,0.0149208734062362,85.95768848502058,58,0.3274509803921569,2.146065997581464,13.48
2011-10-01,5.185959750460794,-0.1547317901473235,18,582,3330,0.073,169,92,0.094,292,110,2,43,464974,14,296,57,30,97,15,11,0,1,-29,130,132,4571,1,52.28,-3.6,-493.2,15.7,-188.1,1.1,-69.5,-14.9,501.5,-187.4,-1090.9,1068.6,-424.8,-0.2,0.1716932519986361,0.1,0.1111111111111112,4.43,82.62,173.595,1.28,1.29,231.22,28.58,35.72,33.93,29831.18,452.57,571.93,13.61,4571.17,0.72,1089.4,2962,0.8,0.073,235.3,0.6,14.2,0.095,374.1,82.2,1.0,187.0,10.2,33.9,114.1,-2.8,2.0,-0.2,6.5,0.0,27.61,0.6692686237909384,3680,208.46,1832.6,43.13,0.1546118951612903,790.4,764.6777777777777,16.47678966162217,0.2374149659863946,-3680,25.51,0.175804828973843,0.1914095079232694,-631.3,5.75,-746,0.0526073994802018,0.0150741476838403,85.85401459854015,54,0.336010267693436,2.223247911283765,13.66
2012-01-01,4.577992214298534,-0.2369770179136907,18,607,3694,0.073,203,92,0.094,307,139,2,39,460139,12,261,53,32,94,21,11,0,3,-29,134,149,4571,3,114.99,-5.0,-485.1,0.0,-269.0,1.3,-68.3,-22.8,703.3,-301.4,-1323.0,1276.8,-418.0,-0.4,0.1201594865311679,0.1,0.1111111111111112,4.43,82.66,126.08,2.02,1.23,310.68,29.8,37.27,34.63,32195.05,425.87,527.51,18.49,4571.2,0.71,1396.2,3237,1.0,0.073,167.9,16.7,4.0,0.095,195.8,129.1,0.8,195.8,10.2,37.8,94.8,-2.4,2.0,-0.2,5.4,0.0,27.37,0.6392834695160275,4069,207.1,1763.1,41.27,0.0993265993265992,727.6,782.3777777777777,14.61152501140338,0.2420188507145029,-4069,26.16,0.1469418199900547,0.1337634408602151,-920.5,6.35,-712,0.0521022763246564,0.0150344525731291,87.2512602812417,56,0.296518668012109,2.255031151103885,13.35
2012-04-01,5.13259407120425,-0.188992209536714,1263,557,2810,0.073,189,96,0.094,374,130,10,42,480619,12,308,60,21,80,21,11,0,0,-20,128,158,4571,0,81.26,3.5,-393.7,0.0,-134.1,0.0,-55.2,-10.4,163.0,-81.2,-891.4,496.9,-338.5,-0.4,0.1224456265018175,0.09,0.125,4.1,89.37,200.455,2.38,1.88,-13.54,27.77,32.96,34.73,25833.31,406.65,499.59,20.13,4571.19,0.71,320.2,3143,1.1,0.073,135.6,1.5,1.7,0.095,326.1,87.5,0.7,163.0,10.9,39.3,104.9,-2.8,2.0,-0.2,14.6,0.0,28.92,0.6569100595424632,3642,134.5625,1781.7,39.58,0.0633840644583707,705.2,794.1777777777777,17.48228703246004,0.2482701812191104,-3642,23.8,0.100129701686122,0.1418764302059496,-232.7,5.47,-699,0.0511730767961799,0.0150207844934089,85.11921458625525,52,0.3168593277609817,2.30462064252432,10.72
2012-07-01,3.769046598581712,-0.3798974345643666,1286,585,2877,0.073,228,90,0.094,363,141,14,52,462379,40,294,55,32,99,13,11,0,8,-21,132,159,4571,8,82.61,1.1,-389.5,0.0,-129.6,0.2,-54.6,4.0,316.9,-163.7,-1759.8,857.8,-335.0,-0.4,-0.0528409503741917,0.09,0.0,4.34,84.25,274.83,2.36,1.89,369.1,28.28,33.51,34.8,27412.33,451.71,471.5,20.24,4571.19,0.71,676.8,3412,1.3,0.073,146.3,-5.8,-2.4,0.095,339.1,118.4,9.8,169.5,11.4,45.4,105.3,-2.5,2.0,-0.2,5.3,0.0,28.46,0.6372035725284878,4206,221.52,1789.4,38.1,0.0108462320641735,681.8,796.3111111111111,15.63967136150235,0.2397300469483568,-4206,24.03,0.0321651464234276,-0.054552747693542,-425.6,5.99,-783,0.0495713172256187,0.0143522330405523,86.47551382897741,54,0.2863956466069142,2.254696490411648,10.35
2012-10-01,3.56717752513631,-0.3121470862130483,1286,562,2305,0.073,275,85,0.094,369,141,13,47,471527,14,306,68,33,110,18,11,0,7,-21,142,156,4571,7,105.66,2.0,-590.2,0.0,-97.0,0.2,-80.5,-1.5,452.5,-269.3,-3193.5,1912.8,-493.5,-0.4,-0.1090559265307443,0.1,0.0,4.13,88.7,214.64,2.58,2.02,239.41,25.5,30.51,33.42,24093.67,503.56,494.51,19.36,4571.2,0.72,1058.5,3618,5.2,0.073,148.7,-16.3,-18.8,0.095,299.5,90.3,2.6,149.8,12.2,45.4,100.3,-3.0,1.3,-0.2,12.9,0.0,27.22,0.6054711246200608,4026,86.60714285714286,1925.0,37.01,0.0504201680672269,712.5,806.5777777777777,16.75961256237159,0.274434986791899,-4026,22.73,-0.0641711229946524,-0.1347567378368919,-565.6,5.49,-809,0.0483966025307679,0.0132805312212488,85.64605329311212,52,0.3162997042392376,2.16805482440751,9.44
2013-01-01,3.397881697644513,-0.2577790571526439,1322,569,3394,0.073,306,86,0.094,374,157,73,43,415844,54,316,57,44,136,27,11,0,7,-18,147,197,4571,0,113.72,22.8,-590.8,-69.7,-179.6,0.2,-80.6,-14.7,588.1,-354.8,-4049.8,3802.4,-494.0,-0.2,-0.1031548972965464,0.1,0.0,4.21,87.01,154.45,2.24,1.59,310.32,23.66,30.0,31.69,30416.03,424.04,454.5,19.14,4571.22,0.74,1359.4,3845,0.6,0.073,115.4,-7.2,-5.2,0.095,137.0,123.1,1.3,137.0,11.3,43.9,100.4,-3.0,1.3,-0.2,12.9,0.0,25.72,0.5420220276757979,4286,35.87428571428571,1929.7,34.93,0.0944926549827009,674.1,825.0888888888888,16.4620840152755,0.2772776868521549,-4286,22.9,-0.0420550617819207,-0.137898330804249,-785.1,5.62,-775,0.0489576893824927,0.0126663928073852,85.8648553694812,53,0.2966031355671688,2.125256394517097,12.27
2013-04-01,4.222979474436512,-0.1772231710025564,1395,519,2931,0.073,326,88,0.094,434,143,87,57,439371,33,369,93,25,111,33,11,0,2,-23,148,181,4571,2,88.03,-20.6,-323.4,-69.7,-126.4,0.2,-47.1,-21.5,161.3,-87.9,-1045.1,918.1,-276.3,-0.2,-0.1136442647247177,0.08,-0.111111111111111,3.84,95.44,167.475,1.7,1.68,66.16,29.67,25.93,29.86,23988.19,430.82,427.23,18.25,4571.22,0.73,336.3,3697,3.0,0.073,139.1,-3.8,-3.6,0.096,310.5,102.1,1.3,155.3,13.6,44.2,103.0,0.0,0.0,0.0,7.9,6.8,24.74,0.5567543859649123,3907,108.65,2017.6,32.55,0.1324016388842115,713.8,851.3000000000001,18.99662608185419,0.2819422033152413,-3907,18.24,0.0023579344494222,-0.0440881763527054,-219.4,5.0,-761,0.0499557587140273,0.0123838593814013,84.03599605522683,48,0.3259450726978999,2.104117405297867,10.56
2013-07-01,3.559368814702744,-0.0556315180496495,1359,494,2976,0.073,322,98,0.094,449,151,165,47,385903,34,447,123,26,115,44,11,0,5,-26,151,173,4571,5,113.19,-4.6,-306.4,-69.7,32.1,0.2,-44.6,8.7,312.2,-202.2,-2056.7,1678.7,-261.8,-0.2,-0.1072243637688663,0.07,-0.2222222222222221,4.01,91.26,180.5,1.58,1.5,447.92,31.19,23.25,28.62,27513.16,561.11,411.75,17.13,4571.22,0.74,780.9,3624,2.9,0.073,140.8,-2.9,-21.3,0.096,303.2,80.3,1.9,151.6,10.2,42.7,133.8,0.0,-0.3,0.0,0.8,7.4,23.94,0.5393973848777714,4086,84.03125,2090.6,33.12,0.1683245780708615,746.1,884.7666666666668,21.69756662804171,0.2954808806488992,-4086,16.0,-0.0974418604651162,-0.0294866355536699,-250.7,4.41,-778,0.0513683866647358,0.0121608821771435,82.1709116876934,46,0.3286073561773027,2.15655064313653,12.33
2013-10-01,3.674035011686072,0.0299557523551279,1476,500,3078,0.073,302,93,0.094,484,184,203,44,368226,47,403,117,22,133,49,11,0,11,-29,156,199,4571,11,122.82,9.0,-524.2,-156.6,-30.0,0.2,-76.6,0.7,488.0,-325.7,-3004.2,2756.0,-447.7,-0.2,0.0748947444831591,0.1,0.0,4.14,88.33,180.2975,1.37,1.32,149.61,27.94,30.63,28.74,32228.31,456.58,534.05,17.89,4571.22,0.73,1098.6,3918,3.1,0.073,156.9,-12.1,-8.7,0.096,359.9,116.0,1.9,179.9,4.4,31.8,107.0,0.0,-0.2,0.0,4.0,8.1,24.46,0.5141188959660297,4186,46.02758620689655,2102.1,36.7,0.0919999999999998,767.4,904.4444444444443,20.78263274336283,0.3042035398230089,-4186,22.07,0.0605714285714285,0.0637135922330096,-509.5,4.53,-840,0.0519503727152047,0.0122211018074134,82.79336004579278,46,0.3216679418515684,2.161012467077909,13.68
2014-01-01,3.813784363950078,0.1224005728609909,1427,515,3670,0.08,305,99,0.094,516,130,209,38,368226,64,103,95,27,140,54,2,0,2,-36,175,216,4571,2,128.31,5.1,-520.4,-155.0,6.5,0.2,-75.7,-7.1,663.0,-454.5,-3992.8,3781.0,-444.7,0.0,0.1595678773329205,0.11,0.0999999999999998,4.36,83.93,180.095,0.62,1.43,468.2,27.59,32.09,29.34,31260.73,596.83,540.45,16.1,4571.22,0.72,1563.4,4096,3.1,0.073,151.8,-9.9,-6.6,0.096,184.7,133.3,4.5,184.7,38.6,30.0,111.0,0.0,-0.2,0.0,4.0,8.9,24.39,0.5095328044326911,4781,45.03103448275862,2085.5,37.73,0.0807379385396693,779.6,921.7555555555556,20.03534907208686,0.2952909986112864,-4781,23.24,0.0966281964245305,0.1694169416941693,-635.7,4.71,-921,0.0526362807262861,0.0126339206964929,83.30879259570888,48,0.2909052866508579,2.168295178746878,11.68
2014-04-01,4.129774410600194,-0.022070925137223,1582,515,3638,0.08,319,85,0.094,630,216,217,47,384374,47,115,94,27,139,59,1,0,1,-55,195,220,4571,1,74.28,-8.7,-480.7,0.0,-146.2,0.2,-75.7,1.5,185.5,-74.3,-1055.3,999.9,-480.7,19.1,0.2076710292721191,0.11,0.375,4.03,90.89,179.89249999999998,1.96,1.92,-77.79,28.56,31.64,30.65,30980.59,477.29,546.55,17.84,4571.22,0.73,391.2,4222,3.0,0.08,155.4,-3.0,-3.7,0.096,386.1,137.5,1.2,193.0,13.5,27.6,114.7,0.0,-0.2,0.0,4.0,9.4,26.06,0.5267836848086879,4684,78.61764705882354,2136.0,37.48,0.0586835844567803,799.6,934.911111111111,21.83908045977012,0.3013767841354048,-4684,22.6,0.1354975299929428,0.1259958071278826,-260.3,4.37,-951,0.053076029388753,0.0129380537479301,82.0754716981132,48,0.2942148760330578,2.128476754011086,10.97
2014-07-01,3.637436347537533,0.0219329709560622,1526,499,3953,0.08,265,84,0.094,615,247,213,51,384374,17,97,83,26,144,63,9,0,9,-66,207,213,4571,8,93.95,-3.3,-478.1,0.0,-8.5,0.2,-75.7,25.3,398.7,-168.3,-2005.8,1869.5,-478.1,28.1,0.3599200893624335,0.11,0.5714285714285714,3.98,92.01,179.69,1.97,1.89,628.45,28.99,32.68,31.74,34581.74,722.9,585.02,16.46,4571.23,0.72,1003.7,4012,2.6,0.08,163.6,1.2,-4.0,0.096,417.4,142.3,2.5,208.7,12.9,26.7,124.8,0.0,-0.2,0.0,4.0,9.9,25.4,0.5777632268203248,5160,61.1,2202.9,39.12,0.0537166363723333,858.7,947.3888888888888,21.93658954584405,0.2883202742409403,-5160,23.2,0.3171862921927338,0.2570491803278689,-335.4,4.42,-964,0.0534669533386485,0.013603538283935,82.00983836964161,46,0.2896266105706022,2.100678141020037,12.32
2014-10-01,3.97301888094951,0.0813775231625322,1509,445,4372,0.08,245,98,0.094,607,149,214,51,448236,10,162,84,28,132,10,3,0,3,-71,209,211,4571,3,93.5,3.3,-812.2,-0.2,43.0,0.2,-75.7,45.8,615.7,-262.0,-2768.2,3019.7,-812.2,20.9,0.0951359929766508,0.11,0.0999999999999998,3.99,91.62,171.75,1.88,1.79,203.14,28.24,32.83,32.32,35764.56,628.96,605.87,16.65,4571.31,0.72,1522.3,3975,2.9,0.08,159.7,4.4,4.5,0.096,413.0,132.6,3.1,206.5,12.4,29.4,122.9,0.0,-0.2,0.0,3.9,10.2,25.34,0.577144305080451,5263,48.43214285714286,2227.5,39.48,0.0596546310832024,871.4,961.3222222222224,22.07887049659201,0.2878529698149951,-5263,23.56,0.1308189655172414,0.1325347024149079,-501.0,4.27,-983,0.0539378448302733,0.0139602880209469,81.91425722831505,91,0.2906066536203523,2.124531762910297,12.78
2015-01-01,4.121489306867973,0.0806823127774309,1618,451,4147,0.08,231,98,0.094,598,152,231,99,448236,18,205,65,28,119,7,4,0,3,-59,219,58,4571,3,105.27,-2.8,-807.4,-0.2,-185.0,0.2,-75.7,30.1,828.6,-367.6,-3913.6,4267.2,-807.4,28.0,0.021003773332888,0.11,0.0,3.95,92.61,163.81,1.67,1.62,-112.82,28.46,32.28,32.37,40704.7,-7.55,566.03,14.11,4571.36,0.71,1391.4,4906,2.2,0.08,33.1,2.6,15.4,0.096,198.0,138.4,3.1,198.0,11.7,26.4,152.0,0.0,-0.2,0.0,3.7,11.7,24.11,0.511730726505221,4958,59.17272727272727,2155.1,39.07,0.0333732917765523,853.3,969.0555555555557,21.16696997270246,0.3497099965881952,-4958,23.09,0.0270326042096573,0.0428974600188145,-1289.5,4.15,-1031,0.053168269769192,0.0137928893852887,82.53074251384587,92,0.2843890208498284,2.054654924042711,14.69
2015-04-01,4.650658826683443,0.1261290240808932,1716,352,3828,0.08,247,94,0.094,683,152,231,166,448236,22,329,84,34,118,18,3,0,3,-58,219,57,4571,3,105.6,8.4,-531.3,-0.2,-160.2,0.2,0.0,0.2,186.7,-105.6,-1312.8,1333.4,-531.3,-0.6,0.0307168985675703,0.1,-0.0909090909090908,3.9,93.83,155.87,2.29,2.13,-286.03,27.94,29.29,31.73,35553.63,350.9,553.58,14.52,4571.34,0.72,242.0,5087,5.1,0.08,142.2,7.1,6.6,0.096,370.9,107.5,12.2,185.5,12.8,25.3,126.1,0.0,0.0,0.0,4.6,9.5,24.6,0.4963583628746374,4484,46.14516129032258,2265.6,36.8,0.0606741573033706,835.1,983.4555555555556,25.1151257527453,0.389066005431574,-4484,21.11,-0.0091153925833851,0.0130329547570284,-366.2,3.54,-1055,0.0527110411528632,0.0135326860855879,79.9263873159683,180,0.3103136556636077,1.994104112148822,12.77
2015-07-01,4.133694541182327,0.1364307567830707,1645,342,3720,0.08,279,84,0.094,663,149,260,209,448236,34,221,94,40,177,19,3,0,3,-58,231,58,4571,3,92.27,-5.1,-633.0,-0.2,-254.4,0.2,0.0,8.7,423.8,-197.7,-2167.0,2176.9,-633.0,1.1,0.0742571911478984,0.11,0.0,3.77,96.97,147.93,2.16,1.85,292.83,28.99,30.6,31.21,40742.93,492.16,624.94,13.14,4571.43,0.72,633.5,5261,6.9,0.08,173.1,-0.6,-8.3,0.096,427.1,111.2,10.8,213.6,13.4,26.6,129.8,0.0,-0.3,0.0,4.6,9.9,23.68,0.5068478378086919,4602,87.49411764705883,2407.5,38.22,0.0928775704752824,920.0,1006.188888888889,23.64363221016562,0.3807402330363263,-4602,21.73,0.0234741784037559,0.0690314727873411,-700.5,3.73,-1057,0.0526421375117728,0.0134368606272684,80.87759815242495,175,0.3213427656166578,1.902638966623603,14.74
2015-10-01,4.286498736204512,0.0789021810991454,1689,338,3602,0.08,258,73,0.094,655,148,270,250,448236,22,129,95,34,176,24,1,0,3,-49,252,66,4571,1,102.48,-2.0,-1052.7,-37.5,-330.5,0.2,0.0,8.2,630.0,-300.2,-3022.8,3078.1,-1052.7,-3.9,0.0188234205901396,0.12,0.0909090909090908,3.85,95.0,128.91500000000002,2.27,2.09,-36.74,27.22,29.94,30.49,38165.99,483.7,604.85,13.3,4571.46,0.72,1006.5,5466,8.0,0.08,168.2,-2.1,-3.5,0.096,393.5,112.3,9.4,196.7,14.1,26.9,130.9,0.0,-0.3,0.0,4.6,3.8,23.65,0.4976167778836987,4455,75.635,2413.9,37.33,0.0836812570145904,901.2,1026.9,22.72001823985408,0.3875968992248062,-4455,21.79,0.002477606251191,0.0090664875755539,-1008.7,3.82,-1091,0.0524561971087537,0.0131349077968295,81.48629818857408,173,0.3277528852681602,1.783882537514669,13.61
2016-01-01,4.049509222298894,-0.0174645811767927,1754,338,4065,0.08,286,89,0.094,710,150,289,152,448236,29,149,112,43,188,17,1,0,3,-44,272,74,4571,0,115.66,37.0,-1041.6,-46.2,-344.6,0.2,0.0,-7.5,835.4,-416.3,-3711.4,3819.2,-1041.6,-8.0,0.1248528257456829,0.12,0.0909090909090908,3.94,92.92,109.9,2.06,1.85,448.84,27.93,30.16,30.02,42031.28,564.5,625.74,13.59,4571.46,0.72,1455.5,5647,9.6,0.08,160.6,-0.9,-4.7,0.096,206.7,107.2,7.1,206.7,10.5,29.9,138.0,0.0,-0.1,0.0,4.3,0.0,23.15,0.4564957831896144,4872,26.22931034482759,2453.7,38.05,0.1385550554498631,932.4,1060.077777777778,22.02680965147453,0.383485254691689,-4872,21.73,0.0715290335543499,0.1288111131156415,-1241.3,3.9,-1125,0.0528693773184878,0.0132133450943899,81.94920467527902,173,0.3144559784698193,1.779118004131225,14.29
2016-04-01,4.199878246490143,-0.0969283271451602,1754,333,3792,0.08,332,86,0.094,792,148,273,238,448236,25,235,107,45,200,20,2,0,3,-44,275,76,4571,0,128.46,-18.5,-486.9,-46.2,-219.4,0.2,0.0,-1.8,209.2,-128.5,-1600.1,1523.4,-486.9,2.2,0.1066020995373058,0.11,0.0999999999999998,3.91,93.62,114.475,2.1,1.94,-156.72,28.39,28.59,29.81,39648.55,458.65,607.45,14.46,4571.54,0.72,326.0,5695,6.3,0.08,163.6,-4.3,-15.7,0.096,407.3,-0.3,112.6,203.7,16.3,29.9,138.2,0.0,-0.1,0.0,4.3,2.2,24.14,0.4567983676497868,4608,40.95384615384616,2509.6,36.48,0.1076977401129944,912.3,826.0176838810642,24.69162995594714,0.393942731277533,-4608,20.47,0.0742212000836293,0.112295533909208,-330.6,3.54,-1154,0.0529434619844691,0.0132440292839441,80.19784490372726,169,0.3240284054228534,1.774414703718201,13.23
2016-07-01,4.186475648771261,0.0127685069767729,1754,341,3868,0.08,345,83,0.094,771,151,305,265,448236,29,149,96,45,199,23,1,0,3,-44,244,78,4571,0,91.14,-11.7,-584.4,-46.2,-244.1,0.2,0.0,4.8,443.0,-219.6,-3054.9,2714.8,-584.4,6.0,0.0457299141277496,0.12,0.0909090909090908,3.74,97.83,119.05,2.47,2.32,371.28,28.82,29.27,29.48,35585.26,560.13,647.83,12.77,4571.9,0.72,787.4,6018,6.1,0.08,165.2,-0.3,-1.3,0.096,436.2,-0.4,113.5,218.1,18.1,29.9,126.1,0.0,-0.1,0.0,4.3,4.0,23.09,0.4407660253568578,5014,35.60217391304348,2586.1,36.67,0.074184839044652,948.4,577.5331250575348,22.0305923416487,0.3778872805666769,-5014,20.83,0.029625382262997,0.0471698113207548,-617.6,3.93,-1222,0.052606392863401,0.0130723592415094,81.94666442331959,172,0.3151474530831099,1.746529566757544,11.17
2016-10-01,3.741884174647418,-0.1270534753590816,1754,340,3001,0.08,299,83,0.094,778,153,810,235,448236,32,128,89,46,198,26,3,0,3,-44,265,76,4571,0,93.18,-7.6,-1034.6,-46.2,-288.7,0.2,0.0,7.3,643.7,-312.7,-6107.7,4927.9,-1034.6,11.3,0.0788506060193381,0.12,0.0,3.68,99.46,231.26,2.53,2.4,15.58,28.06,29.84,29.46,33996.57,558.21,648.73,13.02,4572.46,0.72,1243.6,6530,7.6,0.08,159.6,-1.9,-3.3,0.096,429.1,0.0,121.7,214.5,18.8,29.9,138.1,0.0,-0.1,0.0,4.3,5.6,23.22,0.4217405801933979,4410,32.82244897959183,2562.8,37.24,0.0616844111189363,954.5,329.5015415054788,23.08410245774137,0.4311936119464897,-4410,21.47,0.0460076045627377,0.0698835274542428,-888.8,3.56,-1228,0.0521129228422419,0.0129748922924697,81.24526076333305,168,0.3323563740111529,1.697374181020629,10.77
2017-01-01,3.095832584844304,-0.2355042512813913,1754,363,2208,0.08,303,83,0.094,788,272,995,131,448236,62,139,66,48,202,24,12,0,3,-44,291,88,4571,0,99.05,-2.8,-1035.0,-46.2,-290.0,0.2,0.0,12.5,816.2,-411.7,-9905.7,7763.5,-1035.0,19.7,0.0242342303051448,0.12,0.0,3.82,95.85,343.47,3.97,2.34,454.61,26.96,28.81,29.13,36029.47,553.66,637.91,15.72,4573.3,0.72,1686.0,7117,7.6,0.08,128.4,5.8,12.1,0.096,397.3,100.5,7.2,198.6,20.0,28.8,142.3,0.0,-0.1,0.0,4.3,8.7,21.95,0.3982607333124412,4938,28.22105263157895,2557.0,37.18,0.0420996861882057,948.4,77.00206643986196,20.83294161887751,0.4298204380934474,-4938,21.05,0.0090005625351585,0.0054339140163017,-1133.2,3.83,-1323,0.0522296262240746,0.0128901514866204,82.7588889753365,176,0.3087791329549571,1.622140875590797,10.76
2017-04-01,3.116077943072008,-0.2580551720335874,1754,372,2305,0.08,337,87,0.094,902,273,938,171,448236,28,251,76,48,219,18,6,0,3,-44,312,93,4571,0,85.8,-16.6,-521.8,-46.2,36.3,0.2,0.0,15.5,185.1,-85.8,-2602.8,2626.4,-521.8,-0.6,0.0600206812834385,0.12,0.0909090909090908,3.6,101.6,226.4,2.79,2.4,49.8,28.24,28.42,29.09,33093.99,657.36,637.5,15.9,4574.12,0.72,558.2,6992,7.6,0.08,166.9,-13.8,-19.9,0.096,425.4,-11.0,126.3,212.7,20.0,28.8,145.4,0.0,-0.1,0.0,4.3,-0.3,22.19,0.4054228738078348,5092,42.2775,2649.7,36.23,0.0558256295824035,958.5,82.77749956961392,24.24785438083561,0.4357257379986796,-5092,20.39,0.0517711171662125,0.053866490416391,-150.7,3.39,-1386,0.052520908576022,0.0129544777967108,80.4842872324275,177,0.309761515080664,1.560435294095929,9.6
2017-07-01,3.000261354140338,-0.283344367470304,1754,366,2147,0.08,358,84,0.094,884,271,945,151,448236,27,143,96,47,224,21,5,0,3,-44,301,85,4572,0,63.18,25.2,-631.0,-46.2,-100.7,0.2,0.0,33.9,355.6,-149.0,-4089.2,3860.0,-631.0,5.6,0.0380072555471189,0.13,0.0833333333333334,3.51,104.33,109.33,3.13,1.42,289.9,27.35,29.2,29.07,31496.94,461.69,667.25,14.67,4575.05,0.72,935.8,7260,7.6,0.08,173.2,-6.8,-10.6,0.096,436.6,0.0,137.4,218.3,21.9,28.8,149.5,0.0,-0.1,0.0,4.3,6.5,21.17,0.39029974393734,5345,21.30365853658537,2733.4,36.23,0.0569583542786436,986.5,89.30785278566671,22.26132467063707,0.4178848583288215,-5345,21.21,0.0762947837386298,0.0262503883193538,-537.3,3.69,-1428,0.0528356901601502,0.0129341721399904,81.79201417078751,175,0.3065037003812514,1.507209187292373,9.07
2017-10-01,3.234722532239027,-0.1355364353190273,1754,25,1772,0.08,334,91,0.094,589,283,957,190,448236,29,141,84,49,300,36,5,8,3,-44,449,87,4346,0,64.14,19.5,-3181.9,-46.2,-8.5,0.2,0.0,49.5,356.0,-213.1,-7800.0,9095.1,-1158.4,9.6,0.0505203512019971,0.17,0.4166666666666667,3.42,106.9,95.295,2.7,2.43,83.0,2.88,29.68,29.04,35477.43,673.88,672.03,18.16,4552.76,0.79,1530.1,7637,13.6,0.08,202.2,-41.1,1.2,0.096,47.0,0.0,148.7,23.5,19.9,28.8,133.4,0.0,-0.1,0.0,4.3,4.5,25.21,0.369097197712995,3531,22.4,2750.1,35.92,0.0730841267363819,980.5,98.384708205335,24.56819847168429,0.4878048780487805,-3531,28.82,0.4407488186114139,0.0381026438569207,-753.9,3.29,-1520,0.0533538959094448,0.0129519274919646,80.27731092436974,170,0.3798480662983425,1.474845777993604,10.81
2018-01-01,3.223559841945911,0.0412578050011158,1754,29,1941,0.08,311,93,0.094,504,292,884,154,448236,22,167,118,44,304,37,7,12,3,-44,159,82,4347,0,96.97,50.9,-3181.8,-46.2,-16.4,0.8,0.0,50.4,524.3,-310.0,-10731.4,11483.0,-1158.2,34.6,0.0922445851193687,0.13,0.0833333333333334,3.7,98.98,81.26,3.0,2.17,434.8,26.29,27.68,28.74,37778.36,531.77,695.25,12.07,4349.62,0.79,1949.1,7666,9.8,0.08,180.2,-18.3,-23.3,0.096,409.0,94.3,7.0,204.5,20.2,29.8,135.8,0.0,-0.1,0.0,4.3,18.6,23.94,0.3614827842792397,3946,16.7785046728972,2809.7,36.44,0.0988267500977706,1014.5,152.190323621829,23.05686490823388,0.4600882470918572,-3946,20.41,0.0656011893700054,0.0753457319980925,-1076.1,3.55,-1546,0.0543579412460556,0.0131265799170935,81.26324368378158,167,0.3657511064826868,1.482079661756923,11.54
2018-04-01,4.266744236124292,0.3692674939696443,1754,33,1257,0.08,299,96,0.094,480,284,821,147,448236,37,373,121,29,277,45,5,10,3,-44,201,63,4347,0,80.18,14.3,-989.6,-46.2,11.6,0.8,0.0,31.1,183.5,-80.2,-3575.9,3523.3,-989.6,50.6,0.0648080076910024,0.12,0.0,3.6,101.59,96.7,2.58,3.14,-405.25,27.66,26.1,28.12,41504.32,664.77,688.06,12.71,4350.71,0.79,556.7,7134,2.8,0.08,167.8,0.9,-10.3,0.096,412.3,92.9,15.5,206.2,18.8,29.8,152.4,0.0,-0.1,0.0,4.3,50.9,25.01,0.3854311199207136,3353,15.67863247863248,2855.4,35.76,0.0776314299732046,1021.1,181.6194288332351,28.70840383530739,0.4882120699379582,-3352,18.88,-0.0022205773501109,-0.0012543116964565,-201.5,2.93,-1527,0.0551232307891187,0.0130642854236697,77.69500438212094,159,0.4031911889296809,1.50337030414433,13.35
2018-07-01,4.275083687325262,0.4249037609425856,1754,39,1601,0.08,323,96,0.094,401,269,712,133,448236,34,228,155,34,286,46,5,10,3,-44,189,46,4347,0,79.08,71.2,-1159.7,-46.2,-85.3,0.8,0.0,46.4,378.7,-159.2,-5976.2,5906.8,-1159.7,60.1,0.0507985532572032,0.13,0.0,3.53,103.61,112.14,1.41,2.88,197.71,27.04,27.33,27.66,43770.79,465.23,709.47,12.12,4352.21,0.79,919.1,7117,4.0,0.08,173.2,-5.0,-12.7,0.096,434.6,101.2,4.3,217.3,20.7,29.8,149.2,0.0,-0.1,0.0,4.3,10.8,24.06,0.3845308478820338,3462,11.48424242424242,2940.5,35.69,0.0757664447208603,1045.6,214.8836344407117,25.59537057645226,0.4551524593812598,-3462,19.94,0.0113832355984822,0.0569093385802934,-618.3,3.3,-1498,0.0558877187930456,0.0131880316103144,79.62076909445331,300,0.4086297943301834,1.540034586421933,14.43
2018-10-01,4.574170769936297,0.4140844305338687,1754,48,1522,0.08,310,97,0.094,474,281,652,164,448236,99,231,139,34,279,59,4,11,3,-44,230,50,4348,0,75.02,112.2,-1664.4,-46.2,-89.5,0.9,0.0,66.4,554.2,-234.0,-8651.6,8389.5,-1665.3,135.6,0.0190387182910547,0.12,-0.2941176470588236,3.66,99.98,93.22,2.63,3.26,37.79,29.66,23.98,26.21,41188.53,621.14,682.68,10.82,4352.73,0.72,1449.8,7330,17.4,0.08,107.9,24.0,6.9,0.096,422.7,81.9,22.6,211.4,20.7,29.8,155.8,0.0,-0.1,0.0,4.3,74.3,23.85,0.3707623438230774,3726,8.887671232876713,2971.8,34.49,0.0806152503545327,1025.4,212.8914716454746,27.48876043673732,0.4783772211517876,-3718,16.87,-0.3677305411883437,-0.0889887640449438,-844.0,3.08,-1619,0.0567222094293679,0.0128359144958281,78.4382871536524,313,0.3993818035210321,1.585362192867254,12.47
2019-01-01,4.276375834207063,0.3266004181345108,1754,57,2000,0.08,271,98,0.094,441,276,670,166,448236,89,518,131,67,335,50,6,11,3,-44,276,52,4336,0,115.6,131.1,-2076.7,-46.2,-84.7,0.9,0.0,41.1,699.3,-349.9,-11776.3,11970.0,-1961.2,137.4,-0.0416617935623041,0.13,0.0,3.87,94.52,74.3,2.35,2.85,185.33,22.81,24.53,25.45,46753.75,598.73,658.37,9.63,4353.02,0.73,1917.4,7398,11.8,0.08,153.3,-17.0,1.7,0.096,171.1,87.9,6.5,171.1,23.4,29.8,167.4,0.0,-0.1,0.0,4.3,2.6,23.72,0.3634758364312267,3735,8.485355648535565,3058.3,33.58,0.0884791970673026,1030.3,169.534997961264,30.47507456327227,0.4905198125266297,-3726,18.93,0.0088943146145796,-0.0307464892830745,-1062.4,2.84,-1650,0.0563627546312477,0.0123958030499118,76.64299126459304,314,0.4000915750915751,1.632243225647918,14.08
2019-04-01,5.344851044172801,0.2526766893878341,1754,67,1675,0.08,282,98,0.094,523,189,548,161,448236,101,883,131,91,358,111,3,11,3,-44,269,56,4271,0,144.42,-146.7,-1351.7,-46.2,-86.7,0.1,0.0,47.8,180.5,-144.4,-1561.0,1890.3,-646.6,7.0,-0.0060943225874978,0.13,0.0833333333333334,3.7,98.96,86.25999999999999,2.39,2.22,-149.74,26.42,23.7,24.86,45437.0,641.26,650.61,11.0,4308.29,0.74,486.0,7566,9.2,0.08,158.4,-0.6,-13.7,0.096,196.3,93.4,12.5,196.3,2.9,29.8,151.9,0.0,-0.1,0.0,4.3,7.5,26.61,0.3674013605442176,2993,6.705993690851735,3136.1,32.17,0.0983049660292778,1010.3,131.80746172938,51.74560546875,0.635986328125,-2382,17.44,0.01316765578635,0.0095761381475667,-202.0,2.08,-1716,0.0561204417500331,0.0120939841877706,65.89976671225163,310,0.4343027281539953,1.646489987588315,13.94
2019-07-01,5.218227314316323,0.220614073541364,1754,74,1611,0.08,211,94,0.094,451,186,558,153,448236,57,286,123,89,340,109,3,11,3,-44,187,53,4239,0,126.12,-153.1,-1891.1,1.4,-178.2,0.1,-4.7,68.3,385.2,-270.4,-2857.3,3433.7,-775.2,11.7,0.040259890938624,0.13,0.0,3.64,100.6,98.22,3.17,2.9,284.38,26.55,24.29,24.12,48351.35,542.32,703.57,9.43,4255.82,0.74,883.8,8197,11.1,0.08,151.1,4.7,-4.1,0.096,207.4,84.7,4.3,207.4,3.1,29.8,162.1,0.0,-0.1,0.0,4.3,5.1,24.67,0.3519263419093639,2777,7.097682119205298,3216.7,33.45,0.0939296038088759,1073.2,89.75110756271329,40.7960779736197,0.6007937434341076,-2149,17.84,-0.0257503410641201,-0.0001432049262493,-564.9,2.54,-1735,0.0558145088603106,0.0117333690211346,71.02470568728238,300,0.465177151120752,1.625748385482286,15.15
2019-10-01,5.558015420438908,0.2150869960887603,1754,77,1766,0.08,237,91,0.083,468,184,594,169,448236,47,219,115,90,325,113,4,29,3,-44,205,51,4240,-32,104.91,-188.9,-2480.6,1.4,-294.2,0.4,-4.7,77.5,579.1,-374.9,-4127.7,4725.5,-1352.3,12.6,0.0692162565836018,0.15,0.25,3.59,102.01,102.735,2.53,2.33,108.42,23.65,25.33,24.47,43446.45,788.14,712.58,10.76,4245.72,0.75,1554.8,8188,10.8,0.08,155.7,-1.1,-15.3,0.096,194.2,78.2,37.9,194.2,3.4,29.8,157.7,0.0,-0.1,0.0,4.3,1.4,25.98,0.3511792756798556,2803,8.208365019011408,3242.8,33.39,0.0911905242613904,1084.0,80.0155360278757,42.0565130730449,0.5851799742056513,-2170,19.34,0.2488028731045491,0.1693800361782603,-715.4,2.54,-1786,0.0554696369940777,0.0118712273641851,70.39451964344669,297,0.4551298245614036,1.616361634432102,13.47
2020-01-01,4.811975621754453,0.1252461917081948,1754,80,1579,0.06,168,83,0.083,431,175,549,96,448236,51,275,138,91,368,111,20,33,52,-44,211,53,4241,-14,92.35,-52.6,-2481.6,1.4,-273.4,0.8,-4.7,80.4,755.0,-466.5,-5444.7,5841.1,-1342.3,22.7,0.0763149687444912,0.14,0.0769230769230771,3.55,103.16,107.25,1.25,2.79,604.49,21.12,23.62,24.24,36112.24,696.84,690.36,13.0,4245.98,0.76,2151.3,8110,10.8,0.08,163.0,-45.3,-24.0,0.096,160.2,75.6,9.1,160.2,3.2,29.8,172.8,0.0,-0.1,0.0,4.3,10.2,25.45,0.3554939386123291,3041,5.643271767810027,3210.4,33.38,0.0497335120818756,1071.6,62.17221856755824,41.73572744014733,0.5835635359116023,-2374,18.63,0.0305963699222127,0.0367546133902698,-915.3,2.62,-1753,0.0553090819943142,0.0118016917969705,70.55384115640734,282,0.4431805632247377,1.598823088839248,11.33
2020-04-01,4.641078085324874,-0.1316730724638645,1754,88,1676,0.06,177,73,0.083,638,183,853,82,448236,127,646,185,86,315,141,12,23,52,-44,239,587,4241,-14,54.96,-11.7,-17.9,2.9,-3.7,0.4,-4.7,-0.5,205.5,-55.0,-1071.1,949.2,0.0,13.0,0.0904658214996592,0.13,0.0,3.45,106.24,101.015,2.38,2.09,741.95,26.24,24.47,24.43,41321.39,796.91,716.64,14.54,4246.28,0.76,728.1,8419,12.0,0.08,147.4,23.9,26.2,0.096,200.3,58.8,3.8,200.3,3.2,29.8,121.9,0.0,-0.1,0.0,4.3,9.5,27.79,0.3531435720988427,2834,5.654918032786885,3119.0,33.67,-0.005452632250247,1049.4,59.75258926656248,48.99382574891379,0.6071796044358065,-2178,18.05,0.0212337543474281,0.0995179598818223,-98.2,2.25,-1813,0.0544303750863793,0.0119000268286594,67.11687514388765,281,0.4040155440414508,1.554795566471802,12.62
2020-07-01,3.948905332211948,-0.2432477363762905,1754,101,2295,0.06,198,86,0.083,481,188,1054,93,448236,44,147,190,84,292,179,11,29,52,-44,196,0,4243,-14,119.61,-63.5,-585.4,2.9,75.0,0.8,-2.7,20.0,445.0,-173.9,-2324.2,1997.3,-536.8,21.2,0.1914640493717006,0.15,0.1538461538461537,3.54,103.27,94.78,2.13,1.77,149.48,28.03,27.47,25.25,58149.9,811.43,846.41,13.25,4248.96,0.75,1399.9,8786,17.5,0.08,183.9,23.4,17.4,0.096,254.5,67.7,9.0,254.5,1.9,29.8,123.2,0.0,-0.1,0.0,4.3,8.5,27.15,0.3492198080433375,3536,6.568730650154798,3305.4,35.78,0.0275748437840024,1183.7,56.88717872734679,38.84169084127642,0.5810194778284293,-2836,19.77,0.140906704008402,0.2000859352621025,-322.8,2.77,-1934,0.0539674189191259,0.0122964940208935,72.02447578538916,289,0.424149878095727,1.538583664592014,16.32
2020-10-01,5.374243454991729,-0.03306431370654,1754,113,2166,0.06,181,83,0.083,582,190,1095,101,448236,71,166,253,91,285,184,5,43,52,-44,232,61,4243,-14,57.19,-55.0,-1289.7,3.1,90.8,1.5,1.9,40.7,710.0,-231.4,-4105.1,3803.5,-1221.5,24.0,0.2350843656949602,0.17,0.1333333333333335,3.44,106.24,87.1,1.71,1.43,104.63,27.07,27.58,25.85,72960.06,851.54,895.99,14.27,4250.61,0.74,2169.3,9185,15.3,0.08,203.3,11.7,1.2,0.096,262.4,71.0,11.8,262.4,2.8,29.8,126.2,0.0,-0.1,0.0,4.3,3.0,28.08,0.3625050365509699,3417,6.707374631268437,3513.9,35.43,0.0836005920809177,1240.1,50.80445841746036,41.50520089740975,0.6001427697328167,-2664,20.11,0.1252596261383607,0.2558008718886233,-580.9,2.6,-2008,0.0542503022226256,0.0128637502011379,70.66878062842318,291,0.439732198723564,1.525110081492192,19.34
2021-01-01,6.232390709766153,0.2951833508029733,1754,136,2675,0.06,145,83,0.083,590,191,1622,107,448236,81,167,183,95,278,254,3,58,52,-44,286,69,4245,-14,51.98,-33.0,-1318.4,3.1,85.3,2.0,1.9,42.0,943.4,-283.9,-6296.5,5594.9,-1228.2,25.6,0.2623370078740157,0.16,0.1428571428571428,3.49,104.94,79.42,2.67,1.28,809.67,26.78,26.36,26.5,79406.76,861.66,884.29,11.07,4251.78,0.73,2966.5,9696,21.3,0.08,180.0,26.2,26.7,0.096,254.7,68.7,5.3,254.7,3.0,29.8,143.1,0.0,-0.1,0.0,4.3,1.0,27.29,0.3755138717286308,3630,6.503314917127072,3608.8,34.78,0.1240966857712436,1254.6,50.81671934067535,41.95402298850575,0.624197720088131,-2843,19.3,0.1677289500167729,0.2993527508090614,-775.4,2.54,-2063,0.0549048624992482,0.0134612525595694,70.44534412955466,290,0.4345857418111754,1.501447834256371,19.88
2021-04-01,7.95740453913094,0.714559503812771,1754,149,2198,0.06,124,94,0.083,710,188,1612,95,448236,76,594,220,94,274,266,3,57,52,-44,221,71,4242,-14,68.63,3.0,-957.0,0.0,-0.5,1.1,6.1,-43.3,265.8,-68.6,-1686.6,1364.5,-863.8,6.0,0.2421688370554582,0.17,0.3076923076923077,3.51,104.17,82.36,1.71,1.41,23.06,27.52,25.72,26.75,90220.84,955.65,901.53,-3.55,4253.31,0.73,862.9,9122,16.1,0.08,195.3,15.5,5.2,0.096,267.8,76.1,8.3,267.8,2.3,29.8,140.2,0.0,-0.1,0.0,4.3,6.0,29.45,0.4022575679835813,3426,6.990529247910863,3783.0,33.66,0.2128887463930746,1273.4,51.99419533107151,52.32774674115456,0.6636316606311433,-2676,18.64,0.2627711059329629,0.2662989676141987,-158.0,2.09,-2097,0.0566075138467058,0.0139927244384128,65.6479217603912,285,0.4552346570397112,1.545687967849228,22.11
2021-07-01,8.471609529889776,1.145305804316274,1754,76,1951,0.06,69,95,0.083,653,190,1361,93,448236,127,232,215,88,356,330,4,56,52,-44,281,71,4191,-14,70.75,47.2,-2409.3,0.1,-21.5,1.2,13.5,-11.1,540.6,-139.4,-3616.7,3573.0,-861.8,11.8,0.105862040272924,0.17,0.1333333333333335,3.66,100.0,85.94,1.79,1.51,744.73,27.12,25.16,26.16,94656.88,815.48,947.25,11.62,4218.29,0.73,1574.3,9304,16.1,0.08,190.1,14.6,4.5,0.096,272.7,66.4,4.3,272.7,2.0,29.8,140.8,0.0,-0.1,0.0,4.3,5.9,29.64,0.4012050856826976,3036,6.247663551401869,3996.6,33.21,0.2091123615901251,1322.6,53.71767878695386,51.71243770543951,0.6592089916233698,-2287,18.34,0.1228904571954588,0.1234037474638978,-505.1,2.17,-2120,0.0583638403854869,0.0141613253304869,65.91417388873357,283,0.4939562476826103,1.599032991854627,22.72
2021-10-01,10.09713568537098,0.8788013177915326,1754,90,1590,0.06,66,97,0.083,735,192,1620,71,448236,165,310,191,85,365,311,4,67,52,-44,304,66,4191,-14,67.14,150.6,-3273.2,1.2,-136.4,1.9,14.5,-17.0,830.4,-206.5,-6036.5,5867.1,-1704.5,19.0,0.1172887275036212,0.18,0.0588235294117645,3.58,102.09,85.19999999999999,1.59,1.33,-90.63,26.7,24.93,25.5,106246.64,815.55,1006.16,12.48,4198.92,0.73,2294.3,9658,15.6,0.08,196.3,15.5,7.7,0.096,283.1,58.5,9.9,283.1,1.9,29.8,149.2,0.0,-0.1,0.0,4.3,7.2,30.49,0.396858249747917,2632,5.66,4253.3,32.92,0.2104214690230228,1395.0,60.06798475781508,57.16738197424893,0.6983905579399141,-1868,18.27,0.1008093142126936,0.118589025755879,-912.7,1.94,-2162,0.0602486720925664,0.0143244523705892,63.62643364281814,282,0.5225826268583365,1.65685497059336,24.95
2022-01-01,9.856361597418248,0.5814736361077835,1754,26,1775,0.06,55,97,0.083,717,189,1822,88,448236,152,175,167,36,335,307,3,60,52,-44,306,349,4193,-14,83.52,199.9,-3308.4,1.2,-158.8,2.8,3.9,-5.6,1069.6,-290.1,-8610.8,7906.2,-1698.7,22.8,0.0490528753068924,0.18,0.125,3.63,100.72,84.46,1.63,1.34,792.47,24.5,23.37,24.75,105339.91,875.99,928.92,11.96,4202.07,0.74,3061.5,9736,18.2,0.08,204.1,2.4,3.1,0.096,245.7,77.3,4.1,245.7,2.0,29.8,161.8,0.0,-0.1,0.0,4.3,3.9,29.15,0.3894092219020173,3155,5.433944954128441,4291.7,31.0,0.189231877632454,1330.2,66.39026351713977,56.45210033242671,0.6728115241261207,-2383,17.64,0.0857512209135304,0.0470961168345975,-1180.8,2.0,-2148,0.0600154842091861,0.0138675597073527,63.91732663704849,276,0.4848282873926796,1.725467564186327,24.6
