Date_x,"BPS(지배, Adj.)(원/주)",BPS증가율(YoY)(비율),BS_Accounts Payable,"BS_Accumulated Intangible Amort, Suppl.","BS_Curr Derivative Liab. Hedging, Suppl.","BS_Goodwill, Net",BS_Income Taxes Payable,BS_Intangibles - Gross,"BS_Intangibles, Net",BS_Inventories - Finished Goods,BS_Inventories - Raw Materials,BS_Land/Improvements - Gross,BS_Long Term Investments,BS_Minority Interest - Non Redeemable,BS_Note Receivable - Long Term,BS_Notes Receivable - Short Term,BS_Number of Common Shareholders,BS_Other Comprehensive Income,"BS_Other Current liabilities, Total",BS_Other Equity,BS_Other Long Term Assets,"BS_Other Long Term Assets, Total",BS_Other Long Term Liabilities,BS_Other Property/Plant/Equipment - Gross,BS_Pension Benefits - Underfunded,BS_Prepaid Expenses,BS_Provision for Doubtful Accounts,BS_Receivables - Other,BS_Reserves,BS_Restricted Cash - Current,BS_Total Common Shares Outstanding,BS_Total Inventory,BS_Total Preferred Shares Outstanding,BS_Translation Adjustment,BS_Unrealized Gain (Loss),CAPEX(천원),CF_Acquisition of Business,CF_Cash Interest Paid,CF_Cash Taxes Paid,CF_Cash from Financing Activities,CF_Foreign Exchange Effects,"CF_Investment, Net","CF_Issuance (Retirement) of Debt, Net","CF_Issuance (Retirement) of Stock, Net","CF_Long Term Debt, Net",CF_Net Cash - Beginning Balance,CF_Net Cash - Ending Balance,CF_Net Change in Cash,CF_Other Financing Cash Flow,CF_Other Investing Cash Flow,"CF_Other Investing Cash Flow Items, Total",CF_Purchase/Acquisition of Intangibles,CF_Sale of Business,"CF_Short Term Debt, Net",CF_Total Cash Dividends Paid,CF_Total Debt Reduction,EBITDA2마진율(비율),EPS증가율(YoY)(비율),"FS_Accounts Receivable Turnover, TTM","FS_Average Inventory Days, TTM","FS_Average Payables Payment Days, TTM","FS_Average Receivables Collection Days, TTM",FS_Dividend Coverage - %,"FS_Dividend Yield - Common Stock - Net - Issue Specific - %, TTM","FS_Earnings Retention Rate, TTM",FS_Free Cash Flow Net of Dividends,"FS_Free Cash Flow Yield - %, TTM",FS_Income Tax Rate - %,FS_Income before Tax Margin - %,"FS_Income before Tax Margin - %, TTM",FS_Interest Coverage Ratio,"FS_Inventory Turnover, TTM",FS_Net Change in Cash - Total,"FS_Payables Turnover, TTM","FS_Pretax ROA - %, TTM","FS_Pretax ROE - %, TTM",FS_Shares used to calculate Diluted EPS - Total,FS_Total Debt Percentage of Total Equity,Free Cash Flow2(천원),Gross Investment (GI),"IS_Amort of Intangibles, Supplemental",IS_DPS - Common Stock Primary Issue,IS_Excise Tax Receipts,IS_Gross Dividends - Common Stock,IS_Income Tax - Total,"IS_Interest Expense, Net Non-Operating",IS_Interest Income - Non-Operating,IS_Interest/Invest Income - Non-Operating,IS_Investment Income - Non-Operating,IS_Other Tax,"IS_Other, Net","IS_Other, Net.1",IS_Selling/General/Administrative Expense,IS_Special DPS - Common Stock Primary Issue,IS_Total Adjustments to Net Income,Opex Margin,ROA(비율),ROE(지배)(비율),ROGI(%),매입채무회전율,매출액(천원),매출액이익률(비율),매출액증가율(YoY)(연도),매출원가(천원),매출채권회전율,매출총이익(천원),무형자산,무형자산감상비 누계,무형자산회전율s,부채비율(비율),부채총계(천원),비유동자산(천원),순부채(천원),순이익증가율(YoY)(비율),영업이익증가율(YoY)(연도),운전자본증감(천원),유형자산감상비 누계,이자보상율,인당매출s,인당순이익s,인당영업이익s,자기자본비율,자본금(천원),재고자산회전율(비율),채무총계,총자산회전율(비율),투자비 대비 매출 (Rev/GI)s,현금배당성향(%),EV_EBITDA
2006-10-01,10.56254629380412,-0.1694503979293157,310,8,12,285,36,65,57,9,5,48,190,59,663,262,592021,-95,351,0,624,20,42,117,31,32,-26,0,18,0,3914,14,1000,10,8,49.45,-39.7,1.3,135.1,-176.4,2.1,-19.4,-13.2,4.7,-13.2,95.1,219.8,124.6,-1.3,5.2,-52.6,0.0,0.0,-94.9,-166.6,-23.8,28.5,0.5,3.62,18.76,369.47,101.05,456.2,0.57,0.74,88.57,2.15,13.88,26.93,25.26,493.32,19.51,85.15,0.99,47.52,66.62,3914.44,0.93,351.6,1840,2.1,0.02,0.0,54.6,30.3,-1.2,0.7,-0.6,-0.6,1.1,2.7,8.3,265.4,0.11,0.0,0.7137601177336278,41.56,59.28,0.6580332409972299,0.147741935483871,1087.2,100.0,0.5079056865464633,45.8,-13.69269521410579,1041.4,70,-8,56.51714285714286,45.65217391304348,840,1041,-155,0.497294046903187,0.4278557114228458,538.6,-205,95000.0,0.0629647313470842,0.0137652788388082,0.0151180926916221,68.65671641791045,22,0.6690461538461538,13,1.88,2.458150397619169,0.2165807219357398,24.91
2007-01-01,11.39251035458606,0.5752004975340488,320,11,12,307,40,69,58,5,5,49,292,49,663,282,722905,-95,418,0,624,17,42,130,31,33,-22,0,18,0,3914,10,1000,3,8,90.29,-40.0,1.9,142.4,-152.3,-1.6,-109.9,87.0,4.7,87.0,95.9,309.6,213.8,-1.9,7.0,-125.3,0.0,16.1,-94.9,-242.1,-23.8,28.36,-0.2999999999999999,3.45,14.18,278.8,106.11,305.33,0.82,0.72,67.66,1.92,15.43,27.67,26.32,371.8,25.81,90.37,1.31,45.1,64.61,3914.44,5.6,493.0,2092,2.1,0.02,0.0,89.0,30.3,-1.2,3.3,8.1,4.8,1.1,2.7,15.0,56.3,0.11,0.0,0.7083581835221948,39.02,56.74,0.5925631564007947,0.89375,1173.7,80.33,0.1975308641975309,286.0,-14.78211586901763,887.7,70,-11,59.28285714285714,49.0014612761812,1006,1231,-157,0.3524141363862616,0.4516594516594516,769.9,-234,3725.925925925926,0.0610803243043718,0.0137425965136437,0.0153357116384319,67.11343576332135,23,0.6455995599559956,118,1.71,2.33428680225137,0.3239898070622497,23.31
2007-04-01,11.21850424991573,-0.1224182604033517,358,13,12,347,78,70,57,5,5,52,544,47,663,384,722905,-95,564,0,624,22,42,143,31,45,-24,22,18,0,3914,10,1000,-26,8,60.73,-38.3,1.7,142.4,-13.6,-11.7,-109.9,-10.0,4.7,-10.0,340.4,235.9,-104.6,-1.7,0.8,-260.5,0.0,16.1,-94.9,-1.9,-23.8,25.07,2.0,3.22,11.5,283.37,113.81,409.75,1.04,0.73,182.43,2.79,11.28,26.53,26.79,166.83,31.84,-104.6,1.29,43.15,62.8,1957.22,4.38,181.3,2582,2.1,0.02,0.0,71.6,37.6,-1.2,3.0,6.6,3.5,-20.0,2.7,5.0,335.9,0.11,0.0,0.6265012328004453,37.46,55.1,0.5449902723735408,0.3734636871508379,1257.3,90.64,0.3709519136408244,133.7,-15.83501259445844,1123.6,70,-13,64.14285714285714,49.13437757625722,1192,1597,-84,0.5056468172484598,0.5480769230769231,242.5,-274,4878.787878787879,0.0611754319829444,0.014069387997901,0.0157877699806184,67.05362078496407,24,0.6252113376429637,108,1.61,2.221823139791808,0.2419736397431565,20.76
2007-07-01,10.37808527567715,-0.1275189516866977,392,15,12,357,74,71,56,4,6,53,417,48,663,417,722905,-95,464,0,624,29,42,155,31,54,-28,43,18,0,3914,10,1000,-30,8,62.88,-38.5,3.8,142.4,-213.0,-10.6,-109.9,-10.4,4.7,-10.4,343.2,265.5,-77.8,-3.8,6.7,-115.7,0.0,16.1,-94.9,-198.8,-23.8,25.02,0.3333333333333335,3.14,9.415,284.195,116.745,426.32,1.27,0.74,-117.72,2.78,14.03,26.27,26.84,146.5,40.89,27.9,1.285,40.575,58.495,3914.44,4.08,261.6,2879,2.1,0.02,0.0,72.8,50.7,-1.2,3.4,7.5,4.1,-19.0,2.7,43.0,411.2,0.11,0.0,0.5990401396160558,35.175,51.425,0.5201495820501539,0.3579081632653062,1375.2,91.12,0.4151059888866022,140.3,-17.31989924433249,1235.0,70,-15,69.90571428571428,42.3629002576371,1151,1532,-116,0.4087193460490464,0.2481927710843375,385.8,-310,4144.000000000001,0.0617775902949255,0.0141893983029316,0.0154564259414337,70.24301964839711,25,0.5912295786758384,109,1.54,2.116525588673342,0.2343850611719253,18.6
2008-01-01,3.321046178528781,-0.7084886407681086,472,15,12,316,80,71,56,5,6,53,651,53,663,353,722905,-95,549,0,624,22,42,1072,31,67,-27,88,18,0,3914,11,1000,0,8,116.44,-39.1,6.5,271.8,-359.5,-3.5,-7102.5,-5.3,25.4,-5.3,286.2,266.2,-20.0,-6.5,10.4,-311.3,0.0,0.5,-94.9,-373.1,-23.8,25.15,0.1428571428571428,3.06,7.33,285.02,119.68,254.39,1.66,0.73,43.55,4.63,15.32,24.54,25.84,197.9,49.94,21.07,1.28,38.0,54.19,3914.44,3.82,654.3,3301,2.1,0.03,0.0,123.3,50.7,-1.2,4.4,11.1,6.6,-19.0,2.7,58.7,495.2,0.11,0.0,0.568860311003215,32.89,47.75,0.3480437604301873,0.3430084745762712,1524.1,90.55,0.2985430689273236,161.9,-19.19521410579345,1362.2,70,-15,59.38,42.8246013667426,1316,1883,-114,0.1542142068457859,0.0086149768058314,971.3,-405,790.6493506493506,0.0444404418027851,0.0098666203933232,0.0101264020156756,70.01594896331738,24,0.6106169871794871,114,1.47,1.426322531606039,0.3893274392169245,13.82
2008-04-01,6.965670011909781,-0.379091021696399,538,21,12,358,105,70,48,3,5,64,728,52,663,379,722905,-95,758,0,624,25,42,218,31,86,-26,107,18,0,3914,9,1000,44,8,102.6,0.0,1.5,271.8,-7.2,16.8,-2023.5,-3.7,0.0,-3.7,257.0,311.9,54.9,-1.5,-14.7,-121.7,0.0,0.5,-94.9,-2.0,-23.8,24.32,-0.4666666666666667,2.88,6.63,323.14,127.19,439.61,1.69,0.73,170.29,3.69,12.43,23.14,24.97,208.47,55.19,54.96,1.13,34.49,51.21,3914.44,3.72,167.0,3196,2.1,0.02,0.0,70.7,88.8,-1.2,4.8,-5.5,-10.2,20.7,2.7,14.5,465.3,0.11,0.0,0.5994686365992743,29.77,44.92,0.3468674281758394,0.2840148698884759,1543.2,91.97,0.2273920305416368,152.8,-19.43576826196474,1390.4,70,-21,63.46428571428572,52.66447368421052,1601,1970,-154,0.059324923286737,0.0816770186335404,270.0,-365,904.6753246753248,0.0436011807825979,0.0092283710981453,0.0094903030631685,65.50312432665373,23,0.5797145003756574,110,1.38,1.422227996318417,0.2260230179028133,13.95
2008-07-01,7.117678791119359,-0.3141626222901753,440,21,12,326,96,63,42,3,5,65,586,52,663,397,722905,-95,636,0,624,24,42,205,31,90,-33,121,18,0,3914,8,1000,75,8,31.09,-8.0,3.2,271.8,-231.0,24.1,-4204.3,-10.9,0.6,-10.9,250.4,337.2,86.7,-3.2,-9.3,-21.6,0.0,0.5,-94.9,-217.5,-23.8,26.18,-0.1249999999999999,2.8,6.6,317.82,130.73,432.93,2.18,0.73,-57.79,5.37,14.64,21.65,23.77,292.23,55.41,32.45,1.15,33.74,47.94,3914.44,3.53,315.2,3104,2.0,0.02,0.0,67.2,100.9,-1.2,4.7,11.6,6.8,26.8,2.7,-54.5,471.4,0.11,0.0,0.6132478632478633,29.06,41.83,0.35961892027411,0.3272727272727273,1591.2,93.62,0.1570680628272252,144.0,-20.04030226700252,1447.2,70,-21,66.55000000000001,46.30442119473507,1372,1728,-166,-0.0622179239200516,0.237129987129987,451.0,-359,998.7012987012988,0.0418151462654949,0.0082149236582979,0.0093100074501602,68.35063437139561,21,0.6122354751827627,105,1.42,1.457191006097728,0.2284937096225773,10.0
2008-10-01,5.608132888984084,-0.4596177676312103,478,22,12,736,181,55,33,5,5,68,135,53,663,404,722905,-95,705,0,624,32,42,222,31,167,-35,134,18,0,3914,10,1000,77,8,56.63,-547.2,4.4,271.8,-301.8,21.6,-5534.6,-13.2,0.6,-13.2,239.3,535.7,296.4,-4.4,-12.9,-90.2,0.0,0.5,-94.9,-284.8,-23.8,26.71,-0.1249999999999999,2.89,6.88,349.18,126.865,463.95,3.03,0.73,272.25,7.87,14.87,22.18,22.81,174.25,53.25,196.23,1.055,32.16,45.555,3914.44,5.14,666.8,3066,1.7,0.02,0.0,60.4,98.9,-1.2,5.8,12.9,7.1,33.8,2.7,-49.8,431.5,0.11,0.0,0.6148968831342188,27.735,39.795,0.4025191774242479,0.3046025104602511,1498.3,92.59,0.0895142524723675,145.6,-18.87027707808564,1352.8,70,-22,87.95428571428572,48.37864395676384,1477,1706,-351,-0.096067053513862,0.1901544401544399,858.6,-415,960.7792207792206,0.0552640318830953,0.0107318211602502,0.0126302656027,67.39514348785872,20,0.5324449182658137,105,1.4,1.945873328341694,0.2135030045952634,6.59
2009-01-01,3.117160179157488,-0.0613921000826354,418,22,12,645,95,55,33,3,5,68,319,55,663,357,722905,-144,740,0,624,12,42,1156,31,114,-33,154,18,0,3914,7,1000,93,8,52.69,-533.3,7.1,264.3,-364.6,19.6,-6449.5,-6.3,0.9,-6.3,232.8,318.3,85.5,-7.1,31.1,-498.8,0.0,0.5,-94.9,-352.0,-23.8,25.75,-0.1249999999999999,2.98,7.16,380.54,123.0,270.7,2.69,0.74,213.02,8.72,12.55,21.56,22.11,297.19,51.09,-187.52,0.96,30.58,43.17,3924.04,6.75,929.3,3172,1.8,0.03,0.0,98.6,39.1,-1.2,6.7,22.0,15.2,-24.1,2.7,-48.9,421.0,0.11,-1.6,0.6260382059800664,26.41,37.76,0.4454194345743859,0.2854066985645933,1444.8,92.74,-0.0520307066465455,119.3,-18.19647355163728,1325.5,70,-22,86.82142857142857,43.47826086956522,1350,1805,-348,-0.1438137755102041,0.1133377135348226,1179.6,-467,880.2597402597402,0.0516335765359855,0.0097846004179572,0.0122553266072417,69.6969696969697,19,0.5466515323496027,112,1.38,1.939650253290495,0.3618348623853211,7.2
2009-04-01,2.713147010361118,-0.6104973382715192,530,29,12,727,115,63,34,3,4,69,569,62,663,413,722905,-90,815,0,624,19,42,252,31,134,-45,166,18,0,3914,7,1000,84,8,36.21,-2.6,0.8,264.3,0.7,6.1,-1903.0,0.4,1.1,0.4,292.5,299.2,6.7,-0.8,-2.2,-225.4,0.0,0.5,-94.9,0.0,-23.8,27.26,0.0,2.9,6.55,434.49,126.3,391.87,1.86,0.71,230.59,6.58,15.17,25.37,22.7,486.99,55.84,6.7,0.84,29.31,42.49,3918.11,5.91,225.3,3505,1.9,0.02,0.0,80.5,114.0,-1.2,7.7,-9.1,-16.8,56.7,2.7,13.6,388.4,0.11,-1.6,0.6467094161322984,25.1,36.8,0.4371586330398448,0.2549056603773585,1481.5,92.58,-0.0399818558838777,135.1,-18.65869017632242,1346.5,70,-29,85.94,43.48680516563729,1549,2163,-485,0.0148052784036047,0.0663221360895778,261.8,-483,964.6753246753244,0.0480869625557609,0.0091889506624435,0.0117124066259244,69.69281940911759,41,0.5037402244134648,112,1.29,1.879478569356047,0.2524302289118846,9.83
2009-07-01,3.341103885309189,-0.5305908030750357,588,30,12,725,80,61,31,3,3,69,666,66,663,430,722905,-66,623,0,624,27,42,259,31,133,-58,197,18,0,3914,6,1000,94,8,45.77,-2.7,1.6,264.3,-219.3,11.8,-4557.9,-1.4,1.1,-1.4,293.6,324.2,30.6,-1.6,-16.6,-373.8,0.0,0.5,-94.9,-217.5,-23.8,28.49,0.2857142857142856,2.82,5.41,415.46,129.76,419.53,1.25,0.68,173.59,5.17,14.29,26.09,23.82,552.98,67.69,23.97,0.88,30.51,42.28,3914.44,5.44,611.9,3868,2.0,0.02,0.0,81.1,57.5,-1.2,8.1,7.9,-0.2,-31.9,2.7,-10.4,393.2,0.11,-1.6,0.6572337249302265,26.15,36.62,0.4259036144578313,0.229421768707483,1540.7,92.64,-0.0317370537958773,134.9,-19.40428211586902,1405.8,70,-30,85.21857142857144,36.94747789911597,1421,2280,-435,0.1698178068064629,0.0520156046814044,694.5,-514,1050.64935064935,0.0445212905118345,0.008944927357059,0.0110747951966616,73.02069489272832,41,0.5168399865816841,111,1.28,1.765169248361154,0.2354136429608128,15.19
2009-10-01,4.676704987370039,-0.1660852051925563,611,32,12,741,97,62,30,2,3,71,841,71,663,468,722905,-25,635,0,624,34,42,274,31,137,-63,210,18,0,3914,5,1000,71,8,56.4,-2.7,2.4,264.3,-416.6,4.0,-7891.3,-99.3,1.1,-99.3,297.5,245.5,-52.0,-2.4,-17.0,-658.9,0.0,0.5,-94.9,-316.1,-23.8,29.71,0.4285714285714286,2.87,5.94,444.64,127.62,465.95,1.1,0.67,314.18,4.46,14.89,28.33,25.39,575.09,61.57,-85.3,0.82,31.15,42.49,3914.44,0.23,1019.5,4142,2.0,0.02,0.0,84.1,138.6,-1.2,10.1,9.8,-0.3,60.2,2.7,3.7,424.2,0.11,-1.6,0.6516737674984784,26.69,36.74,0.4347669256381798,0.2422258592471359,1643.0,93.2,0.0965761196022159,148.0,-20.69269521410579,1494.9,70,-32,87.28571428571429,31.45066791656902,1342,2527,-621,0.3972895863052783,0.2222222222222223,1160.4,-557,1174.285714285714,0.0425010955683391,0.009153386523466,0.0108993398766007,76.07416651809592,42,0.533961650958726,10,1.23,1.673155202312263,0.2123201211815198,17.54
2010-01-01,6.425820810245892,1.06143426738586,665,33,12,751,105,60,27,2,2,74,822,81,663,469,722905,-1,1209,0,624,37,42,289,31,172,-75,246,18,0,3914,4,1000,24,8,81.13,-2.7,3.5,403.0,-503.1,-9.9,-11835.1,-84.6,1.1,10.3,308.4,216.4,-91.9,-3.5,-8.1,-922.9,0.0,0.5,-94.9,-416.1,-23.8,30.23,0.5714285714285714,2.93,4.71,457.98,124.81,72.29,1.13,0.44,233.49,4.37,13.59,30.43,27.61,417.32,77.7,-40.64,0.8,33.14,47.63,3910.77,0.89,1344.0,3722,2.0,0.04,0.0,597.5,69.8,-1.2,17.8,35.5,17.7,-27.8,2.7,5.4,431.6,0.11,-4.3,0.6516148148148148,28.35,41.1,0.49353060632434,0.2350375939849624,1687.5,93.39,0.1679817275747508,156.3,-21.25314861460957,1531.2,70,-33,90.75285714285717,48.35031538088307,1993,2591,-927,0.624953445065177,0.3962820891118324,1564.7,-597,1229.090909090909,0.0429697538153658,0.0100052864726392,0.0114915464584333,67.4080130825838,44,0.4794034090909091,23,1.2,1.671054980936753,1.346630606265495,17.11
2010-04-01,7.412379046987111,1.732022635957543,694,34,12,721,116,60,26,2,3,71,1193,85,663,528,722905,-17,1332,0,624,38,42,290,31,186,-68,232,18,0,3914,5,1000,37,8,66.18,-2.7,0.6,403.0,-1.5,-1.3,-4189.7,-1.0,1.1,10.3,224.9,240.8,16.0,-0.6,35.1,-149.8,0.0,0.5,-1.0,-416.1,-23.8,29.32,0.375,2.86,5.27,451.06,127.96,486.94,1.38,0.47,188.99,4.36,17.21,28.49,28.36,838.79,69.4,15.99,0.8125,32.43,46.82,3914.44,0.5,168.7,4117,1.2,0.02,0.0,85.9,176.8,-1.2,19.8,20.3,0.5,82.4,2.7,0.3,453.6,0.11,-4.3,0.6630446834460584,27.55,40.06,0.4784308580425086,0.2220461095100864,1803.8,94.35,0.2175497806277422,154.1,-22.71788413098237,1649.6,70,-34,95.35714285714286,50.13999066728885,2149,2934,-695,0.3269901680938787,0.32875605815832,235.9,-598,1281.818181818182,0.0439080585274152,0.0104200702780452,0.0119842191090719,66.60450660450661,42,0.5159610983981693,21,1.14,1.686507661915417,0.2019275975552421,15.7
2010-07-01,6.585515001214233,0.971059633964301,717,38,12,754,110,66,27,3,3,74,774,91,663,542,722905,6,665,0,624,37,42,316,31,195,-64,274,18,0,3914,6,1000,39,8,86.68333333333334,9.5,3.9,403.0,-809.4,3.8,-7180.0,-1.8,0.0,10.3,222.8,283.0,60.2,-3.9,28.3,407.3,0.0,0.5,-1.8,-803.7,-23.8,29.91,0.3333333333333333,2.9,4.61,444.14,126.39,554.16,1.12,0.5,170.11,3.465,17.3,28.64,28.95,170.46,79.35,16.6,0.825,35.51,46.67,3914.44,0.43,458.6,4781,1.6,0.02,0.0,84.4,198.3,-1.2,18.0,15.7,-2.3,68.3,2.7,-3.8,459.4,0.11,-4.3,0.666366861539999,29.89,39.52,0.457879523644352,0.2905160390516039,2001.3,93.04,0.298955020445252,208.3,-25.20528967254408,1793.0,70,-38,101.9371428571429,31.08468320688948,1516,2631,-673,0.3737878342638847,0.3871446229913473,597.3,-653,1457.402597402598,0.0456656428460937,0.0109670087387455,0.0126680187099075,76.2865634287502,44,0.5328274760383387,21,1.23,1.706782553241324,0.1780966448617852,18.08
2010-10-01,6.605100569090547,0.4123406515759183,720,38,12,752,125,78,39,2,3,74,441,96,663,543,722905,8,711,0,624,27,42,325,31,180,-55,295,18,0,3914,5,1000,37,8,107.18666666666668,-0.2,4.9,403.0,-912.8,3.2,-10681.1,3.2,0.0,10.3,224.8,322.1,97.3,-6.7,38.3,144.6,0.0,0.5,3.2,-909.2,-23.8,30.01,0.4000000000000001,3.03,3.67,437.22,120.74,605.41,0.89,0.54,151.23,2.57,17.38,30.02,29.38,556.75,99.77,17.21,0.8375,36.17,46.39,3914.44,0.5,862.3,4602,1.5,0.02,0.0,87.4,225.2,-1.2,23.3,34.8,11.4,90.6,2.7,7.6,519.6,0.11,-4.3,0.6676704966641956,30.21,38.96,0.4880146386093321,0.2745833333333333,2158.4,93.41,0.3136944613511869,197.7,-27.18387909319899,1960.7,70,-38,109.3,29.72411186696901,1573,2375,-1302,0.3509443593670238,0.3395266533952666,1134.3,-693,1572.987012987013,0.047690878831134,0.0115409308790804,0.0132980944841643,77.08667152221413,44,0.4813559322033898,26,1.23,1.779127749449552,0.1632729310666916,21.27
2011-01-01,7.505964964784339,0.1680943472336125,578,38,12,726,76,78,70,3,2,74,242,103,663,207,665659,14,923,0,624,660,42,1617,31,230,-52,5,18,6,3914,5,1000,45,8,127.69,-1.4,5.8,497.7,-1024.3,6.7,-12267.2,-5.4,0.1,1.3,225.2,340.5,115.3,-7.7,139.0,80.3,0.0,1.6,-6.7,-1011.4,-23.8,30.65,0.3636363636363635,3.6,3.15,430.3,101.61,166.7,0.87,0.57,132.35,2.31,14.86,30.62,29.46,797.22,116.24,17.82,0.85,36.69,50.33,3914.44,0.3,1052.6,5088,2.2,0.09,0.0,346.4,102.6,-1.2,48.5,48.2,-0.3,3.7,2.7,4.9,538.4,0.11,-2.8,0.6710280373831776,30.59,42.34,0.5215209988649263,0.3475778546712803,2247.0,93.98,0.3315555555555556,200.9,-28.29974811083123,2046.2,70,-38,117.2928571428571,33.37572674418605,1837,3514,-1061,0.3298189319275728,0.3463651732882502,1454.2,-733,1321.784232365145,0.0484856088949215,0.0117425919837766,0.0135562326420187,74.97616128592834,44,0.5879120879120879,17,1.25,1.767369831207179,0.5895166780122532,20.13
2011-04-01,8.04983363753459,0.0859986498945415,688,43,12,756,133,80,37,2,3,74,322,108,688,587,671504,18,1039,0,32,76,45,362,28,54,-53,4,18,9,3914,5,1000,55,8,95.05,-1.4,1.0,497.7,-8.1,2.4,-1040.5,-7.1,0.1,1.3,346.7,332.6,-14.0,-1.0,-220.9,-263.7,0.0,1.6,-7.1,-1011.4,-23.8,28.09,0.2727272727272729,3.19,3.22,407.6475,114.57,411.25,1.49,0.69,258.44,2.44,21.64,28.84,29.56,598.5,113.63,-14.04,0.9075,36.03,50.1,3914.44,0.17,255.4,4960,1.8,0.03,0.0,131.4,301.7,-1.2,43.6,60.7,17.2,131.4,2.7,4.1,537.6,0.11,-2.8,0.6853407257230336,29.61,41.58,0.5367852814806654,0.3239825581395349,2416.9,93.44,0.3398935580441291,222.9,-30.43954659949622,2194.0,70,-43,126.0514285714286,35.31011045029737,2078,3077,-1608,0.2918260038240919,0.2814589665653495,350.6,-771,1041.845140032949,0.0494108357975479,0.0118559437212921,0.0136641710823279,73.90430742182595,44,0.495266393442623,10,1.22,1.816513493010716,0.2405271828665569,19.03
2011-07-01,8.735564140969172,0.3264815491815771,650,43,12,743,122,77,34,0,3,68,227,101,711,434,688564,-95,729,0,102,148,58,347,33,21,-43,3,18,3,3914,4,1000,105,8,94.67,-50.7,2.9,497.7,-421.9,14.6,-1383.9,143.2,0.1,-0.1,342.5,363.1,20.6,-8.9,-79.9,-23.6,0.0,1.6,143.3,-556.2,-23.8,29.09,0.0833333333333334,3.18,3.04,384.995,114.97,391.89,1.5,0.68,-336.94,2.275,28.72,28.07,29.35,327.01,120.5,34.1,0.965,37.96,49.34,3914.44,2.58,451.5,5095,2.0,0.03,0.0,128.3,409.9,-1.2,40.8,21.5,-19.3,177.9,2.7,3.3,560.0,0.11,-2.8,0.690879773469147,30.07,39.44,0.5192183070068854,0.3476923076923077,2542.7,93.79,0.2705241592964573,226.0,-32.02392947103274,2316.7,70,-43,133.7857142857143,33.3037772654726,1878,3003,-1211,0.0757219251336898,0.2279451078239172,642.3,-745,1789.61038961039,0.0497383779062878,0.0114739291354586,0.0136357141973788,75.01662897432486,40,0.5637915742793791,148,1.29,1.896976956602185,0.2521619496855346,15.88
2011-10-01,7.712237054460123,0.1676184145553465,680,43,12,700,89,76,33,0,3,63,210,99,726,230,666496,-168,713,0,257,309,64,327,34,157,-42,2,18,3,3914,3,1000,167,8,109.57,-48.7,4.1,497.7,-692.2,38.5,-2694.9,-2.7,0.1,-0.3,329.1,401.1,72.1,-6.5,-52.2,14.5,0.0,1.6,-2.4,-683.0,-23.8,31.0,0.0,3.32,2.53,362.3425,110.23,477.34,1.43,0.67,150.39,2.11,24.71,28.53,28.97,794.03,144.71,48.54,1.0225,38.05,48.85,3914.44,0.23,711.3,5141,1.9,0.03,0.0,115.7,366.9,-1.2,37.0,-22.9,-59.9,160.2,2.7,4.8,546.5,0.11,-2.8,0.6910662824207493,29.43,38.1,0.5581237811762291,0.3786764705882353,2602.5,93.18,0.2057542624166049,257.5,-32.77707808564232,2345.0,70,-43,140.13,31.40613847251963,1760,3079,-1114,0.0436425467598715,0.2559445178335535,1012.6,-726,1975.584415584415,0.0493877571570987,0.0109559245571812,0.0136903742938564,76.09994568169473,37,0.6079187105816398,13,1.31,1.934187954146363,0.2069767441860465,16.26
2012-01-01,7.580855169074607,0.0099774252400097,639,43,12,723,80,76,32,0,3,63,113,110,604,276,656319,-26,1275,0,560,887,58,1739,43,160,-38,2,18,3,3914,3,1000,153,8,114.52,0.0,4.7,850.3,-826.7,31.4,-4428.8,-7.1,2.0,-0.3,323.7,416.7,93.0,-10.6,-101.8,-150.6,0.0,1.6,-6.9,-810.9,-23.8,29.76,0.0,3.81,2.37,339.69,96.08,91.63,1.51,0.53,222.56,2.43,22.7,28.48,28.48,1230.0,154.57,21.07,1.08,37.62,50.54,3914.44,0.42,1038.8,5382,1.9,0.08,0.0,623.7,170.8,-1.2,39.1,14.0,-25.2,-25.1,2.7,5.1,563.4,0.08,-5.1,0.6887921241953805,28.44,38.56,0.538567335243553,0.4045383411580595,2641.0,93.92,0.1753449043168669,258.5,-33.26196473551637,2382.5,32,-43,190.56125,39.72484952708513,2310,3592,-1138,-0.0062047569803516,0.1508397425835819,1458.3,-791,1904.415584415585,0.0491438782573379,0.0104514493417318,0.0135557890844361,71.56923076923077,38,0.5830022075055188,25,1.32,1.983270368974266,1.072570937231298,15.42
2012-04-01,7.477184286161833,-0.0711380355368612,649,34,12,668,170,64,30,0,4,60,134,105,548,306,634743,-45,1375,0,343,672,64,362,45,192,-36,0,18,9,3914,4,1000,193,8,97.4,0.0,1.2,850.3,13.9,19.2,-1557.1,15.2,2.0,-0.3,369.4,553.1,183.8,-1.2,18.7,-195.3,0.0,1.6,15.2,-810.9,-23.8,29.08,0.1428571428571428,3.45,2.55,379.31,106.19,565.03,1.38,0.57,377.68,2.59,21.12,28.63,28.44,622.42,143.76,184.02,0.96,36.73,50.42,3914.44,0.64,345.9,4960,2.0,0.03,0.0,108.8,333.1,-1.2,48.4,32.3,-16.1,144.9,2.7,1.0,602.0,0.08,-5.1,0.6889905259719046,27.89,38.61,0.5932258064516128,0.3924499229583975,2754.9,94.66,0.1398485663453184,254.7,-34.69647355163728,2500.1,32,-34,242.1247321428571,43.41045415595544,2533,3234,-1553,0.1372802960222017,0.1944971537001898,443.3,-768,1962.077922077922,0.0485219732350019,0.0103065521839702,0.0135379172455187,69.72992351816444,35,0.5370175438596492,38,1.29,2.051415530264589,0.174891496543964,15.33
2012-07-01,6.358997900135481,-0.2720564124402413,737,38,12,726,108,67,30,2,2,63,170,117,846,370,633461,-10,720,0,33,394,64,390,51,174,-40,0,18,3,3914,4,1000,171,8,100.58,-29.8,3.9,850.3,-778.0,11.2,-2488.4,31.0,2.0,-0.1,365.5,367.8,2.3,-13.4,-100.8,57.4,0.0,1.6,31.1,-795.6,-23.8,28.41,0.2307692307692308,3.56,2.18,375.92,102.88,584.9,1.36,0.61,416.45,3.09,22.65,28.72,28.6,276.13,168.15,-177.84,0.97,39.62,50.95,3914.44,0.85,711.7,6109,1.8,0.03,0.0,106.6,368.9,-1.2,39.6,53.8,14.2,146.9,2.7,3.1,612.9,0.08,-5.1,0.6799858931405396,30.61,39.68,0.5374509103891467,0.3994572591587517,2835.5,93.94,0.1151531836237072,294.4,-35.71158690176322,2541.0,32,-38,294.4098214285714,28.96199489259426,1928,3466,-1304,0.2396102604891628,0.0992743105950653,910.4,-854,1407.806691449814,0.0476045067499152,0.0103874322550874,0.0132434533576521,77.54222481071636,37,0.5543499511241446,57,1.39,2.016508882613502,0.1692600825658939,14.69
2012-10-01,6.352885546644883,-0.1762590410818743,757,39,12,705,73,67,28,2,3,60,164,120,861,598,639674,-20,682,0,190,545,71,414,55,179,-38,0,18,3,3914,5,1000,195,8,143.54,-29.9,5.3,850.3,-874.5,26.2,-3848.3,64.0,2.0,0.2,366.4,355.6,-10.8,-11.8,-436.9,-373.4,0.0,1.6,63.9,-926.7,-23.8,29.0,0.2142857142857142,3.46,2.29,407.0,105.65,604.55,1.65,0.63,386.99,3.75,21.88,28.6,28.61,554.82,159.73,-13.12,0.9,38.89,49.57,3914.44,1.32,1210.9,6571,1.8,0.03,0.0,108.4,371.5,-1.2,50.0,35.2,-14.7,173.1,2.7,4.1,617.3,0.08,-5.1,0.6871883003100149,30.31,38.93,0.5224726775956284,0.4109643328929987,2967.6,94.12,0.1402881844380404,311.1,-37.37531486146095,2656.6,32,-39,349.96875,28.36143536532641,1968,3644,-1137,0.1866401158580739,0.0641598737838546,1553.0,-868,2102.337662337663,0.0469396394546132,0.0103536295544946,0.012806444717352,77.9050185247558,36,0.5643971091669836,93,1.36,1.961905170541534,0.1634745890514251,13.79
2013-01-01,8.87857243907907,0.1711834932948435,787,39,12,680,76,66,26,2,2,63,178,128,979,863,639674,8,1195,0,452,509,82,575,64,176,-35,0,18,3,3914,4,1000,179,8,143.35,-29.9,8.8,887.2,-1054.2,8.8,-6156.5,14.5,0.0,-0.2,366.8,338.8,-28.0,-19.3,-358.1,-634.4,0.0,1.6,14.7,-1049.4,-23.8,28.21,0.1333333333333335,3.4,1.91,368.73,107.8,141.23,1.12,0.65,359.12,3.27,23.01,28.92,28.72,228.61,191.8,-17.25,0.99,38.7,52.07,3914.44,0.59,1651.8,6709,6.1,0.12,-0.1,469.7,201.8,-1.2,53.4,73.1,19.7,4.4,2.7,5.0,638.0,0.08,-4.1,0.684054339224479,30.11,40.85,0.5162517575055827,0.406861499364676,3032.8,93.63,0.1483528966300645,320.2,-38.19647355163728,2712.6,32,-39,362.2125,34.98595505617978,2491,3826,-1226,0.1574748525841136,0.089470812875068,2137.2,-922,1092.749658002736,0.0468507244534277,0.0103532604953455,0.0126254494144513,74.08178129226928,36,0.5246151184916105,43,1.35,1.923244882988455,0.6956457345971563,16.73
2013-04-01,7.066322435675612,-0.0549487393598966,787,39,12,715,133,64,26,2,2,58,158,120,571,741,639674,-18,1321,0,410,813,70,414,39,218,-37,1,18,7,3914,4,1000,233,8,139.12,-79.9,1.2,887.2,-5.1,22.0,-2711.9,3.1,0.0,16.9,329.7,384.9,55.1,-8.2,106.3,-151.5,0.0,1.6,-13.8,-1049.4,-23.8,28.6,0.125,3.16,2.0,367.07,115.7,490.43,1.3,0.74,247.14,3.16,24.04,28.35,28.64,718.07,183.22,55.2,1.0,36.36,50.14,3917.46,0.75,189.8,6455,6.1,0.04,-0.1,140.2,219.5,-1.2,58.5,43.7,-14.8,-3.6,2.7,1.6,655.4,0.08,-4.1,0.7465925672948553,28.02,38.96,0.5666579062636882,0.2044472681067344,3220.9,93.35,0.1691531453047297,160.9,-40.56549118387909,3060.1,32,-39,376.775,37.97324224309707,2668,3688,-1350,0.118431755327802,0.1498543817844851,330.0,-877,2043.764705882353,0.0469654455613435,0.0102659729895563,0.0126041238160579,72.47782133278317,33,0.5366377874041987,54,1.27,1.866799032684864,0.2021629416005768,15.33
2013-07-01,7.034392296904414,0.1062108224244804,797,41,12,393,166,66,24,1,3,55,461,101,601,710,639674,-22,899,0,384,805,112,559,43,197,-41,1,18,3,3914,4,1000,288,8,113.69,-76.4,3.4,887.2,-688.6,41.4,-5569.3,-14.6,0.0,19.9,312.4,296.2,-16.2,-10.1,877.8,-47.5,0.0,1.6,-10.7,-663.9,-23.8,31.62,0.1875,3.26,1.9,348.04,112.12,591.37,1.24,0.71,-111.4,2.75,25.45,29.87,28.98,497.64,193.02,-65.13,1.05,40.16,51.45,3917.46,0.49,678.4,6995,6.1,0.03,-0.1,126.3,257.1,-2.0,48.4,-10.5,-59.0,-22.9,3.4,5.5,675.0,0.08,-4.1,0.7569621001596405,30.62,39.5,0.5333028083028083,0.1845671267252196,3382.6,94.09,0.1929465702697937,147.1,-42.60201511335012,3235.5,32,-41,393.871875,31.05307976156685,2188,3714,-857,0.1984279756175811,0.3432796408766834,931.1,-882,2642.597402597402,0.0473277925517132,0.0103580089742475,0.0131131632364565,76.30495993069093,31,0.6132342277012328,35,1.39,1.886221761849384,0.167640031855588,17.67
2013-10-01,7.061649412335797,0.1115656594923593,834,44,12,393,106,67,23,2,2,56,440,108,789,532,639674,-7,813,0,194,629,114,582,50,204,-44,1,18,8,3917,4,1000,284,8,123.48,-75.5,4.5,887.2,-817.0,41.1,-11652.8,-22.5,0.0,-0.2,307.1,286.1,-21.0,-11.2,1060.2,-643.9,0.0,1.6,-18.5,-783.3,-23.4,31.4,0.2941176470588234,3.43,2.19,398.3,106.75,680.73,1.0,0.76,622.56,2.89,23.33,32.94,30.16,898.93,167.31,-4.91,0.92,41.63,52.46,3917.46,0.32,1398.8,6948,6.1,0.03,-0.1,126.4,264.0,-1.1,50.5,107.7,57.3,11.1,3.4,2.4,734.9,0.08,-4.1,0.7523280176929343,31.64,40.16,0.5484873141504549,0.1393285371702638,3436.4,94.98,0.157972772610864,116.2,-43.27959697732997,3320.2,32,-44,408.521875,27.61421319796954,2176,3797,-1796,0.3130434782608695,0.2635285396590068,1775.0,-943,959.3808630393996,0.0473312430303118,0.0107268027053252,0.0134234384277831,78.36117740652347,32,0.5493844924060751,26,1.38,1.929189374728044,0.145655681032496,17.95
2014-01-01,7.716245771918645,-0.1309136885615124,923,46,12,396,112,68,22,1,2,58,379,118,1214,526,598756,5,1486,0,258,328,124,635,46,193,-50,1,18,4,3917,3,0,258,8,140.48,-74.9,6.3,887.2,-939.4,35.7,-14849.3,-2.5,-16.6,-0.2,304.9,243.0,-61.8,-12.9,372.8,-1083.0,0.0,1.6,1.4,-907.4,-23.2,31.04,0.2941176470588234,3.46,1.5,404.35,105.83,135.9,1.21,0.67,475.97,3.21,22.97,32.59,31.05,523.99,244.11,-40.11,0.91,42.58,56.93,3917.46,0.59,1924.9,6719,6.1,0.16,-0.3,634.6,261.3,-2.0,64.8,112.4,47.6,6.9,3.4,4.1,759.5,0.08,-5.5,0.7440414804629312,32.41,43.61,0.5855674709562109,0.1451787648970748,3490.8,94.42,0.1510155631759431,134.0,-43.9647355163728,3356.8,32,-46,422.834375,36.46786193438224,2990,4040,-2428,0.3002697033263411,0.2804206309464197,2442.5,-1021,926.4492753623188,0.0479686658353261,0.0111986023421045,0.0139353577484603,73.27732594512467,33,0.4884970612930311,49,1.37,1.996681487414805,0.7241812164783751,16.03
2014-04-01,9.099472773617205,0.2877239690729176,934,48,12,396,196,69,21,1,3,58,395,119,553,929,598756,-13,3319,0,9,602,124,659,51,4,-55,102,20,5,3917,4,0,263,8,135.02,-74.9,1.3,887.2,-27.6,2.2,-2139.3,-20.7,-16.6,-0.1,245.5,346.7,101.2,-6.9,48.1,-493.3,0.0,0.0,-20.6,-907.4,0.0,28.73,0.3333333333333333,3.18,1.81,412.06,115.24,63.17,1.37,0.31,660.11,3.39,22.19,32.58,32.01,684.55,202.42,101.18,0.89,41.94,62.78,3917.46,0.45,619.8,4996,6.1,0.04,-0.2,1474.4,267.4,-1.5,83.1,129.4,46.3,-0.2,4.9,1.4,774.9,0.33,-5.5,0.7492496958226308,32.12,48.45,0.7084796087677931,0.1632762312633833,3698.5,93.99,0.1482815362165855,152.5,-46.58060453400503,3546.0,32,-48,437.759375,65.5615696887686,4845,3805,-3330,0.3546181818181817,0.2381994013354825,755.0,-1006,840.234375,0.0486163147150358,0.0118089673667542,0.014369953374054,60.40049039640376,33,0.4389389983384762,34,1.31,2.23799618440865,1.572693333333333,17.26
2014-07-01,10.23702670825551,0.4552823152556424,1038,47,12,376,148,66,18,1,3,56,27,174,557,741,598756,0,1159,0,90,692,127,676,55,168,-61,1,19,5,3917,4,0,236,8,116.47,-43.8,12.4,887.2,-2517.7,-2.7,-3459.8,-19.8,-16.6,-0.1,243.9,236.6,-7.3,-24.7,804.0,1189.9,0.0,0.0,-19.7,-2473.3,0.0,28.56,0.1578947368421053,3.22,1.89,428.83,113.67,535.52,1.23,0.32,-1689.5,3.23,23.54,29.17,31.75,95.54,193.88,-107.1,0.85,45.92,59.81,3917.46,0.54,1323.1,6935,6.1,0.04,-0.2,161.7,270.0,-11.0,69.9,107.1,37.2,1.7,7.0,1.4,816.5,0.33,-5.5,0.7497139078910561,35.36,46.44,0.587035175879397,0.1615606936416185,3932.3,93.85,0.1625081298409508,167.7,-49.52518891687657,3764.6,32,-47,454.9375,34.10426782519806,2669,3554,-1803,0.1590148574488019,0.0314527226263023,1575.2,-1039,1091.987513007284,0.0494566396124496,0.0119858802563753,0.0141789355061168,74.56884230585993,32,0.5668588727115468,43,1.45,2.321444553389894,0.1843575418994413,19.78
2014-10-01,9.56025907145676,0.3538280525164859,1009,48,22,365,121,64,17,2,2,55,29,178,578,787,598756,13,1220,0,71,690,127,689,26,176,-66,1,17,13,3917,4,0,222,8,122.89,-43.4,15.0,887.2,-2638.6,-1.0,-5667.4,2.2,-16.6,-0.1,241.6,390.9,149.4,-27.2,852.5,777.9,0.0,0.0,2.3,-2613.6,0.0,28.77,0.0,3.35,1.49,342.64,109.15,543.98,1.36,0.32,534.62,3.38,25.29,29.44,30.86,366.3,245.55,153.65,1.07,43.05,54.96,3917.46,0.63,2011.1,7097,6.1,0.04,-0.1,158.1,294.5,-2.9,56.3,99.0,42.6,-1.1,4.7,4.2,789.3,0.33,-5.5,0.7523255813953488,32.93,42.33,0.58812388750445,0.1887016848364718,3956.0,93.3,0.1512047491560935,190.4,-49.82367758186398,3765.5,32,-48,471.175,32.02863961813843,2684,3580,-2242,-0.0005809225049377,0.0404810794954531,2386.1,-1089,1107.284079084287,0.0501810533042228,0.0117325203684967,0.0140176526971617,75.7411424439624,31,0.5288770053475936,53,1.39,2.384274810224841,0.1817241379310345,18.11
2015-01-01,7.209822127435192,-0.0656308338864031,1418,59,3,252,88,94,35,0,2,56,41,36,942,324,616828,13,497,0,215,762,171,693,33,243,-72,62,15,50,3917,2,0,222,8,107.53,-43.1,17.2,887.2,-2808.6,-17.3,-11414.4,7.0,0.0,-0.1,240.1,304.6,64.5,-31.1,325.4,204.2,0.0,0.0,7.1,-2784.5,0.0,17.67,-0.3181818181818182,3.64,3.71,380.33,100.66,78.98,1.4,0.22,686.8,3.73,23.93,20.38,27.79,344.85,98.61,-82.56,0.96,37.54,49.54,3917.46,0.64,2686.2,7190,6.1,0.19,-0.1,755.4,189.8,-1.8,52.6,178.8,126.2,-1.8,6.4,3.0,779.9,0.0,-5.5,0.7458184527632897,28.64,37.72,0.5349629736142065,0.147672778561354,3892.1,92.68,0.1149593216454681,209.4,-49.01889168765742,3682.7,32,-59,483.715625,30.18113123680409,2716,3863,-3077,-0.3125144042406084,-0.4005670707860773,3168.7,-1245,346.3841807909604,0.0507389241193748,0.0107107021438162,0.0125315836722143,76.8160478019633,32,0.495872085616002,57,1.35,2.406054491327628,1.252113376429637,19.65
2015-04-01,9.21356672398048,0.0125385231871979,958,50,14,350,178,64,14,0,3,55,27,180,659,342,616828,-6,1970,0,79,888,129,755,35,271,-78,1,16,20,3917,3,0,195,8,81.14,-43.1,0.6,887.2,-1.9,12.8,-3.2,5.4,0.0,-3.8,293.9,385.9,92.0,-0.8,187.2,-295.5,0.0,0.0,9.2,-6.5,0.0,28.05,-0.0416666666666666,3.41,5.22,319.83,107.48,533.46,1.78,0.61,415.78,3.47,23.23,29.3,27.1,6748.0,70.14,92.03,1.14,35.11,52.57,3940.86,0.71,376.6,6298,6.1,0.04,-0.1,170.0,275.7,-1.1,70.4,115.9,45.5,-1.8,-0.8,6.0,274.0,0.0,-5.5,0.9067482845436146,26.68,40.31,0.6716486630069063,0.108455114822547,4051.4,95.67,0.0954170609706637,103.9,-51.02518891687657,3947.6,32,-50,494.74375,42.00855194730151,3635,3854,-3434,-0.0259851820036507,-0.008926080892608,458.1,-1209,929.2938099389712,0.0511038789807968,0.0104489008331461,0.0122866420207703,70.41829427083334,31,0.4805361167121338,62,1.3,2.309045839630151,0.1865671641791045,18.86
2015-07-01,8.409888582256125,-0.1784832821160774,978,50,14,281,178,64,14,0,3,55,27,70,1175,688,616828,-6,1243,0,81,189,125,755,35,271,-78,1,47,20,3917,3,0,195,8,73.01,-43.1,1.4,887.2,-1122.2,18.1,-6.5,-34.4,0.3,-5.6,290.2,360.1,69.8,-2.2,197.0,29.3,-0.2,0.0,-28.8,-1085.9,0.0,28.79,0.0909090909090908,3.37,1.37,395.12,108.66,557.06,1.77,0.62,-302.07,3.48,24.1,29.55,27.27,919.13,266.24,-20.8,0.93,39.03,50.22,3940.86,0.15,1144.6,7225,6.1,0.04,-0.1,167.9,298.0,-1.2,62.5,102.2,39.7,-1.8,-1.4,1.7,282.1,0.0,-5.5,0.9119032250352628,29.61,38.36,0.5475564971751412,0.0883435582822085,4182.9,96.21,0.0637286066678533,86.4,-52.68136020151132,4096.5,32,-50,502.575,27.54725179230936,2536,3559,-3170,0.0799168495207298,0.0802363255193441,1299.1,-1209,1122.376237623762,0.0511020837495627,0.0104923570335581,0.0123403561915618,78.40231647078862,30,0.5113569682151589,14,1.43,2.320971586119425,0.1789597100831379,18.45
2015-10-01,7.73765699002022,-0.1906435869377353,978,50,14,278,178,64,14,0,3,55,1246,71,1299,688,616828,-6,2267,9854,0,112,174,755,35,271,-78,1,47,20,3917,3,0,195,8,71.35,-43.1,2.2,887.2,-1314.4,15.9,-10.2,-30.4,0.3,-7.4,287.7,363.2,75.5,-7.1,193.4,-593.6,-0.2,0.0,-23.0,-1277.2,0.0,28.31,0.0909090909090908,3.545,8.504999999999999,533.54,103.525,563.79,1.9,0.63,623.37,3.93,23.2,29.14,27.26,909.5,144.825,6.22,0.7350000000000001,37.42,47.57,3940.86,0.19,1967.6,8501,6.1,0.04,-0.1,164.5,280.8,-1.2,63.9,104.6,40.7,-1.8,-0.8,1.8,276.1,0.0,-5.5,0.9130937191554924,28.59,36.67,0.5023592768303629,0.0868098159509202,4153.9,96.24,0.0500252780586449,84.9,-52.316120906801,4069.0,32,-50,508.759375,26.29389080576416,2591,4795,-2541,0.0782376191583351,0.0387181655859412,2193.6,-1209,1068.955512572534,0.0509306879895888,0.010531008333959,0.0122566133593613,79.18039373242266,30,0.5429934640522875,19,1.37,2.252189589514892,0.1769197676919768,17.13
2016-01-01,6.263268701042437,-0.1312866544641762,1138,72,23,252,122,92,20,0,2,53,52,54,1084,500,650226,7,732,9854,187,742,141,763,36,208,-87,56,6,66,3941,2,0,212,8,75.62,-43.1,3.1,887.2,-1477.8,21.4,-9.8,-20.3,0.3,-9.2,284.7,962.4,677.8,-8.6,32.4,-483.1,-0.5,0.0,-11.2,-1449.2,0.0,27.79,0.6000000000000001,3.72,15.64,671.96,98.39,119.17,1.64,0.65,692.17,3.89,23.69,29.23,29.31,741.2,23.41,584.81,0.54,39.29,49.87,3940.86,0.34,2617.3,7894,6.1,0.2,-0.1,788.8,292.1,-1.5,70.0,129.9,59.9,-1.8,-0.9,4.4,285.4,0.0,-5.5,0.9044762672483284,30.04,38.18,0.5840095465393795,0.1033391915641476,4217.8,95.47,0.0836823308753629,117.6,-53.12090680100756,4100.3,32,-72,518.9375,25.36589913302881,2721,3907,-4261,0.5755950385517934,0.7938346109933125,2921.6,-1409,856.5420560747663,0.050674762203855,0.0113211723910322,0.013446772147992,79.76650803093396,30,0.4421637488206311,37,1.34,2.245172845049897,0.8382571732199787,15.27
2016-04-01,6.371368739315525,-0.3084796658895913,994,72,7,250,207,88,16,0,2,52,48,51,734,871,650226,17,689,9854,224,746,133,763,36,197,-91,57,6,6,3941,2,0,219,19,90.92,-43.1,1.2,230.6,-820.2,0.4,-0.1,-19.9,0.3,-3.9,941.4,425.0,-516.4,-4.8,87.0,-447.3,-0.5,0.0,-16.0,-795.6,0.0,26.75,0.0434782608695651,3.54,11.86,518.91,103.4,493.22,1.78,0.65,-10.47,4.36,23.97,28.36,29.06,1132.3000000000002,30.87,-516.38,0.71,38.89,51.11,3940.86,0.16,750.7,8067,3.7,0.05,-0.1,191.5,297.9,-1.8,86.9,142.5,55.6,-1.8,-0.7,2.1,299.8,0.0,-5.5,0.9084499007370556,29.65,39.37,0.6179046293073442,0.1020120724346077,4382.3,96.01,0.0816754702078295,101.4,-55.19269521410579,4280.9,32,-72,529.278125,26.00284495021337,2742,3529,-3948,0.0413405357733436,0.031428839478375,-384.0,-1449,781.3788201847905,0.0503853836417613,0.0111529798555145,0.0132192777297953,79.3632874237977,29,0.4492362890825218,16,1.34,2.145127145692463,0.202688399661304,15.21
2016-07-01,6.356138240824002,-0.2442066052771845,959,75,3,251,204,88,13,0,2,52,39,53,776,822,650226,7,676,9854,151,639,136,783,40,171,-92,59,3,18,3941,3,0,200,85,63.65,-43.1,1.6,575.2,-1220.9,-5.1,-0.3,-22.1,0.0,-5.4,940.9,429.3,-511.6,-12.1,192.1,-741.4,-0.1,0.0,-16.7,-1186.6,0.0,27.7,0.0416666666666667,3.42,10.94,523.57,106.99,514.22,1.91,0.65,396.67,4.64,23.83,29.6,29.08,1523.4,33.47,4.48,0.7,39.11,48.39,3940.86,0.13,1455.7,8250,2.7,0.05,-0.1,191.3,308.7,-0.7,81.0,156.4,75.4,-1.8,-0.7,0.6,284.5,0.0,-5.5,0.9183085714285716,29.85,37.09,0.5742423263327948,0.0760166840458811,4375.0,96.64,0.045925075904277,72.9,-33.42245989304813,4302.1,32,-75,535.28125,22.05767052879171,2532,3465,-4781,0.0521869318789434,0.0044989414255469,-890.7,-1530,731.3423249839435,0.0496639947277901,0.0110082593636,0.0128910593444903,81.92848476197273,30,0.4149279210925645,15,1.34,2.096482079109681,0.1939178915357324,14.15
2016-10-01,6.010299537976497,-0.2232403755131059,894,75,9,240,189,85,10,0,4,51,39,52,728,813,650226,16,689,9854,144,613,130,772,40,244,-92,62,1,18,3941,4,0,179,111,60.54,-43.1,2.2,890.7,-1417.3,-10.0,-0.3,1.5,0.0,-6.4,938.6,558.5,-380.1,-14.2,243.9,-1460.9,-0.1,0.0,7.9,-1404.7,0.0,27.67,0.0833333333333334,3.595,10.755,499.285,101.98,529.21,2.0,0.65,899.79,5.24,23.59,29.99,29.3,1104.71,34.045,129.69,0.735,37.83,46.3,3940.86,0.31,2508.2,7977,2.8,0.05,-0.1,190.0,312.2,-1.0,93.3,174.3,81.0,-1.8,-0.6,2.1,278.3,0.0,-5.5,0.9054127566979464,28.84,35.41,0.5444592790387183,0.1554809843400447,4411.8,95.18,0.0620862322155084,139.0,-90.40573770491804,4272.8,32,-75,543.340625,20.49875311720698,2466,3329,-5626,0.0843126684636119,0.0385415724237765,-1062.6,-1549,662.3773802654357,0.0491373292674999,0.0109489236751892,0.0126773738635496,82.98841059602648,29,0.3952163396936307,38,1.29,2.160910510178494,0.1879327398615233,13.34
2017-01-01,5.874709218710303,-0.0620378113855251,756,75,9,246,218,85,7,0,4,51,180,56,772,449,650226,16,1163,9854,106,542,137,772,38,244,-92,4,6,18,3941,3,0,179,111,76.34,-43.1,3.0,890.7,-1644.6,-24.3,-0.3,3.1,0.0,-9.8,939.0,536.5,-402.4,-14.9,568.0,-2198.9,-0.1,0.0,13.0,-1632.9,0.0,27.43,0.0416666666666667,3.77,10.57,475.0,96.97,124.22,1.95,0.65,807.63,5.32,23.14,29.07,29.26,953.38,34.62,-22.26,0.77,35.89,43.69,3940.86,0.31,3465.4,7673,2.8,0.21,-0.1,794.5,297.8,-1.2,76.3,145.0,68.7,-1.8,-0.4,3.4,280.5,0.0,-5.5,0.912858853025546,27.41,33.43,0.5814350870431041,0.1392857142857143,4427.3,95.92,0.0496704443074589,105.3,-90.72336065573772,4322.0,7,-75,1044.005803571429,19.76079434331277,2627,3536,-7189,0.05,0.0361883978905255,3762.3,-1549,792.4895688456188,0.048650816863828,0.0108412970982022,0.0125122227267521,83.49978016456254,30,0.3575882400452306,42,1.23,2.20360323821901,0.8032554847841472,13.39
2017-04-01,6.261441087371495,-0.0172533809361407,1015,74,25,254,299,79,5,0,4,54,53,53,708,212,650226,-13,753,9854,150,695,134,843,39,212,-104,67,7,23,3829,4,0,169,105,90.45,-43.1,3.9,186.2,-3467.1,12.6,0.0,-32.0,-2482.4,-0.9,558.1,613.5,55.4,-15.4,485.9,2754.7,-0.1,0.0,-31.0,-937.4,0.0,25.06,0.0,3.58,11.85,500.49,102.12,90.02,2.05,0.65,-71.37,5.56,24.17,26.52,28.8,256.07,30.9,55.39,0.73,38.36,47.93,3911.24,0.12,755.3,7757,2.9,0.05,-0.1,794.5,294.2,-4.2,89.7,144.6,54.9,-1.8,-0.8,3.4,314.2,0.0,-5.5,0.9070370370370372,29.28,36.66,0.5687184024266936,0.1108374384236453,4590.0,95.86,0.0473952034319877,112.5,-327.8571428571428,4477.5,7,-74,1562.773214285714,25.07361059992639,2725,3552,-4870,-0.023502011433411,-0.0235583045297436,-320.2,-1738,764.6011396011396,0.0481195803346428,0.0105538414721459,0.0121774993647752,79.95291694254396,30,0.4573079605459799,13,1.33,2.252088959973162,0.8606868161629292,13.2
2017-07-01,6.157148989786151,-0.0313066273102414,830,77,40,261,243,80,4,0,4,53,41,55,722,491,650226,-28,779,9854,111,728,133,850,41,181,-104,95,6,13,3829,4,0,204,75,75.47,-43.1,4.7,594.0,-3724.2,25.9,-3.3,-32.6,-2485.9,-1.7,558.9,664.4,105.5,-16.5,272.5,2366.8,0.0,0.0,-30.9,-1189.2,0.0,26.73,0.04,3.36,17.85,426.49,108.83,481.04,2.01,0.64,520.98,5.36,23.75,27.74,28.33,1094.29,20.5,50.11,0.86,36.17,44.5,3828.58,0.1,1437.0,8240,0.9,0.05,-0.1,794.5,313.1,-1.1,69.4,124.6,55.2,-1.8,-0.8,2.0,303.1,0.0,-5.5,0.9135137410041664,27.61,34.04,0.5522983626440268,0.1298795180722891,4752.2,96.08,0.0862171428571427,107.8,-21.19625334522748,4644.3,7,-77,2104.940178571429,25.18924562777343,2895,3544,-5069,0.0194125419249924,0.0474224993413541,-843.8,-1794,965.748987854251,0.0480278545009768,0.0103634684315749,0.0120395427496066,79.87906588824019,30,0.4384352800073807,12,1.28,2.298509230641005,0.7903899721448467,13.56
2017-10-01,5.798880374157578,-0.0351761442974767,836,78,14,264,217,81,3,0,4,55,51,57,1005,502,650226,-6,806,9854,110,757,136,883,42,248,-104,88,5,22,3829,4,0,174,18,58.27,-43.1,5.1,902.2,-3968.5,14.6,-16.1,-33.0,-2481.6,-2.2,557.9,753.2,195.3,-16.9,127.2,1671.7,0.0,0.0,-30.9,-1437.0,0.0,26.82,0.0,3.51,13.0,427.42,104.35,487.39,1.83,0.64,885.32,4.83,24.29,27.97,27.83,1296.83,28.16,89.64,0.86,34.13,41.47,3828.58,0.1,2477.6,8686,1.1,0.05,-0.1,794.5,324.6,-0.9,99.7,131.5,31.8,-1.8,-1.1,2.0,308.2,0.0,-5.5,0.9112474351995312,26.0,31.67,0.5532377122967052,0.1385167464114833,4776.2,95.94,0.0825966725599527,115.8,-20.28971962616822,4660.5,7,-78,2649.385714285714,23.63475746867973,2943,3888,-5685,0.0036790295316693,0.048436274936841,-1054.1,-1899,921.5160796324656,0.0478941075297696,0.0101280140900721,0.0119034768079375,80.88340370250081,31,0.4152495218222917,12,1.23,2.295317528016568,0.7854671280276817,15.03
2018-01-01,5.803352639478685,-0.0121464019026431,782,81,14,268,218,83,2,0,4,53,46,62,1004,614,650226,-11,906,9854,109,765,215,874,45,246,-71,113,4,34,3829,4,0,226,-13,55.79,-43.1,6.2,1180.7,-4171.7,33.8,-319.2,-6.7,-2482.7,-3.7,558.1,757.7,199.5,-18.0,47.6,736.7,0.0,0.0,-2.9,-1664.4,0.0,26.98,0.1200000000000001,3.67,7.53,388.17,99.78,272.745,1.74,0.64,1003.09,4.8,24.14,28.46,27.69,678.92,48.6,4.2,0.94,32.54,39.62,3828.95,0.29,3600.7,8564,1.1,0.45,-0.1,794.5,342.5,-1.9,120.6,145.9,25.3,-1.8,-0.2,4.7,319.3,0.0,-5.5,0.9193185922388538,24.7,30.15,0.5833097247028393,0.1058823529411765,4983.8,96.76,0.1256973776342241,82.8,-22.2292595896521,4901.0,7,-81,2728.885714285714,24.8642447418738,3251,3851,-6450,0.0868287740628166,0.1108283608283609,-1213.1,-1920,879.0972222222223,0.0490779231997923,0.0102948052029856,0.0121652961603549,80.08697782677937,30,0.3996311442546708,38,1.17,2.300267952882374,0.7383828996282528,15.48
2018-04-01,6.794136920671494,0.0850755961553924,812,77,19,252,467,81,4,0,4,51,35,56,999,1200,650226,-4,1174,9854,20,560,170,851,40,109,-71,312,3,33,3829,3,0,227,-76,63.91,-43.1,2.2,95.2,-995.0,12.7,-27.8,-27.3,0.0,-0.4,728.9,688.6,-40.3,-9.4,-503.7,22.2,-2.4,0.0,-26.9,-958.2,0.0,26.48,0.2083333333333333,3.38,15.53,482.47,108.29,58.1,2.21,0.44,70.63,3.91,24.77,28.56,28.2,504.59,23.57,-40.32,0.76,36.51,46.0,3828.58,0.08,919.7,8882,0.4,0.06,-0.1,794.5,361.9,-0.3,117.9,177.6,59.7,-1.8,-0.3,-0.4,327.4,0.0,-5.5,0.9180956105191124,27.65,34.92,0.5941342628763748,0.1126847290640394,5114.5,96.77,0.1142701525054466,91.5,-13.6824505082932,5023.0,7,-77,2803.814285714286,27.82969885773624,3484,3520,-5538,0.1878794449262793,0.1931066604564509,-412.5,-1881,722.3914269599547,0.0501724552986774,0.0106866533920252,0.0126355398927934,78.22908204711617,56,0.4098157051282051,9,1.29,2.284371864721255,0.7229299363057324,19.59
2018-07-01,9.17955568062893,0.490877627917812,862,77,60,247,417,87,10,0,4,48,33,58,970,250,650226,-18,1195,9854,19,503,163,823,43,116,-71,396,4,34,3752,2,0,301,-78,70.23,-43.1,21.7,537.0,-3601.3,54.6,-40.8,-27.1,-2334.2,-0.7,712.4,811.4,99.1,-35.3,543.0,1869.3,-9.9,0.0,-26.4,-1204.6,0.0,27.89,0.1153846153846152,3.48,19.38,482.42,105.26,526.4,1.89,0.47,684.35,3.51,23.51,28.12,28.28,71.32,18.88,135.47,0.76,38.71,49.91,3825.26,0.08,1776.5,7766,1.0,0.06,-0.1,794.5,347.7,-19.5,93.6,102.3,8.7,-1.8,-0.1,0.9,344.4,0.0,-5.5,0.9203354696384765,29.36,37.93,0.6428214419592653,0.0864269141531322,5258.3,97.21,0.1064980430116578,74.5,-12.52871098403622,5183.8,7,-77,2876.114285714286,33.89507759687708,3560,3343,-4606,0.1239282153539381,0.1690282552192504,-931.2,-1850,1683.937198067633,0.0512121597969227,0.0109503531933156,0.0130852938981486,74.68534452108369,52,0.4906045904086583,9,1.37,2.384741018038303,0.7024756852343059,21.66
2018-10-01,8.83331341028332,0.5232791229232012,870,78,8,248,324,95,17,0,4,50,81,62,805,1128,650226,55,1097,9854,27,452,169,858,42,100,-71,415,3,26,3752,2,0,219,14,74.33,-7.2,23.1,980.1,-3774.4,13.5,-269.7,-27.3,-2295.4,-1.3,700.5,752.6,52.1,-36.4,-31.1,1003.5,-13.8,0.0,-26.0,-1415.4,0.0,27.0,0.1538461538461537,3.51,15.26,492.27,104.17,539.99,2.21,0.49,897.74,4.17,24.18,28.69,28.46,597.75,23.98,-43.9,0.74,38.85,48.92,3752.38,0.08,2809.5,8835,1.2,0.06,-0.1,794.5,359.7,-2.2,81.1,158.5,77.4,-1.8,-0.3,2.2,317.2,0.0,-5.5,0.92436018591734,29.47,37.19,0.601495348439016,0.0862068965517241,5185.1,97.16,0.0856119927976215,75.0,-11.63622082585278,5110.1,7,-78,2934.528571428571,29.33455943822103,3509,3234,-5116,0.1150188230632059,0.1037806398005816,-1314.4,-1973,850.4481434058899,0.0520045671117322,0.011192968065661,0.0133403207104846,77.31885463124556,54,0.4237923988557418,9,1.37,2.421749379039445,0.7044688774605427,17.72
2019-01-01,7.701059942177897,0.3270018936622268,910,82,9,246,386,107,26,0,1,50,35,65,834,1323,650226,15,1111,9854,29,513,223,877,48,96,-79,438,0,28,3752,1,0,199,28,96.14,-7.2,26.6,1425.0,-3992.1,7.0,-820.4,-27.8,-2289.6,-1.9,698.8,1033.8,335.0,-39.9,-35.2,547.6,-25.5,0.0,-25.9,-1634.8,0.0,26.5,0.107142857142857,3.48,13.75,481.65,105.31,120.31,3.01,0.3,803.79,3.87,23.83,28.16,28.38,340.61,26.62,280.9,0.76,37.57,47.38,3753.06,0.07,3772.4,9026,2.8,0.26,-0.1,794.5,362.1,-4.0,103.9,159.9,55.9,-1.8,-0.1,1.8,334.1,0.0,-5.5,0.9224569205113952,28.53,36.06,0.6091870380898238,0.0928571428571428,5397.0,97.02,0.0829086239415706,84.5,-11.15082644628099,5312.6,7,-82,2993.557142857143,28.50955216954134,3686,3297,-5960,0.0756036170411111,0.0698317402638437,-1735.4,-2040,868.6978832584989,0.052107511471621,0.0111966566302052,0.0133274525925533,77.81522720433344,55,0.4053018924601983,9,1.32,2.437740977548831,0.6863930885529158,17.97
2019-04-01,7.909689965271733,0.1641934888309529,968,31,12,248,614,64,32,0,1,50,32,73,700,1143,650226,4,1333,9854,143,665,130,1802,48,92,-76,407,0,29,3752,1,0,207,59,128.31,-7.2,20.0,95.8,-1264.8,2.0,-133.9,-53.4,-2289.6,-53.4,1039.1,815.0,-224.1,-62.1,362.0,113.9,-9.2,0.0,0.0,-1149.3,0.0,26.29,0.0689655172413794,3.23,14.93,492.18,113.27,433.38,1.42,0.65,-87.75,3.56,23.36,27.87,28.21,78.14,24.52,-224.11,0.74,36.62,48.22,3752.38,7.62,924.7,9904,2.6,0.07,-0.1,794.5,357.4,-17.0,171.2,239.8,68.6,-1.8,-0.1,-19.4,294.2,0.0,-5.5,0.933032218114266,27.93,36.87,0.5752475247524752,0.0759297520661157,5490.7,96.52,0.0735555772802816,73.5,-70.30345710627401,5417.2,7,-31,3047.3,36.70602762985259,4756,4247,-5088,0.0674454686501777,0.03552467207995,-441.7,-2077,595.2872531418312,0.0521004102028093,0.0111793561717532,0.0132108693875455,73.14966408852256,54,0.4077757148161901,993,1.3,2.416305626005586,0.6774963758847105,19.78
2019-07-01,8.452267059142988,-0.079229174786825,953,33,25,237,436,67,34,0,1,49,31,75,730,1393,650226,0,1090,9854,125,539,137,1772,58,107,-72,197,0,28,3752,1,0,193,76,104.94,-7.2,64.1,329.1,-1647.6,6.9,-852.6,-75.5,0.0,-75.5,1032.9,725.5,-307.4,-106.2,220.2,-649.0,-14.4,0.0,0.0,-1465.8,0.0,26.23,0.0344827586206897,3.34,15.63,490.19,109.61,47.63,1.55,0.17,795.14,3.95,23.47,27.01,27.92,84.33,23.42,-84.18,0.75,37.14,49.47,3752.38,7.1,1982.3,9956,3.3,0.07,-0.1,794.5,351.3,-15.8,123.2,186.4,63.1,-1.8,0.0,-9.4,281.0,0.57,-5.5,0.9373533552322852,28.33,37.86,0.602606929240492,0.0693599160545645,5540.6,96.59,0.0536865526881311,66.1,-222.5140562248996,5474.5,7,-33,3087.628571428571,33.99241804801903,4573,4084,-5541,0.0141044974718354,-0.0456142867388653,-789.5,-2086,780.0117233294256,0.0518468660833879,0.0110198329812622,0.0128173133433124,74.63108842782647,53,0.3974320350046625,960,1.33,2.295721809724896,0.6936441417845294,18.52
2019-10-01,9.683233605892926,0.0962175976480319,883,36,27,241,550,71,35,0,1,48,29,78,505,1025,650226,-19,1266,9854,119,693,149,1803,60,254,-71,191,0,30,3752,1,0,240,68,100.69,0.0,95.5,403.9,-4558.9,27.6,-927.2,-112.1,0.0,-112.1,1026.7,749.3,-277.4,-137.4,689.0,1203.0,-18.8,0.0,0.0,-4309.4,0.0,27.28,0.0,3.31,18.42,439.08,110.48,432.68,1.53,0.15,-1600.72,3.84,22.95,26.52,27.38,80.44,19.87,27.81,0.83,37.8,50.74,3752.38,8.45,3050.9,9619,3.2,0.07,-0.1,794.5,340.7,-17.4,121.8,116.4,-5.3,-1.8,0.0,-15.0,264.3,0.57,-5.5,0.9412332267228904,28.95,38.99,0.5865286658718977,0.0731596828992072,5596.7,96.6,0.0793813041214246,64.6,-38.57133011716058,5532.1,7,-36,3146.428571428572,40.7162487117829,4741,4067,-4110,0.0128831630386494,0.0543510990665461,-1129.1,-2127,1414.747474747475,0.0519108618027976,0.0108573246756307,0.0127553413389584,71.06499847421422,53,0.4543882438905578,990,1.38,2.290678118195921,0.694796676869261,18.97
2020-01-01,9.930149177183733,0.2894522639406227,895,38,92,227,493,75,38,0,1,46,75,83,531,1264,650226,-3,1264,9854,79,566,131,1915,55,201,-74,184,0,29,3752,19,0,221,106,102.29,0.0,130.3,824.7,-5630.8,56.9,-1081.0,-149.8,0.0,-149.8,1019.1,1219.7,200.6,-172.0,460.5,1666.6,-27.1,0.0,0.0,-5309.0,0.0,27.48,-0.0322580645161291,3.16,9.97,438.88,115.88,178.75,1.48,0.22,94.01,4.66,23.01,26.32,26.92,72.12,36.72,465.76,0.83,35.83,48.38,3752.38,9.64,4108.0,9624,3.4,0.25,-0.1,794.5,333.8,-19.2,88.0,97.4,9.4,-1.8,0.0,-12.7,252.5,0.57,-5.5,0.9424496979153436,27.52,37.26,0.5834638069705093,0.072290502793296,5511.7,96.45,0.0212525477116916,64.7,-11.85056976994195,5447.0,7,-38,3162.814285714286,43.7091430106564,4881,4070,-3557,-0.0374414976599064,0.0213394373477073,-1483.1,-2058,1768.797953964194,0.0514808110463755,0.0106143791175597,0.0126476886440285,69.58499501495513,50,0.4608830169746634,1085,1.33,2.265442489213131,0.7114712993641981,15.64
2020-04-01,8.616535088640955,0.0893644537867721,814,42,23,232,669,83,41,0,1,46,75,84,487,1635,650226,-4,1385,9854,78,547,124,1920,71,327,-78,168,0,30,3752,1,0,253,162,81.98,0.0,18.5,133.1,-365.7,16.5,-16.6,-46.1,0.0,-46.1,1139.5,1284.4,144.8,-22.9,-310.4,-559.8,-7.4,0.0,0.0,-296.7,0.0,26.16,-0.1935483870967741,3.11,10.72,432.11,117.61,169.78,1.58,0.12,840.01,4.25,25.83,24.8,26.17,66.53,34.14,144.86,0.85,33.05,45.65,3752.38,9.05,1053.9,9924,3.7,0.07,-0.1,794.5,323.6,-17.9,81.3,77.0,-4.3,-1.8,0.0,1.1,176.1,0.57,-5.5,0.9561059634117366,25.2,34.88,0.5353036110550736,0.056019656019656,5050.8,96.55,-0.0801172892345237,45.6,43.16923076923077,5005.2,7,-42,3099.971428571429,41.27906976744186,4899,4006,-4033,-0.2102428180574555,-0.1008821533589686,-180.3,-2130,2021.186440677966,0.0498021879593247,0.0099174385795553,0.0121808000993196,70.78189300411523,50,0.3958307210031348,1082,1.26,2.219998329267984,0.8551286190937466,17.84
2020-07-01,7.357422248472397,-0.1295326807600424,787,47,4,241,673,94,46,0,1,47,77,87,462,1687,650226,9,1527,9854,77,603,111,1932,80,380,-87,181,0,29,3752,1,0,265,141,85.03,0.0,41.7,500.4,-689.6,18.4,-551.9,-90.7,0.0,-90.7,1151.3,844.8,-306.5,-49.3,-236.0,-1972.9,-15.8,0.0,0.0,-549.7,0.0,28.69,-0.0999999999999998,3.13,12.59,427.32,117.04,166.01,1.6,0.51,1086.16,3.77,25.24,25.01,25.67,79.06,29.07,-457.58,0.86,31.16,42.46,3752.38,8.23,2337.6,9948,4.6,0.16,-0.1,794.5,340.8,-17.9,88.9,121.9,33.0,-1.8,-0.1,-5.4,180.3,0.57,-5.5,0.9599770344853132,23.62,32.23,0.5417001607717041,0.0454891994917407,5399.4,96.85,-0.0254846045554634,35.8,9.299689975887013,5363.6,7,-47,3079.8,40.21495399365963,5201,4081,-5200,-0.1203638908327502,-0.059968437664387,-391.6,-2255,1202.788461538462,0.0487832751653241,0.0094653437229075,0.0118337634365738,71.31906915186941,51,0.3842442356959863,1071,1.21,2.206252055555082,0.7870232788509163,20.67
2020-10-01,10.65938023516359,0.100807919027855,876,46,41,253,1263,101,55,0,1,47,86,92,465,699,650226,-12,4477,9854,75,625,100,1941,85,481,-81,198,0,53,3752,1,0,335,171,97.99,0.0,66.3,851.7,-1385.5,36.6,-588.9,-134.2,0.0,-134.2,1158.0,966.5,-191.5,-95.4,857.6,-2607.5,-29.3,0.0,0.0,-1155.9,0.0,29.06,0.0333333333333334,3.45,15.75,428.09,106.17,386.47,1.43,0.51,908.73,3.52,25.36,27.83,26.02,88.06,23.24,118.18,0.85,32.24,50.81,3752.38,9.75,3764.9,6094,5.7,0.08,-0.1,794.5,401.8,-17.2,85.2,84.0,-1.2,-1.8,0.0,2.4,174.0,0.57,-5.5,0.9600126442231706,24.23,38.3,0.7008464328899638,0.0613013698630137,5694.3,96.62,0.017438847892508,53.7,19.67622667588114,5640.6,7,-46,3093.742857142857,77.55567725447243,8497,4166,-7157,0.0343859649122806,0.08225046408682,-506.4,-2342,2269.161676646707,0.0482897177922865,0.009407890042456,0.0119126618859038,56.32036189790778,51,0.3725173361245585,1077,1.24,2.558824922617192,0.6717111937774772,22.85
2021-01-01,11.66174432545724,0.1743775564069223,1075,52,13,246,854,118,66,0,1,48,127,92,463,1677,650226,4,1818,9854,90,713,202,1935,102,640,-76,206,0,29,3699,23,0,292,113,159.38,0.0,85.4,1224.9,-4396.5,23.3,-889.8,-180.0,-2155.5,-180.0,1164.8,923.9,-240.9,-599.2,-43.1,-667.3,-48.0,0.0,0.0,-1461.7,0.0,29.29,0.1333333333333335,3.11,10.33,483.41,117.85,166.64,1.38,0.5,785.81,3.17,25.9,28.66,26.65,92.39,35.43,-49.1,0.76,34.78,50.93,3703.29,8.95,4799.5,10101,7.4,0.21,-0.1,794.5,445.1,-17.4,81.9,117.1,35.3,-1.8,0.0,-6.0,185.0,0.57,-5.5,0.9587462049177592,25.88,38.03,0.581231939163498,0.057953488372093,5994.6,96.52,0.0876136219315275,62.3,35.78865671641791,5932.3,7,-52,3162.728571428572,51.28617363344051,6061,4304,-4076,0.1419052764271567,0.1735106998264893,-1108.6,-2399,1628.084252758275,0.0482672464701772,0.0095267560133781,0.012150168116035,66.09989373007438,51,0.4423406139315231,1066,1.3,2.579587258560326,0.6240672374518892,24.61
2021-04-01,13.02493748767747,0.5116212437697896,1077,57,18,248,978,119,62,0,1,47,127,90,529,1577,650226,2,1912,9854,84,616,178,1946,104,597,-78,188,0,110,3699,1,0,333,107,74.05,0.0,19.8,217.7,-819.9,17.0,-456.7,-42.4,-2155.5,-42.4,930.0,909.5,-20.5,-25.0,93.8,-470.2,-7.5,0.0,0.0,-752.5,0.0,27.89,0.3200000000000001,3.17,10.77,467.78,115.5,347.89,1.2,0.57,567.2,3.11,25.75,26.78,27.1,86.48,33.98,-20.48,0.78,35.34,51.29,3699.05,9.0,1252.6,10019,6.9,0.09,-0.1,794.5,424.7,-18.2,85.2,96.8,11.7,-1.8,0.0,-0.9,190.0,0.57,-5.5,0.9634633496801012,26.3,38.32,0.6128766985909843,0.032497678737233,6158.2,97.06,0.2192523956600934,35.0,-61.70541082164328,6123.2,7,-57,3320.928571428571,51.06505944517834,6185,4256,-4494,0.3225073075673919,0.3179035639412997,-406.4,-2434,1996.95044472681,0.049607306000292,0.0099670128686245,0.0127073063038329,66.19664425862163,50,0.4386494764584372,1098,1.3,2.685291414617867,0.6487303012982771,24.48
2021-07-01,12.20749490300946,0.6592081425724985,1103,64,21,240,929,130,65,0,2,47,129,90,564,1517,650226,9,1882,9854,79,632,172,1952,99,398,-77,185,0,28,3699,2,0,289,112,96.67,0.0,39.0,680.3,-1238.2,0.9,-660.0,-90.3,-2155.5,-90.3,928.0,702.9,-225.0,-46.8,224.1,-1428.6,-18.9,0.0,0.0,-1101.2,0.0,27.99,0.2962962962962961,3.29,13.2,456.14,111.08,371.68,0.93,0.65,894.19,2.72,25.57,27.67,27.73,90.91,27.74,-204.14,0.8,35.8,51.03,3699.05,8.41,2440.9,10154,7.8,0.09,-0.1,794.5,447.7,-17.8,87.8,148.8,61.0,-1.8,1.2,-0.3,188.5,0.57,-5.5,0.965673646779929,26.62,38.08,0.6283454382648492,0.0261106074342701,6327.5,97.16,0.1718894692002817,28.8,-16.99113856068744,6298.8,7,-64,3453.514285714286,46.73397582989139,6110,4298,-5388,0.2920644391408114,0.2945878967143656,-956.8,-2495,1236.18320610687,0.0505165110705978,0.0103836562109078,0.0132320429479632,68.15054211843203,50,0.4251209352324644,1107,1.29,2.765682487392672,0.609606383794982,26.71
2021-10-01,12.63460571449003,0.1853039703762971,982,80,10,234,966,236,156,0,3,47,118,93,549,1093,650226,17,1950,9854,65,636,240,1930,100,375,-77,177,0,29,3699,3,0,265,90,121.47,0.0,62.2,1097.7,-1656.1,-8.2,-1468.8,-141.3,-2155.5,-141.3,923.7,807.1,-116.6,-70.0,738.9,-2126.9,-58.9,0.0,0.0,-1444.8,0.0,27.48,0.129032258064516,3.71,10.39,431.63,98.53,377.28,0.96,0.65,969.59,2.66,25.66,26.98,27.51,95.6,35.22,106.38,0.85,34.79,54.89,3699.05,7.64,3674.6,9824,16.4,0.09,-0.1,794.5,451.8,-17.1,86.1,154.4,68.3,-1.8,0.0,-10.8,218.5,0.57,-5.5,0.9576685518108112,25.85,40.94,0.8082673702726474,0.0587576374745417,6524.7,96.67,0.1458300405668826,57.7,-10.527105517909,6467.0,7,-80,3572.142857142857,44.57105998709955,6219,4340,-6676,0.1057496607869743,0.0775827945639267,-1460.6,-2561,1189.65768390386,0.0511716999318529,0.0104226141872796,0.0131947471497946,69.17013682331945,50,0.4121730890713834,1072,1.26,2.495430793383827,0.6070446210268949,25.63
2022-01-01,15.06841563166739,0.2921236490130799,1060,94,17,235,1596,240,145,0,2,46,192,93,473,959,650226,-3,2614,9854,62,745,222,1883,89,397,-61,174,0,30,3659,30,0,288,64,105.33,0.0,93.7,1542.1,-4508.6,21.3,-2141.0,-190.2,-2416.7,-190.2,920.8,1676.6,755.9,-113.7,1018.5,281.7,-66.7,0.0,0.0,-1787.9,0.0,27.37,0.0588235294117645,3.52,12.44,504.7,103.95,123.31,1.15,0.59,1007.25,2.82,25.48,26.42,26.95,101.02,29.42,863.88,0.73,37.97,58.42,3698.17,8.7,4961.4,9083,16.4,0.29,-0.1,794.5,452.8,-16.6,98.4,124.6,26.2,-1.8,0.0,-11.7,196.7,0.57,-5.5,0.9656166847527166,28.24,43.66,0.6779295246038365,0.0326415094339622,6727.1,97.08,0.1221933073099122,34.6,-11.58247245179063,6692.5,7,-94,3676.785714285714,58.75340599455041,6900,4374,-5235,0.0407664406245071,0.0345613602759979,-1913.9,-2573,1554.907407407407,0.0502636014091908,0.0100561219103054,0.0127086567207612,62.99077451190732,49,0.4724087078651686,1030,1.41,2.642590143967156,0.5999848965413079,25.04
2022-04-01,15.98358507363805,0.2271525363372888,1286,100,64,219,1086,226,126,0,3,45,179,83,461,1304,650226,0,1992,9854,58,680,209,1805,87,283,-64,156,0,134,3659,22,0,251,5,105.33,0.0,24.7,279.5,-1662.4,6.0,-7.0,-48.6,-2416.7,-48.6,1617.9,722.3,-895.6,-570.8,-290.2,-472.5,-2.6,0.0,0.0,-1043.0,0.0,27.37,0.0909090909090908,3.52,12.44,504.7,103.95,123.31,1.15,0.59,1007.25,2.82,25.48,26.42,26.95,101.02,29.42,863.88,0.73,37.97,58.42,3698.17,8.7,1233.3,9680,15.5,0.0,-0.1,794.5,422.0,-15.8,91.5,99.4,7.9,-1.8,0.0,-7.8,217.1,0.57,-5.5,0.964127397480725,28.24,43.66,0.6609574090055332,0.021850699844479,6835.3,97.08,0.1099509596960151,28.1,-22.3375816993464,6807.2,7,-100,3773.514285714286,56.40484976278334,6420,4127,-4263,0.0052390307793059,0.004581318401629,-413.4,-2544,1888.516746411483,0.0492034123293526,0.009629809239325,0.0121584559477315,63.93663633299629,46,0.5006445469860105,981,1.41,2.734064016130707,0.6442066001783833,25.04
